seller_id,order_id,order_purchase_timestamp,gmv,purchase_number,previous_sale
01266d4c46afa519678d16a8b683d325,6826d5740591909e368433e2a5ec75fb,2018-08-02 16:07:38,9.88,1,
01266d4c46afa519678d16a8b683d325,ed76528f7ed5ae1f2a0dd070a7426d44,2018-08-19 22:53:16,56.97,2,2018-08-02 16:07:38
01266d4c46afa519678d16a8b683d325,d3582fd5ccccd9cb229a63dfb417c86f,2018-08-20 19:14:26,23.4,3,2018-08-19 22:53:16
01fd077212124329bac32490e8ef80d9,af9c76f5f4f218b688c4e235dc38723d,2018-04-16 10:44:09,17.0,1,
01fd077212124329bac32490e8ef80d9,afd1ca4a245a9a04d0f8d5dc1ccb7ed3,2018-04-17 13:32:54,39.0,2,2018-04-16 10:44:09
01fd077212124329bac32490e8ef80d9,7922fc267fee367d631d58c09d8bdfdf,2018-04-17 16:46:32,39.0,3,2018-04-17 13:32:54
01fd077212124329bac32490e8ef80d9,6a03d0d3197b58dac687046338e114db,2018-04-26 14:53:19,17.0,4,2018-04-17 16:46:32
01fd077212124329bac32490e8ef80d9,5b6793d19c0a49b1815f5a74f8c5a370,2018-04-28 14:00:24,39.0,5,2018-04-26 14:53:19
01fd077212124329bac32490e8ef80d9,9daeefebc1067e23b8722753332f9fce,2018-04-29 13:10:41,35.0,6,2018-04-28 14:00:24
01fd077212124329bac32490e8ef80d9,f50852b20857fd7ff56126315745e45a,2018-04-29 17:40:51,12.0,7,2018-04-29 13:10:41
01fd077212124329bac32490e8ef80d9,26ef358c39e6d1537243a3ede175c8c0,2018-05-09 11:07:14,102.0,8,2018-04-29 17:40:51
01fd077212124329bac32490e8ef80d9,ce9924e409dde4b753e2893f0835ba62,2018-05-12 16:00:00,69.0,9,2018-05-09 11:07:14
01fd077212124329bac32490e8ef80d9,6150df8ab9ea72d5c3eff1c320ae43a8,2018-05-14 10:26:57,21.0,10,2018-05-12 16:00:00
01fd077212124329bac32490e8ef80d9,af912be10bef7ce49f288385afc1717b,2018-05-17 14:31:50,13.0,11,2018-05-14 10:26:57
01fd077212124329bac32490e8ef80d9,9c5921e983142d2f7a3416864c6e64bf,2018-06-19 10:33:38,17.0,12,2018-05-17 14:31:50
01fd077212124329bac32490e8ef80d9,8f078af5f7dd54fad5abd423dfb4aad2,2018-06-22 17:57:25,17.0,13,2018-06-19 10:33:38
01fd077212124329bac32490e8ef80d9,f7f0c94ab5756ff0b74073d9d0187f37,2018-06-29 18:32:40,35.0,14,2018-06-22 17:57:25
01fd077212124329bac32490e8ef80d9,56703a55199f4784c80fe5e5de71c532,2018-07-15 00:25:32,38.0,15,2018-06-29 18:32:40
01fd077212124329bac32490e8ef80d9,1d27a36f2b45a61e1fe2523a056c3561,2018-07-18 13:48:12,38.0,16,2018-07-15 00:25:32
01fd077212124329bac32490e8ef80d9,ff130512369110d4190cde918edc039f,2018-07-18 16:48:23,38.0,17,2018-07-18 13:48:12
01fd077212124329bac32490e8ef80d9,0c89556cf6859f7e4b104f2883aa1b97,2018-07-21 10:03:39,76.0,18,2018-07-18 16:48:23
01fd077212124329bac32490e8ef80d9,e1dd3bcc1f22b4213a185eec19606daf,2018-07-21 14:03:24,38.0,19,2018-07-21 10:03:39
01fd077212124329bac32490e8ef80d9,b9ce9285aa642df4742b9839964076c6,2018-07-23 17:18:44,38.0,20,2018-07-21 14:03:24
01fd077212124329bac32490e8ef80d9,fe3b7d7e6df783d622ae530f841bc87e,2018-08-04 11:57:45,38.0,21,2018-07-23 17:18:44
01fd077212124329bac32490e8ef80d9,c9df12344ba358f97f2ee696709f2415,2018-08-06 22:54:52,38.0,22,2018-08-04 11:57:45
01fd077212124329bac32490e8ef80d9,1cc625f985bb32e5e4d51ebd1914c21e,2018-08-07 10:00:25,13.0,23,2018-08-06 22:54:52
01fd077212124329bac32490e8ef80d9,ac4cac02127ebb55852c9b87cf67d58d,2018-08-10 09:18:07,44.0,24,2018-08-07 10:00:25
01fd077212124329bac32490e8ef80d9,cf8152b6a51ad306ad09a2d253c8133c,2018-08-18 19:48:43,38.0,25,2018-08-10 09:18:07
01fd077212124329bac32490e8ef80d9,b0e61103ba1dee7e3c3c31f68e62a3fb,2018-08-21 12:35:46,38.0,26,2018-08-18 19:48:43
01fd077212124329bac32490e8ef80d9,cc8068a058758e65bf66266523272c96,2018-08-21 14:33:37,114.0,27,2018-08-21 12:35:46
01fd077212124329bac32490e8ef80d9,80857379baf9c428499c9de7712d6503,2018-08-21 15:39:10,33.0,28,2018-08-21 14:33:37
01fd077212124329bac32490e8ef80d9,434ecca6e51ec65c7ed71199313ac9e1,2018-08-22 10:06:11,38.0,29,2018-08-21 15:39:10
01fd077212124329bac32490e8ef80d9,5e754503796f05f2ad0541feb16a6a85,2018-08-22 20:38:49,38.0,30,2018-08-22 10:06:11
01fd077212124329bac32490e8ef80d9,b2947cf9a8d3084369dfcbe9663dd545,2018-08-24 17:52:59,38.0,31,2018-08-22 20:38:49
02f623a8eb246f3c5f7c2f96462654e6,96404c3575d9bea57012b0210139a1d6,2018-04-25 15:13:02,129.0,1,
02f623a8eb246f3c5f7c2f96462654e6,a695f02d76cd2c620a5221e0b21937ab,2018-04-29 12:17:40,159.0,2,2018-04-25 15:13:02
02f623a8eb246f3c5f7c2f96462654e6,445cd7658594f062d61dc8a61d87e602,2018-05-09 09:10:34,140.0,3,2018-04-29 12:17:40
02f623a8eb246f3c5f7c2f96462654e6,8efcf7a83f834c59c8d6d7d570d41485,2018-05-16 16:18:16,99.0,4,2018-05-09 09:10:34
02f623a8eb246f3c5f7c2f96462654e6,1004990414423766bb44a7f633bc0d31,2018-05-18 11:55:08,99.0,5,2018-05-16 16:18:16
02f623a8eb246f3c5f7c2f96462654e6,6613fb221c62895c22ca8a2958d32156,2018-05-31 22:01:02,219.0,6,2018-05-18 11:55:08
02f623a8eb246f3c5f7c2f96462654e6,470eed9d88c44139c5ebdef340974c3c,2018-06-13 21:42:24,99.0,7,2018-05-31 22:01:02
02f623a8eb246f3c5f7c2f96462654e6,9f10d04a296cb19c784bb4e4ff20d83e,2018-06-14 12:06:57,140.0,8,2018-06-13 21:42:24
02f623a8eb246f3c5f7c2f96462654e6,69a67f0ee0c09223e7bbd96233f1d322,2018-06-17 16:09:40,109.0,9,2018-06-14 12:06:57
02f623a8eb246f3c5f7c2f96462654e6,c7100b00bb5041fcbb2d386392c7d2ac,2018-06-24 19:48:13,129.0,10,2018-06-17 16:09:40
02f623a8eb246f3c5f7c2f96462654e6,b28aca0743b172fdbd3cde1f703e4067,2018-06-25 21:23:04,109.0,11,2018-06-24 19:48:13
02f623a8eb246f3c5f7c2f96462654e6,ac0453dee118265767bf9c26966ccbde,2018-06-25 21:56:11,140.0,12,2018-06-25 21:23:04
02f623a8eb246f3c5f7c2f96462654e6,0d5cbb8e4c1c7a7fc26899126197a6b9,2018-06-27 11:57:05,140.0,13,2018-06-25 21:56:11
02f623a8eb246f3c5f7c2f96462654e6,0b5143acf46cd4dd573604b449451bcc,2018-06-29 09:19:59,129.0,14,2018-06-27 11:57:05
02f623a8eb246f3c5f7c2f96462654e6,31f8ec47a5ed8e8e24f730ccbb66baa4,2018-06-30 12:46:42,179.0,15,2018-06-29 09:19:59
02f623a8eb246f3c5f7c2f96462654e6,d232a4685c8ddfc98307d91978aebfa5,2018-07-02 16:14:19,109.0,16,2018-06-30 12:46:42
02f623a8eb246f3c5f7c2f96462654e6,0668d086b3ae41adde3aed3dacbc8fae,2018-07-03 17:39:14,209.0,17,2018-07-02 16:14:19
02f623a8eb246f3c5f7c2f96462654e6,35df0cf1d7650c5c0ad88837c4dfde89,2018-07-04 11:02:43,109.0,18,2018-07-03 17:39:14
02f623a8eb246f3c5f7c2f96462654e6,6439653c88076433f580f0ea995949ba,2018-07-05 07:31:20,109.0,19,2018-07-04 11:02:43
02f623a8eb246f3c5f7c2f96462654e6,bd116e3c15911b8f09db896e682cb30c,2018-07-11 18:56:23,140.0,20,2018-07-05 07:31:20
02f623a8eb246f3c5f7c2f96462654e6,9667c332775e4590e952d1ed2b4b5983,2018-07-16 16:07:42,140.0,21,2018-07-11 18:56:23
02f623a8eb246f3c5f7c2f96462654e6,8cb9dee4f1dcfd13f7dbe690e29570cc,2018-07-19 18:05:03,139.0,22,2018-07-16 16:07:42
02f623a8eb246f3c5f7c2f96462654e6,264838181624ad76b573c373a9862598,2018-07-21 08:53:38,219.0,23,2018-07-19 18:05:03
02f623a8eb246f3c5f7c2f96462654e6,9f614c4a6839e4c60280aa7c70913658,2018-07-24 12:16:29,140.0,24,2018-07-21 08:53:38
02f623a8eb246f3c5f7c2f96462654e6,d27c2efd9421cde0945261467fb1a025,2018-07-24 15:35:42,89.0,25,2018-07-24 12:16:29
02f623a8eb246f3c5f7c2f96462654e6,402c61cbd327813b4797dfcfaa08889f,2018-07-25 12:01:29,179.0,26,2018-07-24 15:35:42
02f623a8eb246f3c5f7c2f96462654e6,8d97dfb850543060acf6f461bf37533b,2018-07-26 15:22:27,139.0,27,2018-07-25 12:01:29
02f623a8eb246f3c5f7c2f96462654e6,14b1311682489866d9a6b5c6dbc0372f,2018-07-26 17:18:19,140.0,28,2018-07-26 15:22:27
02f623a8eb246f3c5f7c2f96462654e6,31c4a715904421d812d0301cbebaed46,2018-07-26 17:36:06,209.0,29,2018-07-26 17:18:19
02f623a8eb246f3c5f7c2f96462654e6,6282b84d6c369e1b6058285f860f4da4,2018-07-28 09:22:31,109.0,30,2018-07-26 17:36:06
02f623a8eb246f3c5f7c2f96462654e6,38b1a471932ac62050bd8c14492af2a3,2018-08-06 21:00:17,109.0,31,2018-07-28 09:22:31
02f623a8eb246f3c5f7c2f96462654e6,2421e957dc390d2f987c986a1683a757,2018-08-09 11:51:05,109.0,32,2018-08-06 21:00:17
02f623a8eb246f3c5f7c2f96462654e6,a9a6fd3ca2e803548ec0685c9261a4e2,2018-08-11 11:31:31,109.0,33,2018-08-09 11:51:05
02f623a8eb246f3c5f7c2f96462654e6,710bbdae402cc011c47087b64a5f9c1a,2018-08-11 13:34:11,140.0,34,2018-08-11 11:31:31
02f623a8eb246f3c5f7c2f96462654e6,d61e579dc82353a7160f9fc870376460,2018-08-12 20:30:51,219.0,35,2018-08-11 13:34:11
02f623a8eb246f3c5f7c2f96462654e6,fad470f7841d90564d1d57919dc69bda,2018-08-14 12:13:04,140.0,36,2018-08-12 20:30:51
02f623a8eb246f3c5f7c2f96462654e6,34688497162fbb53b24e10738f912fa4,2018-08-14 21:28:20,139.0,37,2018-08-14 12:13:04
02f623a8eb246f3c5f7c2f96462654e6,5187083897017a7ef1f9992070d898ba,2018-08-15 22:18:51,140.0,38,2018-08-14 21:28:20
02f623a8eb246f3c5f7c2f96462654e6,7a3d9b3ab1e5b13b14eb818050343b5b,2018-08-16 10:24:31,140.0,39,2018-08-15 22:18:51
02f623a8eb246f3c5f7c2f96462654e6,e223ccde32fd470414931d963b07c4f8,2018-08-16 21:42:49,129.0,40,2018-08-16 10:24:31
02f623a8eb246f3c5f7c2f96462654e6,aa6e3cc7cf13ef1dc599d1243daee6f6,2018-08-18 23:54:05,129.0,41,2018-08-16 21:42:49
02f623a8eb246f3c5f7c2f96462654e6,2bf9fdd42a3609f2c440bec186b10ff7,2018-08-21 14:30:46,459.0,42,2018-08-18 23:54:05
02f623a8eb246f3c5f7c2f96462654e6,22b31554c7c727c7d79ebd604c08bab0,2018-08-21 22:39:31,129.0,43,2018-08-21 14:30:46
02f623a8eb246f3c5f7c2f96462654e6,b54d41998c16a54f3d93eda0940d1cb8,2018-08-22 23:52:12,89.0,44,2018-08-21 22:39:31
03a2a6dcbe45d639c4dc2a0d24769c40,37c3eefe09fbbf5fd314de9cbc9e07a4,2018-03-13 08:11:07,178.44,1,
03a2a6dcbe45d639c4dc2a0d24769c40,5eee483d18d84faaef4bea7e8b4579df,2018-03-15 15:21:30,148.44,2,2018-03-13 08:11:07
03a2a6dcbe45d639c4dc2a0d24769c40,c2ecd821e4f51acb1f2ff30fd6dea0fa,2018-03-18 15:25:19,98.99,3,2018-03-15 15:21:30
03a2a6dcbe45d639c4dc2a0d24769c40,16a182d2e328e5f0b3252d367e17bc14,2018-04-24 20:19:16,149.9,4,2018-03-18 15:25:19
03a2a6dcbe45d639c4dc2a0d24769c40,3e6e1b157030813612778573761473cd,2018-06-08 23:41:43,49.9,5,2018-04-24 20:19:16
03a2a6dcbe45d639c4dc2a0d24769c40,a69bb719ee2c8b4a25bf1a1a5f3ae686,2018-06-13 09:46:14,99.9,6,2018-06-08 23:41:43
03a2a6dcbe45d639c4dc2a0d24769c40,74c13e4838eb5d8953b62b5f5feaf826,2018-06-17 21:35:34,52.9,7,2018-06-13 09:46:14
03a2a6dcbe45d639c4dc2a0d24769c40,93f1a4071d3c96b7aa72f3fa4d5be36b,2018-08-09 12:06:24,159.95,8,2018-06-17 21:35:34
03a2a6dcbe45d639c4dc2a0d24769c40,4cb385f74038f0750930b7baa3aaa3fc,2018-08-15 18:21:14,139.99,9,2018-08-09 12:06:24
044668ccd5316b12a7cf0d54a156e3e9,f74730419f6f2508e020bfb728606058,2018-08-08 17:54:25,67.14,1,
044668ccd5316b12a7cf0d54a156e3e9,cb59450fc63a9e7303fb29fbd71748a0,2018-08-13 13:14:08,35.33,2,2018-08-08 17:54:25
044668ccd5316b12a7cf0d54a156e3e9,c583b6157fc73464387efe2ff82ee1a4,2018-08-20 21:07:24,35.33,3,2018-08-13 13:14:08
04843805947f0fc584fc1969b6e50fe7,43da1954a3ab906e70d25dff8fd0a3a0,2018-08-05 14:55:14,1400.0,1,
05a48cc8859962767935ab9087417fbb,63b307ab04c077f83a3daf81ec78cf95,2018-08-02 12:05:38,42.9,1,
05e107217c7266362fd44b75b2cd4cc4,75b60fe8ae4a01ed4c3152a11651218c,2018-06-29 23:02:10,25.98,1,
05e107217c7266362fd44b75b2cd4cc4,eda6f38dade9e617edc1883e14094491,2018-08-03 05:49:59,94.9,2,2018-06-29 23:02:10
05e107217c7266362fd44b75b2cd4cc4,d3920d21fca6f163bb21d3fbf37270a7,2018-08-07 18:37:44,29.8,3,2018-08-03 05:49:59
05e107217c7266362fd44b75b2cd4cc4,10ee8dae1859d2e91a79ad35006d3412,2018-08-07 20:06:47,12.9,4,2018-08-07 18:37:44
05e107217c7266362fd44b75b2cd4cc4,57313d913bef6f44066214ef78d4ca65,2018-08-21 05:26:43,29.8,5,2018-08-07 20:06:47
07de60b03d150fb3ea09eab5da5e4c8b,6460cc80249f46f8289b2a8d55d61dbd,2018-01-31 23:06:27,89.9,1,
07de60b03d150fb3ea09eab5da5e4c8b,c77e3aa4caf8e752789d9b7ce1caf352,2018-02-09 09:48:39,89.9,2,2018-01-31 23:06:27
07de60b03d150fb3ea09eab5da5e4c8b,0f76c26d0a331ffc4c0c5fd114cc3623,2018-05-15 23:53:45,89.9,3,2018-02-09 09:48:39
07de60b03d150fb3ea09eab5da5e4c8b,f526502583165bcf37f59cb5092ba1e7,2018-05-27 15:04:55,71.9,4,2018-05-15 23:53:45
07de60b03d150fb3ea09eab5da5e4c8b,0c4284c2b4798ef2f308a6748fa63dc3,2018-06-11 21:53:36,71.9,5,2018-05-27 15:04:55
07de60b03d150fb3ea09eab5da5e4c8b,b2b7d1ff3ff7568a1cfe9035e488c643,2018-06-13 15:14:46,71.9,6,2018-06-11 21:53:36
07de60b03d150fb3ea09eab5da5e4c8b,9f05fdb62980c2ae6d8ad1e15bf7ee3f,2018-06-16 15:51:05,71.9,7,2018-06-13 15:14:46
07de60b03d150fb3ea09eab5da5e4c8b,f86f46ee31cc78320b5970d106ed26cc,2018-06-24 19:21:07,71.9,8,2018-06-16 15:51:05
07de60b03d150fb3ea09eab5da5e4c8b,28100e608903eb27aa01604f626bd8c6,2018-08-18 20:44:06,89.9,9,2018-06-24 19:21:07
0873d9f8f36123f8d910f4760e788cfb,062bddc5be851fec2b59598cc33498cd,2018-05-07 20:22:07,1520.88,1,
0873d9f8f36123f8d910f4760e788cfb,61f46021dc3392729c54f0a596a63383,2018-06-05 22:10:39,1005.55,2,2018-05-07 20:22:07
0873d9f8f36123f8d910f4760e788cfb,db747e7d69671f32e8e4ea7fdc1266ed,2018-07-19 12:44:53,966.9,3,2018-06-05 22:10:39
0873d9f8f36123f8d910f4760e788cfb,ba30f1c00f0081224a0f5410ee56f335,2018-07-20 14:09:09,1502.93,4,2018-07-19 12:44:53
0873d9f8f36123f8d910f4760e788cfb,911655697632aa4dc54e0cd37cc360a0,2018-08-01 17:23:55,879.33,5,2018-07-20 14:09:09
0873d9f8f36123f8d910f4760e788cfb,1b0bc119ea5ac37e73e2275afc7904ee,2018-08-14 14:19:51,1390.0,6,2018-08-01 17:23:55
08d1c9478fb0d7d7fcac9c0da4e82fc7,dc072ac65fce2a16ef5cc9473e91dfa8,2018-06-12 08:29:53,538.0,1,
094ced053e257ae8cae57205592d6712,aa12a07df2b43bc0d2e8ebebd7271879,2018-04-04 20:43:55,45.9,1,
094ced053e257ae8cae57205592d6712,fd4c1cc6d742f00dee7633f6a72cbe60,2018-04-06 08:25:45,169.9,2,2018-04-04 20:43:55
094ced053e257ae8cae57205592d6712,70373e9075b8d9c1c57bebf62ba3b59d,2018-04-06 09:53:26,58.9,3,2018-04-06 08:25:45
094ced053e257ae8cae57205592d6712,8283cb8792b84009b158a085333ee8b3,2018-04-20 08:18:07,45.9,4,2018-04-06 09:53:26
094ced053e257ae8cae57205592d6712,abdc66adfb59c21caa145e7791e59a25,2018-04-23 20:37:00,189.9,5,2018-04-20 08:18:07
094ced053e257ae8cae57205592d6712,34fc07c730847e0b63265acd9b7be198,2018-05-02 19:26:50,135.9,6,2018-04-23 20:37:00
094ced053e257ae8cae57205592d6712,39aef66a5df5a9506807af923c52b62b,2018-05-08 17:26:45,157.9,7,2018-05-02 19:26:50
094ced053e257ae8cae57205592d6712,252542bdcaff281720c6460e5868ce06,2018-05-15 15:00:23,18.9,8,2018-05-08 17:26:45
094ced053e257ae8cae57205592d6712,91fcd0f8ef7c38a54003f5f4a236dd0c,2018-05-15 21:04:28,45.9,9,2018-05-15 15:00:23
094ced053e257ae8cae57205592d6712,41fedc1ca61cebf54158efdc449d93be,2018-05-16 07:08:49,135.9,10,2018-05-15 21:04:28
094ced053e257ae8cae57205592d6712,9b2a9d4d3efb4ad2318f65b28a776175,2018-05-21 17:01:26,199.9,11,2018-05-16 07:08:49
094ced053e257ae8cae57205592d6712,fc56d6734e3fc6fa34d7e752a49bf25b,2018-05-23 12:40:38,33.5,12,2018-05-21 17:01:26
094ced053e257ae8cae57205592d6712,563374a910b848445e9d0d50a0d65bc7,2018-06-06 12:17:10,26.9,13,2018-05-23 12:40:38
094ced053e257ae8cae57205592d6712,82566a660a982b15fb86e904c8d32918,2018-06-07 10:06:19,31.9,14,2018-06-06 12:17:10
094ced053e257ae8cae57205592d6712,ef2165ddd56495b711b9a61098a7e6f2,2018-06-08 13:22:42,45.9,15,2018-06-07 10:06:19
094ced053e257ae8cae57205592d6712,2b2354a7ca69d0b7f006aeab04524c12,2018-07-08 09:51:11,58.9,16,2018-06-08 13:22:42
094ced053e257ae8cae57205592d6712,e84f18bf4ee058607a5dfa5ac98e0317,2018-07-21 20:47:45,58.9,17,2018-07-08 09:51:11
094ced053e257ae8cae57205592d6712,1801ac1e33ecd0aaf015d7b7c0e70204,2018-07-29 08:05:14,44.9,18,2018-07-21 20:47:45
094ced053e257ae8cae57205592d6712,04b7f4eff7b30fc23df0be1f249113a5,2018-07-30 10:59:07,13.4,19,2018-07-29 08:05:14
09bad886111255c5b5030314fc7f1a4a,324213c21d2577b17bca52fb418cce03,2018-08-08 18:25:48,97.5,1,
09bad886111255c5b5030314fc7f1a4a,4ac6060d367c21fb5bf12144a6e8f8d2,2018-08-12 19:23:50,97.5,2,2018-08-08 18:25:48
09bad886111255c5b5030314fc7f1a4a,4908ec7da1a1ce47b9b5da8de4192f4c,2018-08-14 22:31:33,97.5,3,2018-08-12 19:23:50
09bad886111255c5b5030314fc7f1a4a,d90f70746b61ed0bb476ddaae181afd8,2018-08-25 01:54:44,97.5,4,2018-08-14 22:31:33
09bad886111255c5b5030314fc7f1a4a,9aa39389b428a90ff82b0c94fb0afc5a,2018-08-27 19:37:48,97.5,5,2018-08-25 01:54:44
0a85ebe4e328db81ac9109781205e2f7,07a95f982477a213f498dba6bd405372,2018-05-11 10:18:31,60.0,1,
0a85ebe4e328db81ac9109781205e2f7,9de375e01aa3f39d32001e75abd82b99,2018-07-02 22:03:07,59.0,2,2018-05-11 10:18:31
0a85ebe4e328db81ac9109781205e2f7,19b937e69325e082324396a05313613b,2018-07-17 22:31:11,60.0,3,2018-07-02 22:03:07
0a85ebe4e328db81ac9109781205e2f7,7904ad4690e52067be7de5f91f2ad3b3,2018-07-22 19:13:15,50.0,4,2018-07-17 22:31:11
0a85ebe4e328db81ac9109781205e2f7,2cef31063d49c0d832ca9bd13bbb727f,2018-07-31 19:30:23,40.0,5,2018-07-22 19:13:15
0a85ebe4e328db81ac9109781205e2f7,8556edd77123b5e04862b951269eabed,2018-08-03 17:21:48,79.9,6,2018-07-31 19:30:23
0a85ebe4e328db81ac9109781205e2f7,cf19b9eddcef18fed0071f773887b1e6,2018-08-03 20:58:38,40.0,7,2018-08-03 17:21:48
0a85ebe4e328db81ac9109781205e2f7,5ddee063fdf0f2a5c828b499fb857e85,2018-08-16 10:25:24,50.0,8,2018-08-03 20:58:38
0a85ebe4e328db81ac9109781205e2f7,2a81af36abe7c237e184b5f84e5b27bb,2018-08-17 12:05:12,70.0,9,2018-08-16 10:25:24
0a85ebe4e328db81ac9109781205e2f7,1e8d091c9694d77f712f6540b7b54186,2018-08-20 17:11:55,50.0,10,2018-08-17 12:05:12
0a85ebe4e328db81ac9109781205e2f7,4b73c0e7ff2959acc87faf89631f9943,2018-08-21 08:13:38,59.0,11,2018-08-20 17:11:55
0a85ebe4e328db81ac9109781205e2f7,8284b00d4745bed4c4823f738941718f,2018-08-24 15:40:41,50.0,12,2018-08-21 08:13:38
0b1ca3ef18a63d7eb0c8897fa0849c08,e3956b68479689ff22eaf1f931ddaa29,2018-04-12 00:10:10,55.0,1,
0cab2da43793a6f3c5ed8514c5f54627,f7f10d7a910905b34e6d773deb330f8a,2018-05-11 10:26:01,69.9,1,
0cab2da43793a6f3c5ed8514c5f54627,d9b690be37895a83c71501e629e0c2ec,2018-06-15 16:58:29,119.9,2,2018-05-11 10:26:01
0cab2da43793a6f3c5ed8514c5f54627,4eee637d6e745237adf560dec7ae412e,2018-07-27 10:30:54,119.9,3,2018-06-15 16:58:29
0ddefe3c7a032b91f4e25b9c3a08fca1,7e582bf07e775814ee561ea660528808,2018-04-12 15:09:11,15.9,1,
0ddefe3c7a032b91f4e25b9c3a08fca1,638a3000bf49c1eeb47e1d9df75d5e17,2018-04-12 21:25:16,31.8,2,2018-04-12 15:09:11
0ddefe3c7a032b91f4e25b9c3a08fca1,8c24ff4b5a28bb8f08034fca0e4e1263,2018-05-06 16:56:31,89.8,3,2018-04-12 21:25:16
0ddefe3c7a032b91f4e25b9c3a08fca1,05af503aea07ddc5530506f2c349756f,2018-05-30 20:50:08,19.9,4,2018-05-06 16:56:31
0ddefe3c7a032b91f4e25b9c3a08fca1,f6efef5d403a2c70636e3903f1ebd151,2018-06-18 19:57:43,36.9,5,2018-05-30 20:50:08
0ddefe3c7a032b91f4e25b9c3a08fca1,cce13fe134ba73a890b0d0b98c97e02a,2018-06-27 20:34:01,68.9,6,2018-06-18 19:57:43
0ddefe3c7a032b91f4e25b9c3a08fca1,99496f27b38d83724e8dea944a320b44,2018-07-23 10:26:53,39.9,7,2018-06-27 20:34:01
0ddefe3c7a032b91f4e25b9c3a08fca1,719fa622ffdccd736b29beb1b22712d6,2018-07-30 16:45:12,49.9,8,2018-07-23 10:26:53
0ddefe3c7a032b91f4e25b9c3a08fca1,d18585adacf5dc420841dfb67243a224,2018-08-24 12:41:33,49.9,9,2018-07-30 16:45:12
0e72c1a751b496722a6cb1f10653b62a,60323d5d6b118bf317d7bd5ac0dc9fae,2018-05-11 00:18:02,45.9,1,
0e72c1a751b496722a6cb1f10653b62a,42c9e271e2d5ac7698d3061451576d42,2018-06-13 07:25:32,25.0,2,2018-05-11 00:18:02
0e72c1a751b496722a6cb1f10653b62a,475c9b166482c7f26c38c7ae858d832a,2018-07-30 21:42:57,69.9,3,2018-06-13 07:25:32
11742f81550ac064cc9a40f67151d9ad,b75b4f6e7c5fe3fa05707992a88d9d38,2018-08-02 14:41:02,412.0,1,
11742f81550ac064cc9a40f67151d9ad,0739104e30e20de6c0956c0889a9b9dc,2018-08-17 19:00:16,369.9,2,2018-08-02 14:41:02
117cfc326c6d50da67ca858ff5c0c852,1ac04fcb479aaae425488d963ebd0847,2018-05-02 15:22:57,94.9,1,
117cfc326c6d50da67ca858ff5c0c852,96a35cb03c27e713024403b81eface30,2018-05-02 16:48:28,94.9,2,2018-05-02 15:22:57
117cfc326c6d50da67ca858ff5c0c852,acba89405234491dd6704dbf3fd8f653,2018-05-14 09:49:58,94.9,3,2018-05-02 16:48:28
117cfc326c6d50da67ca858ff5c0c852,835dcecf534791041554b984434d72a0,2018-05-15 00:50:35,94.9,4,2018-05-14 09:49:58
117cfc326c6d50da67ca858ff5c0c852,65d304f392228e0b497f19d67ac76d90,2018-05-19 16:47:00,75.0,5,2018-05-15 00:50:35
11fb6f6d341adbe19e81733701704635,d4b4050ad0885ce84603e34ee06201ca,2018-08-07 17:16:36,399.0,1,
11fb6f6d341adbe19e81733701704635,32980a0c990d84e3f2c3e9838a4abc1d,2018-08-08 11:22:50,399.0,2,2018-08-07 17:16:36
11fb6f6d341adbe19e81733701704635,9e9cfa056dcd246d1bfd47f58a771abf,2018-08-25 18:36:46,399.0,3,2018-08-08 11:22:50
120476eb7a04c149d14772edaf5d9bf2,70f3d00cfbc9cc2a465887a6edeb1149,2018-07-14 09:19:17,1280.0,1,
120476eb7a04c149d14772edaf5d9bf2,f958e896e19b3e92364e0c7b9637c144,2018-07-25 23:27:28,69.9,2,2018-07-14 09:19:17
120476eb7a04c149d14772edaf5d9bf2,a51878c7b567d6bb29abf33bbbd80c24,2018-07-26 12:57:37,879.0,3,2018-07-25 23:27:28
120476eb7a04c149d14772edaf5d9bf2,da9f86485be515d23d10033bdfe2f8ad,2018-08-10 11:56:30,139.9,4,2018-07-26 12:57:37
131fcb0a0c9a47bba4474aacff0f14b7,d58bd8dc62db2951199683fcb7dc2df6,2018-06-03 19:44:12,119.0,1,
131fcb0a0c9a47bba4474aacff0f14b7,5561adcb0fd46da4cad3048fa4e7fc00,2018-06-25 15:36:18,99.9,2,2018-06-03 19:44:12
131fcb0a0c9a47bba4474aacff0f14b7,69cc23e617dbfab387624fc10fac7167,2018-08-08 15:16:18,99.9,3,2018-06-25 15:36:18
131fcb0a0c9a47bba4474aacff0f14b7,443461fcb984bb8a76e4a9eae02a9898,2018-08-09 01:13:45,51.0,4,2018-08-08 15:16:18
134285d1f41da5c13a756ee8142c8a4e,05d885b852158b0280c4abe2cd5108b4,2018-06-10 13:27:42,997.8,1,
134285d1f41da5c13a756ee8142c8a4e,9583e5c37c1a090275e8af994d6b3231,2018-06-10 22:03:48,76.0,2,2018-06-10 13:27:42
134285d1f41da5c13a756ee8142c8a4e,631bf0797fc3480d6eae9757b0c816b4,2018-08-16 21:31:19,498.9,3,2018-06-10 22:03:48
13511db12ac61e2f89c53b72a944a60b,6ec804b7799bf7e38aeeb28d8f470877,2018-04-23 13:50:35,134.0,1,
13511db12ac61e2f89c53b72a944a60b,b865e2a136f1f12fb4fcc46a1188d1c8,2018-05-18 15:29:45,139.0,2,2018-04-23 13:50:35
13511db12ac61e2f89c53b72a944a60b,790a2b1cebf279ed28bf91f4fe91478c,2018-05-25 09:27:20,134.0,3,2018-05-18 15:29:45
13511db12ac61e2f89c53b72a944a60b,cd5ae8a80997eebd2b1f2cd4f24518d2,2018-06-22 18:46:11,129.0,4,2018-05-25 09:27:20
13511db12ac61e2f89c53b72a944a60b,e5238e84a4c88c17a350b92645006c61,2018-07-18 15:58:34,131.0,5,2018-06-22 18:46:11
13511db12ac61e2f89c53b72a944a60b,e2cdd25091607dcc893bb86f3ce52b26,2018-08-18 19:15:41,131.0,6,2018-07-18 15:58:34
138dbe45fc62f1e244378131a6801526,3594e05a005ac4d06a72673270ef9ec9,2018-05-07 11:11:27,18.9,1,
138dbe45fc62f1e244378131a6801526,6c2cca976997714885ca36d89144280f,2018-05-10 20:05:10,18.9,2,2018-05-07 11:11:27
138dbe45fc62f1e244378131a6801526,28e7148abde825a20fa617db02f92c99,2018-05-13 20:23:19,13.9,3,2018-05-10 20:05:10
138dbe45fc62f1e244378131a6801526,18fc9f8587ebe1c7f604cb74c9364dfa,2018-05-14 10:18:53,20.700000000000003,4,2018-05-13 20:23:19
138dbe45fc62f1e244378131a6801526,4503d7de448cb75c09c539a1f407c7eb,2018-05-14 12:07:43,18.9,5,2018-05-14 10:18:53
138dbe45fc62f1e244378131a6801526,3d8add25381cd597c33ad196fda3c36f,2018-05-16 11:56:35,6.9,6,2018-05-14 12:07:43
138dbe45fc62f1e244378131a6801526,f9cda286ca417062ff15bf5d63fbc70c,2018-05-21 17:25:11,5.9,7,2018-05-16 11:56:35
138dbe45fc62f1e244378131a6801526,6bbd90ca863235a9127bcc432f30af08,2018-05-22 13:46:56,5.9,8,2018-05-21 17:25:11
138dbe45fc62f1e244378131a6801526,8d522f62d3cf573581ad306fd7f5179d,2018-05-22 19:25:19,18.9,9,2018-05-22 13:46:56
138dbe45fc62f1e244378131a6801526,bf1f8df62b104db3de943cf23ed71435,2018-05-25 08:16:47,8.9,10,2018-05-22 19:25:19
138dbe45fc62f1e244378131a6801526,c8b785ff006155b23afd689ffdf7975e,2018-05-25 15:44:22,13.8,11,2018-05-25 08:16:47
138dbe45fc62f1e244378131a6801526,d053b132c9cab9591737e9754ccf21be,2018-05-25 18:43:19,18.9,12,2018-05-25 15:44:22
138dbe45fc62f1e244378131a6801526,468be8d69d6a7ae5dffc7d6c694370f0,2018-05-27 17:29:44,18.9,13,2018-05-25 18:43:19
138dbe45fc62f1e244378131a6801526,c9a8490e7b2c76d2f9b22369314a9391,2018-06-04 22:24:34,15.9,14,2018-05-27 17:29:44
138dbe45fc62f1e244378131a6801526,7a4caa019e7bb13e8a2c00696be65ec5,2018-06-06 22:58:31,6.9,15,2018-06-04 22:24:34
138dbe45fc62f1e244378131a6801526,f6ffb29c9fc11f94687426f77bfb45b4,2018-06-07 13:48:39,6.9,16,2018-06-06 22:58:31
138dbe45fc62f1e244378131a6801526,05147da86ae779803eaa2a5480010af9,2018-06-09 01:44:40,9.9,17,2018-06-07 13:48:39
138dbe45fc62f1e244378131a6801526,88c4fe503028fe735969053f5459584f,2018-06-11 13:21:32,76.9,18,2018-06-09 01:44:40
138dbe45fc62f1e244378131a6801526,e3618dffd8f8f787a12ad38ce9b342b3,2018-06-12 02:17:21,15.9,19,2018-06-11 13:21:32
138dbe45fc62f1e244378131a6801526,e138166b54ea9292f505d07a4999db88,2018-06-13 12:45:36,35.9,20,2018-06-12 02:17:21
138dbe45fc62f1e244378131a6801526,153a49ded28e0fe861f537fc2b881f93,2018-06-13 14:34:17,15.9,21,2018-06-13 12:45:36
138dbe45fc62f1e244378131a6801526,51491c23fabcfdfc4950c9073911b993,2018-06-15 20:41:53,17.9,22,2018-06-13 14:34:17
138dbe45fc62f1e244378131a6801526,784df479a4539ae049540a6578cbb39c,2018-06-19 16:43:38,12.9,23,2018-06-15 20:41:53
138dbe45fc62f1e244378131a6801526,d1c064261a09ddbda89abe658558d56f,2018-06-26 10:22:59,24.9,24,2018-06-19 16:43:38
138dbe45fc62f1e244378131a6801526,59c51bdf0c3270d962625e5ebbe22fb1,2018-06-29 05:26:29,19.9,25,2018-06-26 10:22:59
138dbe45fc62f1e244378131a6801526,a7dff9f82589bed9661867f1d3e5673e,2018-07-04 14:49:16,15.9,26,2018-06-29 05:26:29
138dbe45fc62f1e244378131a6801526,45c6469f0136458ebcb1ae34e7a4c3b9,2018-07-04 21:30:21,39.9,27,2018-07-04 14:49:16
138dbe45fc62f1e244378131a6801526,e664de6693c1c46a03c7a561518546a6,2018-07-06 19:06:28,35.8,28,2018-07-04 21:30:21
138dbe45fc62f1e244378131a6801526,dc448b07dcf70d4f397500af86b4601f,2018-07-08 11:53:13,12.9,29,2018-07-06 19:06:28
138dbe45fc62f1e244378131a6801526,622db91c93396e938ca004d8303dba6c,2018-07-08 16:16:48,12.9,30,2018-07-08 11:53:13
138dbe45fc62f1e244378131a6801526,ff92e046b12e7380a5a54db4e3fdf615,2018-07-10 12:09:23,12.9,31,2018-07-08 16:16:48
138dbe45fc62f1e244378131a6801526,068d6b1cc2388cb0c5dcff8815760818,2018-07-16 13:14:48,15.9,32,2018-07-10 12:09:23
138dbe45fc62f1e244378131a6801526,4ff9ab070e81af8af428c889cc08b06d,2018-07-20 21:22:26,39.9,33,2018-07-16 13:14:48
138dbe45fc62f1e244378131a6801526,9e9e4d3f5d27fab18087abf851da026c,2018-07-21 12:07:28,15.9,34,2018-07-20 21:22:26
138dbe45fc62f1e244378131a6801526,19c4f810dca09d438da021fd6d52839f,2018-07-21 15:26:59,32.9,35,2018-07-21 12:07:28
138dbe45fc62f1e244378131a6801526,f23026c2bb8bf3bb814eb4454f169f51,2018-07-27 10:21:52,21.96,36,2018-07-21 15:26:59
138dbe45fc62f1e244378131a6801526,3a635b5f9d8d66a95086d273fdf4b9af,2018-07-28 13:12:26,43.9,37,2018-07-27 10:21:52
138dbe45fc62f1e244378131a6801526,6831327c575ec5efdb90392fed9d2f1a,2018-07-28 17:16:14,33.8,38,2018-07-28 13:12:26
138dbe45fc62f1e244378131a6801526,f4e3efa8e78dfe5fcf02d849dabe3869,2018-07-31 17:46:53,87.8,39,2018-07-28 17:16:14
138dbe45fc62f1e244378131a6801526,f1f2c2bd7c46d8b86107f0c2d9e3dcc9,2018-08-01 16:55:34,43.9,40,2018-07-31 17:46:53
138dbe45fc62f1e244378131a6801526,edf97e2ce9f13188f1f70288901d707a,2018-08-05 22:27:32,17.9,41,2018-08-01 16:55:34
138dbe45fc62f1e244378131a6801526,92f144c6732e7617d13768d337193453,2018-08-06 21:57:06,19.9,42,2018-08-05 22:27:32
138dbe45fc62f1e244378131a6801526,636b730a85bdd05024f5570316c55597,2018-08-14 13:22:24,19.9,43,2018-08-06 21:57:06
138dbe45fc62f1e244378131a6801526,4c0b7cef000c9351cd7f160ad283a0f8,2018-08-15 21:01:07,16.9,44,2018-08-14 13:22:24
138dbe45fc62f1e244378131a6801526,4dd4fdc64737dc3f4472ceda049cb1ba,2018-08-17 13:57:35,19.9,45,2018-08-15 21:01:07
138dbe45fc62f1e244378131a6801526,53a9c421cf0e7129393a754a4d15b935,2018-08-19 15:25:06,19.9,46,2018-08-17 13:57:35
138dbe45fc62f1e244378131a6801526,6e10384d6572f58ba12c848b91299f39,2018-08-20 23:18:27,32.9,47,2018-08-19 15:25:06
138dbe45fc62f1e244378131a6801526,cf5c8d9f52807cb2d2f0a0ff54c478da,2018-08-24 13:04:05,13.9,48,2018-08-20 23:18:27
138dbe45fc62f1e244378131a6801526,a5875ee134166b373cc08cbea838760c,2018-08-24 14:30:31,48.9,49,2018-08-24 13:04:05
1444c08e64d55fb3c25f0f09c07ffcf2,2ec398158cb686267b1f4b102129098e,2018-04-28 12:23:26,2749.0,1,
160851d3ece7aa1a510f8d1a4bb8a8af,4f4da9932bc77a525ca672e3b1b232f6,2018-07-29 11:15:05,46.9,1,
160851d3ece7aa1a510f8d1a4bb8a8af,ef2960fc071e710c211bfd7d7de5ca8e,2018-08-20 15:38:49,55.15,2,2018-07-29 11:15:05
165b1235e9e9942cb5fae67103576fb0,64ade3a4ac0255360a84e7035d7d34b9,2018-05-20 08:41:02,158.2,1,
165b1235e9e9942cb5fae67103576fb0,3ba4434655efde991569fe475dd0e688,2018-06-01 10:52:14,627.8,2,2018-05-20 08:41:02
165b1235e9e9942cb5fae67103576fb0,edc438144eedf58c321995efd0225e19,2018-07-12 18:00:04,50.0,3,2018-06-01 10:52:14
165b1235e9e9942cb5fae67103576fb0,e46feda6e61a3f6fbfb0b230faba9640,2018-07-17 09:56:27,125.0,4,2018-07-12 18:00:04
165b1235e9e9942cb5fae67103576fb0,1fce50c1831b6809773e5020edc716e2,2018-07-24 20:08:54,21.7,5,2018-07-17 09:56:27
165b1235e9e9942cb5fae67103576fb0,494dfa139a38449b378d01cca4c0a6a0,2018-08-06 21:50:12,91.6,6,2018-07-24 20:08:54
165b1235e9e9942cb5fae67103576fb0,cad4f1f1630718b17426b3f335d0404e,2018-08-07 20:48:00,178.5,7,2018-08-06 21:50:12
165b1235e9e9942cb5fae67103576fb0,b55ed7407eb340d0db40dfb2759c756a,2018-08-08 12:22:24,21.7,8,2018-08-07 20:48:00
165b1235e9e9942cb5fae67103576fb0,7e41e7372ce6842cf380d475bf0927b4,2018-08-15 10:57:59,567.35,9,2018-08-08 12:22:24
165b1235e9e9942cb5fae67103576fb0,57dc6b3da91b628f302119769d64de8f,2018-08-17 14:26:53,221.6,10,2018-08-15 10:57:59
165b1235e9e9942cb5fae67103576fb0,ab95c133fa91c2393fa23e00e0cbd444,2018-08-19 07:41:33,21.7,11,2018-08-17 14:26:53
184725737946a1a938bbbd1a9e978103,291036f4304c5fb0dc3965044f4a4605,2018-08-12 23:15:08,109.9,1,
184725737946a1a938bbbd1a9e978103,3fcbf2059f4b76ed137fb591f6e826b4,2018-08-16 12:46:36,124.9,2,2018-08-12 23:15:08
184725737946a1a938bbbd1a9e978103,36bd9a684be63b7aed450f82d31727f0,2018-08-21 15:56:19,124.9,3,2018-08-16 12:46:36
186cdd1b2df32caa72cfb410bba768d3,c3cbb5032bfc949af6b3f17024de1c8f,2018-05-11 11:17:57,109.9,1,
186cdd1b2df32caa72cfb410bba768d3,81fd7eecfe5e2fdb7788d4dfd3283f23,2018-07-10 15:43:01,166.0,2,2018-05-11 11:17:57
186cdd1b2df32caa72cfb410bba768d3,b819d4bf7ee713f4efbbf5328a3eeeaa,2018-07-14 13:41:00,126.0,3,2018-07-10 15:43:01
186cdd1b2df32caa72cfb410bba768d3,7e772cb45f952aa56139d1cce1c308dd,2018-07-29 17:29:59,49.65,4,2018-07-14 13:41:00
186cdd1b2df32caa72cfb410bba768d3,a9aaaf24646d60bb635aee235c06db11,2018-07-30 19:42:59,859.9,5,2018-07-29 17:29:59
186cdd1b2df32caa72cfb410bba768d3,e6179e66e05b531c6f8ad2b292717091,2018-08-06 13:16:55,30.0,6,2018-07-30 19:42:59
189ca3538ce9f920cacf0f982cbe223b,4b33e7ab86ba5f28513f84e4d75c79fe,2018-06-21 19:06:28,15.0,1,
189ca3538ce9f920cacf0f982cbe223b,743277e5089af7df0cbd543c93e5d852,2018-07-06 11:43:14,146.0,2,2018-06-21 19:06:28
189ca3538ce9f920cacf0f982cbe223b,b80aa0f66d8a0841be0ce473dc5d94be,2018-07-31 17:27:54,229.0,3,2018-07-06 11:43:14
189ca3538ce9f920cacf0f982cbe223b,f4d8adf14699f63ee2a2c3a6a43a1d0c,2018-08-07 14:50:14,29.0,4,2018-07-31 17:27:54
18e694e0e48ed6f7aa3f24aade5fd697,986dae5bc78169ebbf74f5d5f79924ff,2018-06-05 19:28:28,17.8,1,
18e694e0e48ed6f7aa3f24aade5fd697,b6f7267c5de549e8079e23367dafd3a1,2018-06-11 10:26:21,19.9,2,2018-06-05 19:28:28
18e694e0e48ed6f7aa3f24aade5fd697,8d9de4f71359b674f9e16be4c40bf358,2018-06-15 00:04:40,19.9,3,2018-06-11 10:26:21
18e694e0e48ed6f7aa3f24aade5fd697,ccb3dbd615aa85a6ee4e6002b025fd31,2018-06-19 19:59:48,19.99,4,2018-06-15 00:04:40
18e694e0e48ed6f7aa3f24aade5fd697,014a0793ab3d930d6f3b206cee474af4,2018-06-24 22:49:54,19.9,5,2018-06-19 19:59:48
18e694e0e48ed6f7aa3f24aade5fd697,0cdc9c620e68547b5d7b5b5d974b675b,2018-06-25 01:48:17,19.9,6,2018-06-24 22:49:54
18e694e0e48ed6f7aa3f24aade5fd697,2c9f6a7c2d93b5c7209ad4d1155fc325,2018-07-01 22:36:25,19.9,7,2018-06-25 01:48:17
18e694e0e48ed6f7aa3f24aade5fd697,0170e40334131d971605ae70efb33e4f,2018-07-18 07:17:35,19.0,8,2018-07-01 22:36:25
18e694e0e48ed6f7aa3f24aade5fd697,59b598f25ce5991f7526c8ff8fc76601,2018-07-20 02:59:01,19.0,9,2018-07-18 07:17:35
18e694e0e48ed6f7aa3f24aade5fd697,d66a8247e14f44e46c77d098043af0d0,2018-07-20 11:38:08,19.99,10,2018-07-20 02:59:01
18e694e0e48ed6f7aa3f24aade5fd697,259f388570f65b0d8c575f826cbdedf6,2018-07-20 15:31:16,19.0,11,2018-07-20 11:38:08
18e694e0e48ed6f7aa3f24aade5fd697,9888a5d5164497efd85f110e29cac580,2018-07-23 21:44:00,19.0,12,2018-07-20 15:31:16
18e694e0e48ed6f7aa3f24aade5fd697,a111e0cee7dde2bb68cfb7cd18a8a914,2018-07-26 16:20:01,19.99,13,2018-07-23 21:44:00
18e694e0e48ed6f7aa3f24aade5fd697,f1a60fde98a0334e64d547ff9976c76f,2018-08-03 10:35:46,23.9,14,2018-07-26 16:20:01
18e694e0e48ed6f7aa3f24aade5fd697,4d670725075298192ec296c1aa5f6eab,2018-08-03 14:57:05,23.9,15,2018-08-03 10:35:46
18e694e0e48ed6f7aa3f24aade5fd697,f1b8058b666097152bfa8495286f8c61,2018-08-07 00:35:20,23.9,16,2018-08-03 14:57:05
18e694e0e48ed6f7aa3f24aade5fd697,fcfb164cd88eaf05a44e1cb84c5153e6,2018-08-09 00:08:06,20.9,17,2018-08-07 00:35:20
18e694e0e48ed6f7aa3f24aade5fd697,10475e2c60a553298676870162a6bed5,2018-08-10 11:12:30,20.9,18,2018-08-09 00:08:06
18e694e0e48ed6f7aa3f24aade5fd697,9eda772d641a7fceb1332e9906ce23a3,2018-08-13 21:50:46,20.9,19,2018-08-10 11:12:30
18e694e0e48ed6f7aa3f24aade5fd697,8dcd08ba1ddd245791d0fe2a764d7c0c,2018-08-15 21:32:29,20.9,20,2018-08-13 21:50:46
18e694e0e48ed6f7aa3f24aade5fd697,fbdb43f2551a3acd3d9ac5e2ddf92080,2018-08-16 14:09:10,83.97,21,2018-08-15 21:32:29
18e694e0e48ed6f7aa3f24aade5fd697,eb0caa123b85c891ef895115c39f5fd5,2018-08-16 16:31:33,20.9,22,2018-08-16 14:09:10
18e694e0e48ed6f7aa3f24aade5fd697,dd2e84f453b5bd5297babe45f1183f84,2018-08-16 18:04:01,20.9,23,2018-08-16 16:31:33
18e694e0e48ed6f7aa3f24aade5fd697,614c0b4b5169af9eb895bc8aefe5a418,2018-08-18 18:26:41,20.9,24,2018-08-16 18:04:01
18e694e0e48ed6f7aa3f24aade5fd697,7c0385a35429f81bba270c85f63f4130,2018-08-19 15:41:39,20.9,25,2018-08-18 18:26:41
18e694e0e48ed6f7aa3f24aade5fd697,329c5c3b5a57c04d68cda99d7f94403e,2018-08-19 21:34:59,20.9,26,2018-08-19 15:41:39
18e694e0e48ed6f7aa3f24aade5fd697,243f2d7445f9dd0abd4542bb61385f51,2018-08-23 17:02:44,20.9,27,2018-08-19 21:34:59
18e694e0e48ed6f7aa3f24aade5fd697,fba547ee0dbc8830f00e8d3cc83bf246,2018-08-25 11:24:27,20.9,28,2018-08-23 17:02:44
18e694e0e48ed6f7aa3f24aade5fd697,4f164373da991b6595b609372262a23f,2018-08-25 13:12:08,20.9,29,2018-08-25 11:24:27
18e694e0e48ed6f7aa3f24aade5fd697,558bd4996eeddc5e4e29295bcec08e32,2018-08-26 17:27:38,20.9,30,2018-08-25 13:12:08
18e694e0e48ed6f7aa3f24aade5fd697,a37c35b30b6e6d6e5a62c846cb093a32,2018-08-26 19:07:32,20.9,31,2018-08-26 17:27:38
1961c3e1272bfeceb05d0b78b5bbfdaf,1d7542bb5262913fe0516f7943b69a58,2018-07-28 23:32:46,438.0,1,
1961c3e1272bfeceb05d0b78b5bbfdaf,4a8493d781a65dfb623103a5dedf44fa,2018-08-18 22:35:15,219.0,2,2018-07-28 23:32:46
19d62d484cba71963c93f0f00ab42013,ea9bd69504d710943f9f20a822fd49ee,2018-04-26 16:49:29,139.9,1,
1a8e2d9c38b84a9702ac7922924b0573,466253637e6e6f77690b086dfaf2be50,2018-02-06 10:54:24,80.0,1,
1a932caad4f9d804097d7f8e615baed1,f7cb1a22366eb2e46a22d3626871d1d5,2018-05-02 15:14:09,115.0,1,
1a932caad4f9d804097d7f8e615baed1,35990049382e07dba1a9ef3550cad655,2018-05-10 19:22:34,960.0,2,2018-05-02 15:14:09
1a932caad4f9d804097d7f8e615baed1,d62c659d70b5d48e0533f60fc47d6791,2018-05-13 22:18:52,1000.0,3,2018-05-10 19:22:34
1a932caad4f9d804097d7f8e615baed1,c811577fd6f05e9a1e607f874d37204b,2018-05-16 19:23:21,33.0,4,2018-05-13 22:18:52
1a932caad4f9d804097d7f8e615baed1,61fca2fa6ad79d201c9ac7e9d611db25,2018-05-21 22:22:36,119.0,5,2018-05-16 19:23:21
1a932caad4f9d804097d7f8e615baed1,c4dad201936ed30eef3c94fafa59ed6e,2018-05-24 12:28:44,238.0,6,2018-05-21 22:22:36
1a932caad4f9d804097d7f8e615baed1,97ad789b38d3d6a17bd34b3c19fe40b8,2018-06-04 18:40:03,119.0,7,2018-05-24 12:28:44
1a932caad4f9d804097d7f8e615baed1,7a5472f7c8cecc2e1cf43d12271e4eca,2018-06-22 17:37:08,236.0,8,2018-06-04 18:40:03
1a932caad4f9d804097d7f8e615baed1,d2586b48628c08153ed6ebcc26dcb208,2018-06-24 22:30:49,16.0,9,2018-06-22 17:37:08
1a932caad4f9d804097d7f8e615baed1,ddcc0f4f6de9d30500e9e39e2127046d,2018-07-01 11:19:16,118.0,10,2018-06-24 22:30:49
1a932caad4f9d804097d7f8e615baed1,7f1159c14b23fc83c21b4c3af15c092a,2018-07-02 10:00:43,118.0,11,2018-07-01 11:19:16
1a932caad4f9d804097d7f8e615baed1,a695e8fc1b0a6e9c814da33ed8cd9703,2018-07-14 18:58:11,150.0,12,2018-07-02 10:00:43
1a932caad4f9d804097d7f8e615baed1,da3b31201f3eb351160956d5aa12deb6,2018-07-30 12:45:54,150.0,13,2018-07-14 18:58:11
1a932caad4f9d804097d7f8e615baed1,36c68e2e8ad21203f7f149a315550bb7,2018-08-01 22:56:04,150.0,14,2018-07-30 12:45:54
1a932caad4f9d804097d7f8e615baed1,cd2457140ff84327d7d7030053b80fce,2018-08-04 15:45:19,150.0,15,2018-08-01 22:56:04
1a932caad4f9d804097d7f8e615baed1,dea423aff47d60bcd5f0678234bf8c3f,2018-08-06 18:38:10,175.0,16,2018-08-04 15:45:19
1a932caad4f9d804097d7f8e615baed1,1014139cb79293614f86603cc2c0b2f5,2018-08-10 07:58:37,150.0,17,2018-08-06 18:38:10
1a932caad4f9d804097d7f8e615baed1,474b04026899cacfa5e37c1bd0f888a4,2018-08-16 07:50:03,350.0,18,2018-08-10 07:58:37
1a932caad4f9d804097d7f8e615baed1,d72d3f4cc43d48736c9d01b802a85bd9,2018-08-18 09:15:39,157.0,19,2018-08-16 07:50:03
1a932caad4f9d804097d7f8e615baed1,985680a4287cdd85e885a79a6c24b023,2018-08-22 18:16:55,157.0,20,2018-08-18 09:15:39
1b4b28463457a256e9a784ebe2a8f630,bd429f272e71ed50b0adf8defc8d24e1,2018-08-07 16:49:52,699.42,1,
1c742ac33582852aaf3bcfbf5893abcf,a238c4b12e353d643594bb92d9385e1a,2018-06-22 16:07:51,97.9,1,
1cbd32d00d01bb8087a5eb088612fd9c,bda01364adbef32fe7cb91a4cc4263e9,2018-05-10 14:32:26,275.5,1,
1cbd32d00d01bb8087a5eb088612fd9c,6bd3a60971ad56dc2edfe2873ad1c9b7,2018-06-04 14:46:05,51.98,2,2018-05-10 14:32:26
1cbd32d00d01bb8087a5eb088612fd9c,db1f7432d39759d7b2c5b46a2cfaafac,2018-06-06 15:46:51,49.9,3,2018-06-04 14:46:05
1cbd32d00d01bb8087a5eb088612fd9c,29afb9bd764e2f5be034429f3d6811cf,2018-06-08 00:43:29,162.52,4,2018-06-06 15:46:51
1cbd32d00d01bb8087a5eb088612fd9c,536dc10adea685bee0cb83614fe3353f,2018-06-30 20:03:53,138.23,5,2018-06-08 00:43:29
1cbd32d00d01bb8087a5eb088612fd9c,c87c652834da18e71fce5dd703bc5936,2018-07-07 10:20:36,52.14,6,2018-06-30 20:03:53
1cbd32d00d01bb8087a5eb088612fd9c,78d406c93c4c8fcfdc38b4b1b8842b9c,2018-07-21 09:48:28,61.97,7,2018-07-07 10:20:36
1cbd32d00d01bb8087a5eb088612fd9c,88d8024d811be666f66e7199e27a830b,2018-08-12 01:10:43,35.9,8,2018-07-21 09:48:28
1cbd32d00d01bb8087a5eb088612fd9c,65f8a599904103180833575eb6a08702,2018-08-14 23:21:54,56.58,9,2018-08-12 01:10:43
1cbd32d00d01bb8087a5eb088612fd9c,f975710202a96794f2b466c4dbea49e0,2018-08-15 23:01:42,111.51,10,2018-08-14 23:21:54
1cbd32d00d01bb8087a5eb088612fd9c,2b73cfa36a63e2ba82be54965d188a7e,2018-08-19 12:31:08,49.24,11,2018-08-15 23:01:42
1cbdc7cf130a41fd13a3c2a7d2fcfda7,b76a3d04749c4594b548c8bf8c76270d,2018-05-06 11:15:20,82.9,1,
1cbdc7cf130a41fd13a3c2a7d2fcfda7,c4f7d1763350c3f18548294c4beced5c,2018-07-03 10:46:01,82.9,2,2018-05-06 11:15:20
1d953075c2f0dd990bacf27b83b330f1,99907bf137138e8a41986fc842736a37,2018-08-13 11:35:50,59.0,1,
1e26c56af8d48424e1df0140a2401f83,2e9f87abd0b9cb4737c51a8ed7a4097d,2018-06-13 20:49:57,199.0,1,
1e26c56af8d48424e1df0140a2401f83,11e930fd8da276f30361256c23d58196,2018-08-08 11:14:31,59.9,2,2018-06-13 20:49:57
1f7dfad2cb384ea4d2d7e1ffbd78c407,ebb17d52f687e249ea4c82b179752cdd,2018-05-05 13:16:14,49.0,1,
1fe5540d7c1c37a595fefbacd5570d9e,6366ce592c90a36450778259cb163cc5,2018-08-02 15:58:56,189.0,1,
1fe5540d7c1c37a595fefbacd5570d9e,9f81e8f6c74d99562869844aafbfe0d5,2018-08-02 19:28:47,169.9,2,2018-08-02 15:58:56
1fe5540d7c1c37a595fefbacd5570d9e,136a3da67b93100ec6fc05442613bcec,2018-08-03 15:54:30,189.0,3,2018-08-02 19:28:47
1fe5540d7c1c37a595fefbacd5570d9e,12e4a8a3ce5999f5d237b1e27b06c60c,2018-08-06 09:09:46,339.8,4,2018-08-03 15:54:30
1fe5540d7c1c37a595fefbacd5570d9e,5d463aef87df62b39882ac78bf94c3fb,2018-08-06 10:21:01,169.9,5,2018-08-06 09:09:46
1fe5540d7c1c37a595fefbacd5570d9e,2ce205c58fef8abc5963b6da38e4b2fe,2018-08-06 22:04:22,169.9,6,2018-08-06 10:21:01
1fe5540d7c1c37a595fefbacd5570d9e,116f5088fd9393bef556fc932533e3dc,2018-08-07 23:02:24,169.9,7,2018-08-06 22:04:22
1fe5540d7c1c37a595fefbacd5570d9e,68b702d14874f15452c6b09eefe17ed2,2018-08-08 11:42:44,169.9,8,2018-08-07 23:02:24
1fe5540d7c1c37a595fefbacd5570d9e,35baa1b2a801b5181147ad7c02723d9d,2018-08-09 10:24:12,509.70000000000005,9,2018-08-08 11:42:44
1fe5540d7c1c37a595fefbacd5570d9e,9f13927ccc18f46d4775442f5bda0459,2018-08-09 20:37:40,199.0,10,2018-08-09 10:24:12
1fe5540d7c1c37a595fefbacd5570d9e,71afd4d3202442d362d5e52112ffe080,2018-08-11 14:03:42,199.0,11,2018-08-09 20:37:40
1fe5540d7c1c37a595fefbacd5570d9e,996763a377a7e96ea28f02058d1e1883,2018-08-11 20:29:39,398.0,12,2018-08-11 14:03:42
1fe5540d7c1c37a595fefbacd5570d9e,125f493c9aa37e5e79a34e7b602da0a4,2018-08-13 20:20:48,179.9,13,2018-08-11 20:29:39
1fe5540d7c1c37a595fefbacd5570d9e,06ba8c77c2419a72756b5660b04e3188,2018-08-14 09:31:29,179.9,14,2018-08-13 20:20:48
1fe5540d7c1c37a595fefbacd5570d9e,05ebeda0c1aefd787e0ddc914af75039,2018-08-14 10:07:51,368.9,15,2018-08-14 09:31:29
1fe5540d7c1c37a595fefbacd5570d9e,536a2dbf28ababa5342b510c8f923472,2018-08-14 11:29:10,179.9,16,2018-08-14 10:07:51
1fe5540d7c1c37a595fefbacd5570d9e,e6103b1c3a67152c7b688d5da11460de,2018-08-14 22:23:51,189.0,17,2018-08-14 11:29:10
1fe5540d7c1c37a595fefbacd5570d9e,6ee453b121f65674cd0525457f985513,2018-08-14 23:26:59,189.0,18,2018-08-14 22:23:51
1fe5540d7c1c37a595fefbacd5570d9e,fa2c0183390d96cbabb604c27aedf7e5,2018-08-15 08:37:51,189.0,19,2018-08-14 23:26:59
1fe5540d7c1c37a595fefbacd5570d9e,9d4267186d4e276d018cc7c90291768e,2018-08-16 08:44:24,189.0,20,2018-08-15 08:37:51
2039c5e51785b5dde7cf93ccb3b7be2c,4759b488dfc55eb259b216bb6d93ce48,2018-07-16 13:00:53,159.9,1,
213fafb0ca06fb3d5886579c2565791b,92a327e7271313540958cf048ff5c2cd,2018-06-14 15:23:38,34.9,1,
213fafb0ca06fb3d5886579c2565791b,520ea64853a832e3e2fe0ff5d6f44667,2018-08-08 16:43:48,109.9,2,2018-06-14 15:23:38
213fafb0ca06fb3d5886579c2565791b,23878b3366bb97c4877f944c685fc546,2018-08-23 10:23:31,44.9,3,2018-08-08 16:43:48
249f0e9905a6e06ad6c6bea7547ab9f6,9a7ccfdba447bdbce4d18b72bd69e594,2018-06-25 01:10:48,139.0,1,
249f0e9905a6e06ad6c6bea7547ab9f6,c81d8c64bac8003aa77329e1e4f078bb,2018-07-30 14:04:33,69.95,2,2018-06-25 01:10:48
249f0e9905a6e06ad6c6bea7547ab9f6,dda0996054bec18cafa1ede0d62dd3cb,2018-08-03 18:54:39,139.0,3,2018-07-30 14:04:33
2646baaf662d4d92ac48f047e35db92d,524ea0422eabccf15e4af385f6b153d6,2018-04-29 22:00:59,28.3,1,
2646baaf662d4d92ac48f047e35db92d,de9b643d6a5e2c0aebb7526ffae6ae87,2018-05-27 15:19:36,104.0,2,2018-04-29 22:00:59
2646baaf662d4d92ac48f047e35db92d,a1dd8c3d72d95a11312293743c4064a6,2018-05-28 15:23:45,49.9,3,2018-05-27 15:19:36
2646baaf662d4d92ac48f047e35db92d,4ab8b7a8e23908984157974ae4ad6436,2018-05-29 08:17:20,49.9,4,2018-05-28 15:23:45
2646baaf662d4d92ac48f047e35db92d,7b8cdadf6b13903fc09049ba85f5ecb3,2018-06-02 10:47:36,180.0,5,2018-05-29 08:17:20
2646baaf662d4d92ac48f047e35db92d,ee8b2d168886de97bcaf86366cf3e2b0,2018-06-04 09:42:23,44.9,6,2018-06-02 10:47:36
2646baaf662d4d92ac48f047e35db92d,e900040d6974a5afa661621dad127568,2018-06-10 23:50:47,112.0,7,2018-06-04 09:42:23
2646baaf662d4d92ac48f047e35db92d,6b2db6289d13d627596a319150551fe2,2018-07-02 21:45:27,60.0,8,2018-06-10 23:50:47
2646baaf662d4d92ac48f047e35db92d,e3be8e7970afa286e942ea4273061bae,2018-07-04 13:08:42,59.0,9,2018-07-02 21:45:27
2646baaf662d4d92ac48f047e35db92d,a54b9350f120bf643b010046fc8d7790,2018-07-05 00:44:25,29.0,10,2018-07-04 13:08:42
2646baaf662d4d92ac48f047e35db92d,4d0bd88af1748e0658ddfad3100b2958,2018-07-07 14:58:14,438.0,11,2018-07-05 00:44:25
2646baaf662d4d92ac48f047e35db92d,7ffcdcd61ff7eb4f55adfcfe5940b9e2,2018-08-01 21:48:09,49.0,12,2018-07-07 14:58:14
2646baaf662d4d92ac48f047e35db92d,32f0e397d36f01e44c8c257ceaecf508,2018-08-02 12:07:24,31.2,13,2018-08-01 21:48:09
2646baaf662d4d92ac48f047e35db92d,5eff879c2f04b5e1f7e9c72ae229f074,2018-08-09 00:06:28,18.95,14,2018-08-02 12:07:24
2646baaf662d4d92ac48f047e35db92d,07a394899e1b5de598df8ff3ea5edf37,2018-08-09 19:37:47,8.9,15,2018-08-09 00:06:28
269c5fc9fcadee614364c3620c30a1f9,f08e7cbe4ee33176122952f10c7128b6,2018-07-31 18:14:02,90.0,1,
269c5fc9fcadee614364c3620c30a1f9,c97e64988f3d2b091838bb2815fc246b,2018-08-02 18:23:51,59.8,2,2018-07-31 18:14:02
269c5fc9fcadee614364c3620c30a1f9,445e644ce100ddf209bc9fd616d882ae,2018-08-08 21:19:23,59.8,3,2018-08-02 18:23:51
26e2c91ef821e1ff8985f408788fe35b,9df65e0ad2cbfa0485262629bb2b6605,2018-02-20 09:43:30,57.5,1,
26e2c91ef821e1ff8985f408788fe35b,fd84aa1fc4c825c367cbb777d82e5a2a,2018-02-24 23:18:14,57.5,2,2018-02-20 09:43:30
26e2c91ef821e1ff8985f408788fe35b,3777a556763eb6cb59f7dd14e90c4ab7,2018-02-28 14:16:12,57.5,3,2018-02-24 23:18:14
26e2c91ef821e1ff8985f408788fe35b,debba1cc1685803f891dc845be9f9119,2018-03-27 09:21:59,138.5,4,2018-02-28 14:16:12
26e2c91ef821e1ff8985f408788fe35b,1bb800de8a2b7ff3ae4616c5b6368b8a,2018-03-30 14:04:03,138.5,5,2018-03-27 09:21:59
26e2c91ef821e1ff8985f408788fe35b,55722f117fa81b20ab36bbfc3c8878dd,2018-04-08 21:05:50,86.4,6,2018-03-30 14:04:03
26e2c91ef821e1ff8985f408788fe35b,4be09db4d90c87cf6a402ab9bc6f48da,2018-04-09 09:49:23,57.5,7,2018-04-08 21:05:50
26e2c91ef821e1ff8985f408788fe35b,4635218e99d9201bb178dca09cf1acda,2018-04-11 10:45:08,256.2,8,2018-04-09 09:49:23
26e2c91ef821e1ff8985f408788fe35b,17912edc2f0d164527889f95392aab9c,2018-05-10 11:54:05,245.8,9,2018-04-11 10:45:08
26e2c91ef821e1ff8985f408788fe35b,09d048d5bfb9dd1a82f696ce9863e9b0,2018-05-22 21:20:12,338.8,10,2018-05-10 11:54:05
26e2c91ef821e1ff8985f408788fe35b,62ff10e32649e2f8d65d3acf35c67580,2018-06-28 10:07:25,169.4,11,2018-05-22 21:20:12
26e2c91ef821e1ff8985f408788fe35b,f2d5ab09d0a8af8a6c3b93031647b532,2018-07-24 16:11:14,45.8,12,2018-06-28 10:07:25
271b8923c6a549e02d3c9fd1f8c0422b,8051026f0cea5b93df6bf42cdf1aaa74,2018-07-30 19:39:13,105.19,1,
271c58a1d139c45eaf3316107c6d3a3b,18eac13034394cc5bc8713ddad1fb2c3,2018-05-02 13:55:37,99.99,1,
271c58a1d139c45eaf3316107c6d3a3b,38b7d71941e3c753779d2eb44302690f,2018-05-07 08:29:29,99.99,2,2018-05-02 13:55:37
271c58a1d139c45eaf3316107c6d3a3b,7b3821e2a5cb30052dde08403418c349,2018-05-09 11:39:40,99.99,3,2018-05-07 08:29:29
271c58a1d139c45eaf3316107c6d3a3b,df75a2d753c65af66e3571e2dbfd985a,2018-06-07 14:17:05,169.9,4,2018-05-09 11:39:40
271c58a1d139c45eaf3316107c6d3a3b,dbf27f75863393abd4a81231e007ac43,2018-06-09 15:21:59,99.99,5,2018-06-07 14:17:05
271c58a1d139c45eaf3316107c6d3a3b,6c8dc9b7ff1a1e35349382fa962de9fd,2018-06-11 20:10:38,169.9,6,2018-06-09 15:21:59
271c58a1d139c45eaf3316107c6d3a3b,5ae1672c9ca83961989aad88b01b6e1b,2018-06-12 10:48:47,169.9,7,2018-06-11 20:10:38
271c58a1d139c45eaf3316107c6d3a3b,b703337465b56b40ca0fa126fe39858c,2018-06-15 22:33:00,169.9,8,2018-06-12 10:48:47
271c58a1d139c45eaf3316107c6d3a3b,38b85b28d1af68ede15c12548165fb76,2018-06-16 15:14:02,169.9,9,2018-06-15 22:33:00
271c58a1d139c45eaf3316107c6d3a3b,fe49c4a1416840f8ed6bd36daac85aae,2018-06-19 12:00:08,169.9,10,2018-06-16 15:14:02
271c58a1d139c45eaf3316107c6d3a3b,e35fda43bb9963155d19ccc348e92845,2018-06-21 17:53:24,169.9,11,2018-06-19 12:00:08
271c58a1d139c45eaf3316107c6d3a3b,2ebeaae6b3c969c7f5474e8f736bc33a,2018-07-09 08:08:23,140.0,12,2018-06-21 17:53:24
271c58a1d139c45eaf3316107c6d3a3b,c59056a977d611eea46b02572be8c2fe,2018-07-09 16:13:00,140.0,13,2018-07-09 08:08:23
271c58a1d139c45eaf3316107c6d3a3b,070fcffce3b0a655482d4f5f11607599,2018-07-19 04:16:59,140.0,14,2018-07-09 16:13:00
271c58a1d139c45eaf3316107c6d3a3b,a11a425bf8a1d74271b19f31a3cbe76a,2018-07-24 11:15:42,130.0,15,2018-07-19 04:16:59
271c58a1d139c45eaf3316107c6d3a3b,5651013318bbb1532392e6d03480e88d,2018-07-24 19:49:54,130.0,16,2018-07-24 11:15:42
271c58a1d139c45eaf3316107c6d3a3b,cb2dcd0d679928c3c5d29e5479982901,2018-07-30 07:00:26,120.0,17,2018-07-24 19:49:54
271c58a1d139c45eaf3316107c6d3a3b,b836e1c1c40c654579a704da62705543,2018-08-01 13:18:49,119.9,18,2018-07-30 07:00:26
271c58a1d139c45eaf3316107c6d3a3b,ef13107bb93c2e7cd4509174a883022b,2018-08-01 20:04:56,119.9,19,2018-08-01 13:18:49
271c58a1d139c45eaf3316107c6d3a3b,1f55d59fd95c97d28af581c3c7b4f267,2018-08-01 23:23:42,119.9,20,2018-08-01 20:04:56
271c58a1d139c45eaf3316107c6d3a3b,bd8c777b163d434c13d72bc016869c97,2018-08-02 15:35:05,119.9,21,2018-08-01 23:23:42
271c58a1d139c45eaf3316107c6d3a3b,40a24d4585c66a3d7ba902a7dcd233a9,2018-08-02 19:24:32,119.9,22,2018-08-02 15:35:05
271c58a1d139c45eaf3316107c6d3a3b,df75241689bd24e168f5796f7d7fc115,2018-08-03 08:30:29,119.9,23,2018-08-02 19:24:32
271c58a1d139c45eaf3316107c6d3a3b,2e203d616e144d45fd13e47098343406,2018-08-06 20:07:38,129.99,24,2018-08-03 08:30:29
271c58a1d139c45eaf3316107c6d3a3b,d4ab24f781df0efaa8d664c145241296,2018-08-07 21:37:09,129.99,25,2018-08-06 20:07:38
271c58a1d139c45eaf3316107c6d3a3b,5d971e980c1ac22c7eea39b173d48679,2018-08-07 23:40:56,129.99,26,2018-08-07 21:37:09
271c58a1d139c45eaf3316107c6d3a3b,e6cc2e902e9f3b9a8c3fd2f60447bfd0,2018-08-12 19:17:28,99.0,27,2018-08-07 23:40:56
28872dc528e978a639754bc8c2ce5a4c,e7aa8ec1453b9d7fa35da99ee0f22e65,2018-06-11 22:55:43,1009.9,1,
28c7d8743fbc8679f484868cc0fcaefb,755acdbf6da2041544f004ead2cdd080,2018-05-05 12:40:10,80.5,1,
28c7d8743fbc8679f484868cc0fcaefb,d222cfedabc67eec700bfa61cd72216a,2018-06-13 09:50:49,68.0,2,2018-05-05 12:40:10
28c7d8743fbc8679f484868cc0fcaefb,ee24cd508ad57fcffb82c94f9839b7cb,2018-08-10 00:40:57,53.0,3,2018-06-13 09:50:49
28f10b1c5e5abb9d4857745bede6147c,22e99a329dbbe2d33ea6b6a46aa7e011,2018-04-28 07:47:49,10.0,1,
28f10b1c5e5abb9d4857745bede6147c,41189ec3ec41a82996b68cb4a6a661fa,2018-04-28 15:00:33,10.0,2,2018-04-28 07:47:49
28f10b1c5e5abb9d4857745bede6147c,76606b013751ab0fc648e671d8bbf16c,2018-04-29 12:17:32,10.0,3,2018-04-28 15:00:33
28f10b1c5e5abb9d4857745bede6147c,2f5860ef509cf4e68e48e91541613cf0,2018-04-30 03:43:40,10.0,4,2018-04-29 12:17:32
28f10b1c5e5abb9d4857745bede6147c,1ea65cecbb597686d8cd052ac3027b0f,2018-05-08 21:54:29,35.0,5,2018-04-30 03:43:40
28f10b1c5e5abb9d4857745bede6147c,32fc3f3218889905a42a419486582f90,2018-05-09 15:47:50,14.0,6,2018-05-08 21:54:29
28f10b1c5e5abb9d4857745bede6147c,f2b2293097b45c698c9d524667b319e7,2018-05-11 13:41:16,12.0,7,2018-05-09 15:47:50
28f10b1c5e5abb9d4857745bede6147c,6ec0aac41766e0977d5e0216ecce4694,2018-05-12 13:15:48,42.0,8,2018-05-11 13:41:16
28f10b1c5e5abb9d4857745bede6147c,328d5a04b6412a52e3fb8f5da4997e38,2018-05-14 19:29:02,12.0,9,2018-05-12 13:15:48
28f10b1c5e5abb9d4857745bede6147c,6cbe4707ae0b201a8d5a8b16dea28800,2018-05-15 16:22:18,12.0,10,2018-05-14 19:29:02
28f10b1c5e5abb9d4857745bede6147c,9bdaacec1587fdf0b7c123d64020f552,2018-05-18 04:32:50,42.0,11,2018-05-15 16:22:18
28f10b1c5e5abb9d4857745bede6147c,a5ec4b722860bf18fd1ff9fd35fbfff8,2018-05-21 02:46:48,42.0,12,2018-05-18 04:32:50
28f10b1c5e5abb9d4857745bede6147c,dc0ca34b53f7a8ca4217e1dd6b32496e,2018-05-22 12:43:25,12.0,13,2018-05-21 02:46:48
28f10b1c5e5abb9d4857745bede6147c,de68ff91737ba366892be2067a2cdfec,2018-06-06 20:45:13,12.0,14,2018-05-22 12:43:25
28f10b1c5e5abb9d4857745bede6147c,e52fad87a8264c18cf50fd3cfd6dc3fb,2018-06-10 20:39:21,12.0,15,2018-06-06 20:45:13
28f10b1c5e5abb9d4857745bede6147c,99500821b9a347353e010d41c2204481,2018-06-11 17:31:50,12.0,16,2018-06-10 20:39:21
28f10b1c5e5abb9d4857745bede6147c,3b1b1d0a19960310b9e033909f63f662,2018-06-11 19:56:03,42.0,17,2018-06-11 17:31:50
28f10b1c5e5abb9d4857745bede6147c,94140a08f88b5440f7fc0e4b0fcfc3bb,2018-06-22 18:38:25,42.0,18,2018-06-11 19:56:03
28f10b1c5e5abb9d4857745bede6147c,b90edb88aa8235216b0f06e1a8ecee43,2018-07-02 09:59:37,42.0,19,2018-06-22 18:38:25
28f10b1c5e5abb9d4857745bede6147c,798a8105c87bcc1f35bc710d5b31278f,2018-07-17 14:31:04,141.0,20,2018-07-02 09:59:37
28f10b1c5e5abb9d4857745bede6147c,b1f84046464711e8064cd70d5232d104,2018-08-02 19:56:42,47.0,21,2018-07-17 14:31:04
28f10b1c5e5abb9d4857745bede6147c,af256e5861b37190d89da2ecd8dcae4a,2018-08-03 12:21:55,47.0,22,2018-08-02 19:56:42
28f10b1c5e5abb9d4857745bede6147c,89875b3e82ac7361593b7c13d1ea5a02,2018-08-07 13:35:00,17.0,23,2018-08-03 12:21:55
28f10b1c5e5abb9d4857745bede6147c,1e61c2d93012f7a32fe86de9bafc3a1f,2018-08-09 22:37:32,47.0,24,2018-08-07 13:35:00
28f10b1c5e5abb9d4857745bede6147c,f8e926b4541bd4af7a14350967ba217e,2018-08-11 23:30:33,47.0,25,2018-08-09 22:37:32
28f10b1c5e5abb9d4857745bede6147c,bbab0f55c714a04cc7a5c065c65f1089,2018-08-12 20:27:59,30.0,26,2018-08-11 23:30:33
28f10b1c5e5abb9d4857745bede6147c,fd243eb2d293eb3b7223dbc2d1789521,2018-08-17 01:51:28,17.0,27,2018-08-12 20:27:59
28f10b1c5e5abb9d4857745bede6147c,93670a5c977fd8e687b42178388d9ce7,2018-08-17 14:33:23,17.0,28,2018-08-17 01:51:28
299c89a525fee36c567f4fe72f038100,0e1ab5408ec0c9ece6adcbb661b3a901,2018-08-08 17:36:33,189.0,1,
2aafae69bf4c41fbd94053d9413e87ee,22c65b1b78b59ef00578d7b2b00c01e3,2018-05-24 15:22:39,59.0,1,
2aafae69bf4c41fbd94053d9413e87ee,2868cec2c0d3cc29873e13a46f55f532,2018-07-24 19:04:45,35.0,2,2018-05-24 15:22:39
2ba91c7ad80ff88b23b7db823b43c233,5d49743106500a75100374031f73e22b,2018-04-04 12:42:36,158.0,1,
2ba91c7ad80ff88b23b7db823b43c233,2e3a1177e30ae6d784240896e5441c55,2018-04-08 16:24:24,158.0,2,2018-04-04 12:42:36
2ba91c7ad80ff88b23b7db823b43c233,3413eb8515318f34dd2984e1b4b301fd,2018-05-04 08:41:08,158.0,3,2018-04-08 16:24:24
2ba91c7ad80ff88b23b7db823b43c233,c081663d30ea7be7a682297870e2ad02,2018-05-22 15:54:14,59.9,4,2018-05-04 08:41:08
2ba91c7ad80ff88b23b7db823b43c233,843f956709f0a664d816bee124544122,2018-06-09 21:51:46,158.0,5,2018-05-22 15:54:14
2ba91c7ad80ff88b23b7db823b43c233,55bde651a2c412e983a9ace2f3e05c5d,2018-08-12 19:57:00,48.5,6,2018-06-09 21:51:46
2c2c9832d1bb38c5b0034a3b47d313ee,e93fceb3b0a859a71554881b5b9b5a86,2018-07-27 10:44:02,49.9,1,
2c43fb513632d29b3b58df74816f1b06,1efcc6ba75b519535a510c53153a9256,2018-06-20 21:40:18,94.2,1,
2c43fb513632d29b3b58df74816f1b06,e5858127da61f07285827883e605254b,2018-06-21 15:42:55,99.8,2,2018-06-20 21:40:18
2c43fb513632d29b3b58df74816f1b06,d8d281c1a1398a1e835fdc4adfb81e2a,2018-07-23 20:50:50,664.0,3,2018-06-21 15:42:55
2cb6eb1b7185064167657fa09f541105,79c0fac13b3965c6b73c3fa600059b36,2018-02-20 22:32:06,119.9,1,
2cb6eb1b7185064167657fa09f541105,075a544c5f4ed4bb75f82b160465fe76,2018-02-22 15:17:38,197.8,2,2018-02-20 22:32:06
2cb6eb1b7185064167657fa09f541105,cea9ccd3a54929b9d68abbcdc75daed9,2018-04-15 22:28:24,395.6,3,2018-02-22 15:17:38
2cb6eb1b7185064167657fa09f541105,ce6a17f5fe1a2963955fbea066af332a,2018-05-14 20:46:00,239.8,4,2018-04-15 22:28:24
2cb6eb1b7185064167657fa09f541105,6225935944047d4d3aa8d938a2988c61,2018-06-12 20:22:10,239.8,5,2018-05-14 20:46:00
2cb6eb1b7185064167657fa09f541105,0b82d0616f1ad8da15cf967b984b4004,2018-08-03 21:35:53,25.0,6,2018-06-12 20:22:10
2cb98e27ce1c18abdb42209b34c382a7,03481652329171ff571df2c58bae0167,2018-06-19 14:30:42,62.49,1,
2d2322d842118867781fc737e96d59a1,e3210b05ca60d10831af30bcbb351c05,2018-06-08 10:35:03,15.5,1,
2d2322d842118867781fc737e96d59a1,7c5a7744669451871d2bd31dbcd8f80b,2018-06-15 10:11:35,15.5,2,2018-06-08 10:35:03
2d2322d842118867781fc737e96d59a1,cbb54b440099b6c4994d1109f3968b97,2018-06-19 00:16:16,19.2,3,2018-06-15 10:11:35
2d2322d842118867781fc737e96d59a1,7f579a347e00ac4d36c143a5969e5189,2018-07-21 17:02:18,9.8,4,2018-06-19 00:16:16
2d2322d842118867781fc737e96d59a1,8c37353173db5c03df9e813cfe9a9326,2018-07-31 21:52:10,19.2,5,2018-07-21 17:02:18
2d2322d842118867781fc737e96d59a1,73b6ddc94c65c2002e53a5cb71257232,2018-08-07 16:20:01,73.5,6,2018-07-31 21:52:10
2d2322d842118867781fc737e96d59a1,5eb2d78f174daa47e90249a44e033aca,2018-08-19 17:22:11,21.5,7,2018-08-07 16:20:01
2d2322d842118867781fc737e96d59a1,f1d5c2e6867fa93ceee9ef9b34a53cbf,2018-08-25 21:20:50,2.2,8,2018-08-19 17:22:11
2d34636518ba88f5349b732fcf8ba2e4,654bb3bf5756b75c4b37dd9fd7170cf6,2018-04-30 20:25:31,150.0,1,
2d42ebcda99fd55f6f4bc2f1ca035d50,366b4b0bfae819ac43feb2b2ef5821e8,2018-06-24 13:21:50,89.0,1,
2d42ebcda99fd55f6f4bc2f1ca035d50,b94733bd6f62e2b5e53a30a2a27f109f,2018-06-26 12:18:09,178.0,2,2018-06-24 13:21:50
2d42ebcda99fd55f6f4bc2f1ca035d50,c256ab3bcaf77d9695562a49f8be8a26,2018-06-29 18:50:59,89.0,3,2018-06-26 12:18:09
2d42ebcda99fd55f6f4bc2f1ca035d50,95d8d3c4c0f3ac475f40696807344776,2018-07-05 17:55:26,89.0,4,2018-06-29 18:50:59
2d42ebcda99fd55f6f4bc2f1ca035d50,4548b28532019ff74082bf5b5ab11410,2018-07-16 13:25:21,89.0,5,2018-07-05 17:55:26
2d42ebcda99fd55f6f4bc2f1ca035d50,dffb9004059a7aa9a84571480d7a1c0f,2018-07-23 22:06:24,89.0,6,2018-07-16 13:25:21
2d42ebcda99fd55f6f4bc2f1ca035d50,8b0d9469bcbdd6061d09db72ad2a1d22,2018-07-25 12:27:03,89.0,7,2018-07-23 22:06:24
2d42ebcda99fd55f6f4bc2f1ca035d50,c81217ac6f729105708524c82fa37172,2018-07-31 19:22:54,89.0,8,2018-07-25 12:27:03
2d42ebcda99fd55f6f4bc2f1ca035d50,ef8ad84adcf1d4c437f165f437e238f6,2018-08-05 22:17:22,85.5,9,2018-07-31 19:22:54
2d42ebcda99fd55f6f4bc2f1ca035d50,21f76c9cee317278663cbec02a2fb2f4,2018-08-08 13:20:45,35.0,10,2018-08-05 22:17:22
2e7ea2aafec5835e781b21d6d1faf1f1,601d20f33163e575f4eb9704e3730c1a,2018-07-05 18:35:55,69.0,1,
2e7ea2aafec5835e781b21d6d1faf1f1,ebb9d61c0744305e9172b4265468c17b,2018-08-02 18:09:34,45.9,2,2018-07-05 18:35:55
2e7ea2aafec5835e781b21d6d1faf1f1,ba45b8302387142f547f4acd1c75b61d,2018-08-03 12:28:36,149.5,3,2018-08-02 18:09:34
2e7ea2aafec5835e781b21d6d1faf1f1,cdbf4152d2857c30e94f8e15e0dc9914,2018-08-05 18:45:25,65.0,4,2018-08-03 12:28:36
2e7ea2aafec5835e781b21d6d1faf1f1,3e02fdc7581b3911fb32501e56bd3192,2018-08-06 10:05:09,65.0,5,2018-08-05 18:45:25
2e7ea2aafec5835e781b21d6d1faf1f1,92822ff2220ab001aba01e753780cfe4,2018-08-19 20:54:41,69.0,6,2018-08-06 10:05:09
2e7ea2aafec5835e781b21d6d1faf1f1,cb3fd1d04f967b6c2d2fbb8f50970c8f,2018-08-23 21:46:53,65.0,7,2018-08-19 20:54:41
2fa13c8bd5705d279f7ed5cc9ec61c68,d475435c334bbda632af299cf41813d8,2018-04-20 11:25:54,16.9,1,
2fa13c8bd5705d279f7ed5cc9ec61c68,0c06719338eba9ad30362c43bad76d87,2018-07-10 17:52:57,70.5,2,2018-04-20 11:25:54
30a81d8cf85fb2ada1b1b094c9583a95,be29b4d0774e9898e80770918c0f2f64,2018-02-22 01:14:05,57.99,1,
30a81d8cf85fb2ada1b1b094c9583a95,d78f37563bb2b393bb33db35d835b390,2018-02-22 09:39:22,57.99,2,2018-02-22 01:14:05
30a81d8cf85fb2ada1b1b094c9583a95,589310d3d488112508a26f3e22ba30ca,2018-02-27 12:17:08,57.99,3,2018-02-22 09:39:22
30a81d8cf85fb2ada1b1b094c9583a95,27b102abaa3085c3b20a4610c892d795,2018-04-16 10:46:08,39.9,4,2018-02-27 12:17:08
30a81d8cf85fb2ada1b1b094c9583a95,0d6a0453c500662c5e131395aa113900,2018-04-25 15:13:02,89.9,5,2018-04-16 10:46:08
30a81d8cf85fb2ada1b1b094c9583a95,fa91e7e50fe0b08ee650cfece2a86c22,2018-05-01 11:52:33,100.0,6,2018-04-25 15:13:02
30a81d8cf85fb2ada1b1b094c9583a95,76f48aa30ddc623d62de0fcc17dc19fe,2018-05-04 21:29:13,100.0,7,2018-05-01 11:52:33
30a81d8cf85fb2ada1b1b094c9583a95,4edb6ef70ac1110853f2faae2794ac6a,2018-05-07 17:23:11,55.98,8,2018-05-04 21:29:13
30a81d8cf85fb2ada1b1b094c9583a95,acfed64ad00ae8fe023c91e65fb3f85d,2018-05-09 15:45:53,34.9,9,2018-05-07 17:23:11
30a81d8cf85fb2ada1b1b094c9583a95,ac3b0c224349e4ca9a0b0f2e8fbc4c75,2018-05-16 04:47:08,34.9,10,2018-05-09 15:45:53
30a81d8cf85fb2ada1b1b094c9583a95,f80e68b525d4ea7025db2f4648d4007d,2018-05-23 00:01:15,100.0,11,2018-05-16 04:47:08
30a81d8cf85fb2ada1b1b094c9583a95,fea37071a9fe1444fc1ed7f316b68478,2018-07-04 00:19:09,34.99,12,2018-05-23 00:01:15
30a81d8cf85fb2ada1b1b094c9583a95,98484b32a3bbf287f3347e001275ed21,2018-07-21 08:04:54,100.0,13,2018-07-04 00:19:09
30a81d8cf85fb2ada1b1b094c9583a95,2fdd596723c47b1dd0dcade4d2cd1df4,2018-07-31 20:50:52,90.0,14,2018-07-21 08:04:54
30a81d8cf85fb2ada1b1b094c9583a95,d640892cc6e635047b062a06b5f9ce32,2018-08-01 10:59:25,34.9,15,2018-07-31 20:50:52
30a81d8cf85fb2ada1b1b094c9583a95,6d96df9c3708428cc5c9b8f2aca02055,2018-08-08 13:03:35,200.0,16,2018-08-01 10:59:25
30a81d8cf85fb2ada1b1b094c9583a95,3720597f28a3c3c4dd7e603f98e67af1,2018-08-15 10:14:58,55.98,17,2018-08-08 13:03:35
31be790e64fc99f8ff48ec2bd18a3104,8682a030870edcce6a8b8299b68aa4d6,2018-07-29 23:08:40,39.9,1,
31be790e64fc99f8ff48ec2bd18a3104,6df5ccb6ecd13e123c2a9a0a5ed0ae9f,2018-08-04 13:20:19,44.9,2,2018-07-29 23:08:40
31be790e64fc99f8ff48ec2bd18a3104,aa20c8dee3466002e6bd9d64cdac1bdb,2018-08-07 10:06:59,44.9,3,2018-08-04 13:20:19
31be790e64fc99f8ff48ec2bd18a3104,21c24f8f2452ec20a5184abfb269c35e,2018-08-08 15:50:08,44.9,4,2018-08-07 10:06:59
31be790e64fc99f8ff48ec2bd18a3104,0ee78b4d78116d8d91f47dc4b290f526,2018-08-13 13:19:54,44.9,5,2018-08-08 15:50:08
31be790e64fc99f8ff48ec2bd18a3104,97281bb4f529a833c220982299fe4f34,2018-08-17 20:53:26,21.9,6,2018-08-13 13:19:54
3289d8c3eef4873f91ce0b1343c0dd58,114b1cbf281d72023b151203775b0b4f,2018-05-25 18:44:29,199.99,1,
33cbbec1e7e1044aaf11d152172c776f,794d80f9e8620ca36ebf6adef63cb6ee,2018-04-03 20:15:00,74.06,1,
33cbbec1e7e1044aaf11d152172c776f,531327b704efe1a9d929abf11f2327f3,2018-04-04 18:45:44,38.17,2,2018-04-03 20:15:00
33cbbec1e7e1044aaf11d152172c776f,e213fc2168e6a1892d02c54ead180c5f,2018-04-06 15:08:22,71.32,3,2018-04-04 18:45:44
33cbbec1e7e1044aaf11d152172c776f,05646cef8f5791776e224b7967607b4f,2018-04-15 16:50:27,22.14,4,2018-04-06 15:08:22
33cbbec1e7e1044aaf11d152172c776f,bfa8088a92f7ab4ae75c7841ad9cac8d,2018-04-18 19:20:52,51.95,5,2018-04-15 16:50:27
33cbbec1e7e1044aaf11d152172c776f,b0c9b865f0a55ad23c74dea02e570349,2018-04-19 16:53:53,34.23,6,2018-04-18 19:20:52
33cbbec1e7e1044aaf11d152172c776f,efd4b23521a036f85f700bc5cb8fe971,2018-04-22 19:50:09,35.73,7,2018-04-19 16:53:53
33cbbec1e7e1044aaf11d152172c776f,d5d3ec988fdf9d0896092f00c1c54fa0,2018-05-06 19:31:23,71.32,8,2018-04-22 19:50:09
33cbbec1e7e1044aaf11d152172c776f,669a663f230d97aa7f73a763ce435bcb,2018-05-12 20:21:55,21.45,9,2018-05-06 19:31:23
33cbbec1e7e1044aaf11d152172c776f,47aa4816b27ba60ec948cd019cc1afc1,2018-06-26 13:42:52,53.44,10,2018-05-12 20:21:55
33cbbec1e7e1044aaf11d152172c776f,bef03713fe5980450be9ff427e26b699,2018-07-07 14:14:00,38.62,11,2018-06-26 13:42:52
33cbbec1e7e1044aaf11d152172c776f,16266dcc0650cb074864170843ad9238,2018-07-08 22:48:12,42.72,12,2018-07-07 14:14:00
33cbbec1e7e1044aaf11d152172c776f,6a5f34bb72296c7b4f4a68b6d742d390,2018-07-17 10:34:08,41.52,13,2018-07-08 22:48:12
33cbbec1e7e1044aaf11d152172c776f,ee72ce44903a7907d3c84f46ef2dd863,2018-07-25 13:15:31,80.56,14,2018-07-17 10:34:08
33cbbec1e7e1044aaf11d152172c776f,4854bc4c9c26ab65c3b7ff11c0a03586,2018-08-18 13:56:19,53.44,15,2018-07-25 13:15:31
33d677f27a69b84051204ee4ae76eaca,dce4968a8e46a08de010a63c833f8c89,2018-03-17 19:07:43,14.9,1,
33d677f27a69b84051204ee4ae76eaca,2fc4990b9de2806b1e361d39937c113c,2018-04-05 21:41:17,14.9,2,2018-03-17 19:07:43
33d677f27a69b84051204ee4ae76eaca,ae03268ee4119ed84cd059a8dfb4a6dc,2018-04-17 09:24:21,18.9,3,2018-04-05 21:41:17
33d677f27a69b84051204ee4ae76eaca,44ce5b2db8d5cdec03361d95f88fb2eb,2018-04-23 16:19:36,14.9,4,2018-04-17 09:24:21
33d677f27a69b84051204ee4ae76eaca,aaa965f3b2dc351f34bbe80a4a0d1c0e,2018-06-01 10:27:30,14.9,5,2018-04-23 16:19:36
33d677f27a69b84051204ee4ae76eaca,92fe9f93b7bb7a99f55be01fcd629140,2018-06-04 16:08:03,14.9,6,2018-06-01 10:27:30
33d677f27a69b84051204ee4ae76eaca,67d2ae169dba836bc9ff49fd88e1324f,2018-06-10 11:20:21,14.9,7,2018-06-04 16:08:03
33d677f27a69b84051204ee4ae76eaca,d5cda33c87a415a696188f2f71799fe0,2018-06-22 16:59:06,37.8,8,2018-06-10 11:20:21
33d677f27a69b84051204ee4ae76eaca,d15d5477cce94ff7cc703231f43288a2,2018-07-20 19:11:27,18.9,9,2018-06-22 16:59:06
33dd941c27854f7625b968cc6195a552,a1a11a4a2c9a4745ef09bc18e053b51a,2018-05-27 16:26:55,1377.5,1,
33dd941c27854f7625b968cc6195a552,826c215c77d0299238e4a2d52a8f5a99,2018-05-30 11:04:00,1377.5,2,2018-05-27 16:26:55
33dd941c27854f7625b968cc6195a552,3e40fd20e1f24da8d88521364c41136d,2018-06-16 22:09:12,1377.5,3,2018-05-30 11:04:00
33dd941c27854f7625b968cc6195a552,41e12d2c0b4b336d20ccb6d37cffdb17,2018-06-20 15:26:42,1377.5,4,2018-06-16 22:09:12
33dd941c27854f7625b968cc6195a552,782656b57c879a8c0d6a326048331e91,2018-08-03 00:45:12,1277.5,5,2018-06-20 15:26:42
3492e68f37fd1df87f4f2f2ea247f445,707ce8d2f93336ab1524c11cdb659bec,2018-05-09 22:09:32,39.99,1,
3492e68f37fd1df87f4f2f2ea247f445,ee07e83c0d2cc891e7ff4f5472475ffc,2018-05-15 15:10:39,99.98,2,2018-05-09 22:09:32
3492e68f37fd1df87f4f2f2ea247f445,ad2cd0c1191ac47da3a52b1bf112b391,2018-07-04 10:53:59,23.98,3,2018-05-15 15:10:39
3492e68f37fd1df87f4f2f2ea247f445,6054d8418ec326a7a9382171632b7a7d,2018-07-22 18:35:13,379.95,4,2018-07-04 10:53:59
3492e68f37fd1df87f4f2f2ea247f445,fdc0ec1ee168b2b7c9d3a501b0d1d69d,2018-08-04 23:29:35,60.99,5,2018-07-22 18:35:13
3492e68f37fd1df87f4f2f2ea247f445,b4472226dccdf2b8b06bbc4256cf7b64,2018-08-07 18:50:30,60.99,6,2018-08-04 23:29:35
3492e68f37fd1df87f4f2f2ea247f445,b2ba6dc36919f6194acddab3c69c65b5,2018-08-07 20:39:45,60.99,7,2018-08-07 18:50:30
3492e68f37fd1df87f4f2f2ea247f445,b1b7d5ed61bf1eddfc24d53ce60f4f71,2018-08-08 19:53:48,60.99,8,2018-08-07 20:39:45
34f563c82a85b99ae9e6d60db5fc2e28,c853154a864decd8d273d8c6aa17ee60,2018-04-13 15:09:55,189.9,1,
34f563c82a85b99ae9e6d60db5fc2e28,055b09c841dc52097e688df51b163310,2018-04-26 20:30:00,185.9,2,2018-04-13 15:09:55
34f563c82a85b99ae9e6d60db5fc2e28,4b17e1c5883e048067f7ea46b74fe222,2018-05-07 14:52:26,185.9,3,2018-04-26 20:30:00
34f563c82a85b99ae9e6d60db5fc2e28,5a8a7f4c51588126be426fa3d099b828,2018-05-16 18:22:05,185.9,4,2018-05-07 14:52:26
34f563c82a85b99ae9e6d60db5fc2e28,ee971d64c174b5362587678fd24650fe,2018-07-04 19:01:41,209.9,5,2018-05-16 18:22:05
34f563c82a85b99ae9e6d60db5fc2e28,62d9b911d7c56cf455f660eecb8ddd3a,2018-07-21 14:32:36,969.0,6,2018-07-04 19:01:41
34f563c82a85b99ae9e6d60db5fc2e28,728f6c4bcd81ebdfeb353bb9b0893a12,2018-08-04 12:34:43,185.9,7,2018-07-21 14:32:36
34f563c82a85b99ae9e6d60db5fc2e28,f2e689a11a0a962aa271e7715b516ee2,2018-08-06 20:19:36,219.9,8,2018-08-04 12:34:43
36f98ad67cc981f50ce8aed093d5783c,7802207732bf2bf55f1994667489339b,2018-07-25 11:04:58,50.0,1,
36f98ad67cc981f50ce8aed093d5783c,af7f48cf036eff2a82e44332f7d36f2b,2018-08-01 23:43:21,69.4,2,2018-07-25 11:04:58
377bc18334c78dd2f1535ef22a3ad225,d76fe905f4588ad69ab3b36527bb267d,2018-08-18 20:59:58,135.98,1,
382229d1e840115ffe3dbf5ff460e417,db0cf68d7b84f2563ba24fe7a111e2be,2018-04-14 22:35:36,49.9,1,
382229d1e840115ffe3dbf5ff460e417,3076ea1c1a37131c434eb5105c60c55f,2018-04-16 13:24:43,49.9,2,2018-04-14 22:35:36
382229d1e840115ffe3dbf5ff460e417,2d164bf33635284fdf3ae2ff61a2dba5,2018-04-18 14:43:42,39.9,3,2018-04-16 13:24:43
382229d1e840115ffe3dbf5ff460e417,2e948d6a9d161cfafbe10825f86028d4,2018-04-20 10:31:42,79.9,4,2018-04-18 14:43:42
382229d1e840115ffe3dbf5ff460e417,725caf02795e0b544f8632bc82a3390b,2018-04-24 20:42:11,49.9,5,2018-04-20 10:31:42
382229d1e840115ffe3dbf5ff460e417,978c24a4fc04842cd8b599294c1d4e2b,2018-04-24 23:09:12,29.9,6,2018-04-24 20:42:11
382229d1e840115ffe3dbf5ff460e417,d260277a7aa9c0b43085988159b47726,2018-04-25 15:20:14,49.9,7,2018-04-24 23:09:12
382229d1e840115ffe3dbf5ff460e417,2214cc5b55271606e0beb67cc2d09eef,2018-04-25 17:16:10,29.9,8,2018-04-25 15:20:14
382229d1e840115ffe3dbf5ff460e417,b826bfdea5744dfde2f59560ca882533,2018-04-25 18:49:06,79.9,9,2018-04-25 17:16:10
382229d1e840115ffe3dbf5ff460e417,3f905b9ea57c91684a194b1815fb513b,2018-04-26 07:45:47,29.9,10,2018-04-25 18:49:06
382229d1e840115ffe3dbf5ff460e417,08d8f90d77d9280c2e00ee3d749c22ae,2018-04-27 07:43:53,59.9,11,2018-04-26 07:45:47
382229d1e840115ffe3dbf5ff460e417,9802c8064442c734074a7b608505a3f8,2018-04-28 10:22:29,199.99,12,2018-04-27 07:43:53
382229d1e840115ffe3dbf5ff460e417,b7c1e61873600816fefa3d64e946cf3f,2018-04-30 10:27:26,44.8,13,2018-04-28 10:22:29
382229d1e840115ffe3dbf5ff460e417,1aa6dcae07029eb10e20eaa903ce9636,2018-04-30 11:37:25,199.99,14,2018-04-30 10:27:26
382229d1e840115ffe3dbf5ff460e417,fbcf01552e675bbadc8d4091206f76f5,2018-05-03 21:51:18,49.9,15,2018-04-30 11:37:25
382229d1e840115ffe3dbf5ff460e417,9f2fe2350791b5e9e62610331d125843,2018-05-03 22:21:53,119.8,16,2018-05-03 21:51:18
382229d1e840115ffe3dbf5ff460e417,df0fc2525c393ef5bcd58db7516a0fcb,2018-05-06 10:06:00,49.9,17,2018-05-03 22:21:53
382229d1e840115ffe3dbf5ff460e417,81c53fd7fc60655da24e455974b880ce,2018-05-07 13:03:38,49.9,18,2018-05-06 10:06:00
382229d1e840115ffe3dbf5ff460e417,2ae6d828f4cf351ecb662a1f2c30aa93,2018-05-07 17:50:10,49.9,19,2018-05-07 13:03:38
382229d1e840115ffe3dbf5ff460e417,0e387099da9e67758ef1bee4f17095d3,2018-05-09 08:09:31,49.9,20,2018-05-07 17:50:10
382229d1e840115ffe3dbf5ff460e417,5b9a0e4cbfc2d6a1347472c847a4a4e1,2018-05-19 14:35:15,39.9,21,2018-05-09 08:09:31
382229d1e840115ffe3dbf5ff460e417,3d00fba40b3bbf3283c4f21e9129d855,2018-05-19 18:07:36,49.9,22,2018-05-19 14:35:15
382229d1e840115ffe3dbf5ff460e417,9934c4532c0567cd2210f7fd9041bcb7,2018-05-22 09:31:06,78.99,23,2018-05-19 18:07:36
382229d1e840115ffe3dbf5ff460e417,73fc770f6cccde5fdd23cc5b127b57bc,2018-06-06 16:07:51,79.9,24,2018-05-22 09:31:06
382229d1e840115ffe3dbf5ff460e417,b6d8b094c9a771ac0f54c664f5651a5f,2018-07-02 20:15:27,129.9,25,2018-06-06 16:07:51
382229d1e840115ffe3dbf5ff460e417,a4f3a3f57f483a605280e1e66a6bb18b,2018-07-10 16:08:55,349.99,26,2018-07-02 20:15:27
382229d1e840115ffe3dbf5ff460e417,f2a3d556c40ae141f8633033d5589bc5,2018-07-15 18:02:57,28.89,27,2018-07-10 16:08:55
382229d1e840115ffe3dbf5ff460e417,fe3dc8be25e5bf90ae8fc3c6d7f680bf,2018-07-15 19:30:43,349.99,28,2018-07-15 18:02:57
382229d1e840115ffe3dbf5ff460e417,e742341b8b6bf5a833c52f7c607f6b69,2018-07-20 19:48:10,129.99,29,2018-07-15 19:30:43
382229d1e840115ffe3dbf5ff460e417,cc4262265ee51b6f5d446e6218149391,2018-07-22 14:34:34,169.99,30,2018-07-20 19:48:10
382229d1e840115ffe3dbf5ff460e417,f645bae2cdb36f1fd4b912724fd610a4,2018-07-25 10:10:53,199.99,31,2018-07-22 14:34:34
382229d1e840115ffe3dbf5ff460e417,eb73628992e7d5099384b8016d82e775,2018-07-31 13:16:48,249.99,32,2018-07-25 10:10:53
382229d1e840115ffe3dbf5ff460e417,90a35d6c7ac144ef7398458a2beb3963,2018-08-02 14:37:51,29.9,33,2018-07-31 13:16:48
382229d1e840115ffe3dbf5ff460e417,c2412fc369f785dbaebb28b731f92bdc,2018-08-03 10:43:27,29.9,34,2018-08-02 14:37:51
382229d1e840115ffe3dbf5ff460e417,9d2542bf51fa5287da26940813c6c0fd,2018-08-03 15:28:52,29.9,35,2018-08-03 10:43:27
382229d1e840115ffe3dbf5ff460e417,c30b8d50e79a4d6ce964a2a0b1f3a6d5,2018-08-03 21:17:04,29.9,36,2018-08-03 15:28:52
382229d1e840115ffe3dbf5ff460e417,41f02d9998aea7e212e8917bf2649cce,2018-08-05 12:08:20,29.9,37,2018-08-03 21:17:04
382229d1e840115ffe3dbf5ff460e417,df830c3266897b412bb8598ecc43c09f,2018-08-05 22:05:28,59.8,38,2018-08-05 12:08:20
382229d1e840115ffe3dbf5ff460e417,029b2daf51dda061aeb1cf32c9306db7,2018-08-06 16:20:23,29.9,39,2018-08-05 22:05:28
382229d1e840115ffe3dbf5ff460e417,50016ee0bec18cb823bd67b9c438267f,2018-08-08 13:47:02,57.78,40,2018-08-06 16:20:23
382229d1e840115ffe3dbf5ff460e417,33401c04efca8f6e33ee1cc1eaa8e32a,2018-08-08 16:53:14,299.99,41,2018-08-08 13:47:02
382229d1e840115ffe3dbf5ff460e417,c38e0a7ecb6d609cc307eb449dbdc4de,2018-08-10 11:05:48,29.9,42,2018-08-08 16:53:14
382229d1e840115ffe3dbf5ff460e417,8b4d265764544f6a280f2ae60b579be7,2018-08-16 22:02:32,29.99,43,2018-08-10 11:05:48
382229d1e840115ffe3dbf5ff460e417,698718954b64ad9f11e9ef210e72d100,2018-08-19 13:02:11,129.9,44,2018-08-16 22:02:32
382229d1e840115ffe3dbf5ff460e417,3216e9aab2494253d39f045d704d1b71,2018-08-20 17:34:26,29.9,45,2018-08-19 13:02:11
3903c788ded8dc03b5ebab37a2f3e9a1,45ccd2f1dba595badc92a8c34c88381f,2018-05-25 12:51:58,12.0,1,
3903c788ded8dc03b5ebab37a2f3e9a1,b9385ac2c4b80d5339b96a2593dd84cb,2018-06-18 21:49:23,22.99,2,2018-05-25 12:51:58
3903c788ded8dc03b5ebab37a2f3e9a1,a8ddfd6f6316a1c31da18f179981ecc6,2018-06-27 12:01:22,13.0,3,2018-06-18 21:49:23
3903c788ded8dc03b5ebab37a2f3e9a1,77e9d2f71c740441b1fce48743b8e358,2018-07-11 14:19:04,49.0,4,2018-06-27 12:01:22
3903c788ded8dc03b5ebab37a2f3e9a1,69fe57ea54b1926c309bb133b16f9501,2018-08-05 14:00:06,22.99,5,2018-07-11 14:19:04
398cb257329ef7af7f1943a8974a3cbc,c382d84d35f4d874b1f1c372f4bde27c,2018-07-20 09:42:40,145.9,1,
3ab971ce71839580d2ae5b4e40fe8044,b74b01e1553f1129b7aa5c0b73016c62,2018-06-03 17:41:43,85.9,1,
3ab971ce71839580d2ae5b4e40fe8044,648e0ac5cc6c2c2f7fa83738b193516a,2018-06-05 13:24:48,195.0,2,2018-06-03 17:41:43
3ab971ce71839580d2ae5b4e40fe8044,79da3f5fe31ad1e454f06f95dc032ad5,2018-06-05 17:00:04,85.9,3,2018-06-05 13:24:48
3ab971ce71839580d2ae5b4e40fe8044,96a0411828c1774771b1c912e8dd813c,2018-06-06 13:24:51,85.9,4,2018-06-05 17:00:04
3ab971ce71839580d2ae5b4e40fe8044,2e1280399c65455d35233b8e0144d883,2018-06-07 13:09:44,169.9,5,2018-06-06 13:24:51
3ab971ce71839580d2ae5b4e40fe8044,869801fc99307b961a244f5828e568bc,2018-06-17 09:41:10,160.0,6,2018-06-07 13:09:44
3ab971ce71839580d2ae5b4e40fe8044,ab668aaea7f0e48e485474b11f44c582,2018-06-18 14:53:05,169.9,7,2018-06-17 09:41:10
3ab971ce71839580d2ae5b4e40fe8044,477ee3f21cb7374ecfa12433c30f53f5,2018-06-21 10:46:55,169.9,8,2018-06-18 14:53:05
3ab971ce71839580d2ae5b4e40fe8044,c6aae003b7c6c4c197112467858aa37b,2018-06-21 13:34:39,171.8,9,2018-06-21 10:46:55
3ab971ce71839580d2ae5b4e40fe8044,db34c05a3a62253b75d21d5383f7f094,2018-06-24 14:36:00,105.0,10,2018-06-21 13:34:39
3ab971ce71839580d2ae5b4e40fe8044,736949a08413c4ce4af7e3f75291fb64,2018-06-26 09:26:55,105.0,11,2018-06-24 14:36:00
3ab971ce71839580d2ae5b4e40fe8044,aa20a93ef3a47575823a475a8dd8399d,2018-06-26 19:22:37,169.9,12,2018-06-26 09:26:55
3ab971ce71839580d2ae5b4e40fe8044,e43abf9982299e5688c4848401c0fe83,2018-06-27 19:07:12,119.9,13,2018-06-26 19:22:37
3ab971ce71839580d2ae5b4e40fe8044,f13e2dd2c1c2f64bad1edb05bf4f241c,2018-06-28 10:55:54,169.9,14,2018-06-27 19:07:12
3ab971ce71839580d2ae5b4e40fe8044,0b137ac032763829e728afcfee3ac3f2,2018-07-01 20:25:18,169.9,15,2018-06-28 10:55:54
3ab971ce71839580d2ae5b4e40fe8044,43e22b919baf176fe28fb243217cc90c,2018-07-01 23:01:29,105.0,16,2018-07-01 20:25:18
3ab971ce71839580d2ae5b4e40fe8044,34ab0cb9a828372a0c1de84088b216ae,2018-07-03 17:08:07,169.9,17,2018-07-01 23:01:29
3ab971ce71839580d2ae5b4e40fe8044,f2dca318c079a2926e6162e12d08ca31,2018-07-08 20:51:25,105.0,18,2018-07-03 17:08:07
3ab971ce71839580d2ae5b4e40fe8044,8b02937454ecbf39dea9989375d931e3,2018-07-10 18:54:07,105.0,19,2018-07-08 20:51:25
3ab971ce71839580d2ae5b4e40fe8044,363f8154ce0860b9c0c5a4c09e9f619c,2018-07-18 12:53:57,169.9,20,2018-07-10 18:54:07
3ab971ce71839580d2ae5b4e40fe8044,f7a7059f0d9946568a0892de75768327,2018-07-19 22:42:54,169.9,21,2018-07-18 12:53:57
3ab971ce71839580d2ae5b4e40fe8044,3a328e1340a59982235a158a25133cba,2018-07-21 01:22:16,105.0,22,2018-07-19 22:42:54
3ab971ce71839580d2ae5b4e40fe8044,5b0a937c574c108a5e2359af5665b99a,2018-07-23 22:28:09,195.0,23,2018-07-21 01:22:16
3ab971ce71839580d2ae5b4e40fe8044,86f326cf5027a4aff831e2c80f1b383e,2018-07-24 10:28:02,105.0,24,2018-07-23 22:28:09
3ab971ce71839580d2ae5b4e40fe8044,dd26c70e6896e3faa053b43b35ba8330,2018-07-26 12:12:08,119.9,25,2018-07-24 10:28:02
3ab971ce71839580d2ae5b4e40fe8044,75c3cc4d3b69230a82468be4d1afe002,2018-08-04 13:07:58,119.9,26,2018-07-26 12:12:08
3ab971ce71839580d2ae5b4e40fe8044,43cc7aac762dbd5d93a8354a946d85d9,2018-08-05 08:03:50,119.0,27,2018-08-04 13:07:58
3ab971ce71839580d2ae5b4e40fe8044,b08e84226fa195d1d2f2edca21486c8e,2018-08-05 13:25:26,119.9,28,2018-08-05 08:03:50
3ab971ce71839580d2ae5b4e40fe8044,f09afa8a9cfcfba64cb18282881fe509,2018-08-12 11:04:12,119.9,29,2018-08-05 13:25:26
3ab971ce71839580d2ae5b4e40fe8044,5b8dcad724fe4568d2615017c056e69b,2018-08-13 21:23:53,240.0,30,2018-08-12 11:04:12
3ab971ce71839580d2ae5b4e40fe8044,942456653f776d428a6107bb73f7780c,2018-08-14 13:09:01,238.0,31,2018-08-13 21:23:53
3ab971ce71839580d2ae5b4e40fe8044,ad2e046d1a59ee49ddf9ae258360b81b,2018-08-15 07:28:01,119.0,32,2018-08-14 13:09:01
3ab971ce71839580d2ae5b4e40fe8044,ee43f81be49659ebbee2bc7b90aeef4b,2018-08-18 10:19:46,119.0,33,2018-08-15 07:28:01
3ab971ce71839580d2ae5b4e40fe8044,1da44207e99dbf6f88a322548bb43aab,2018-08-19 12:01:33,119.9,34,2018-08-18 10:19:46
3ab971ce71839580d2ae5b4e40fe8044,f26f902bdbbc733c04384af07f954c19,2018-08-20 14:25:47,119.0,35,2018-08-19 12:01:33
3d2531eccfbde1d7c8db7a3a12fb267a,a079628ac8002126e75f86b0f87332e4,2018-04-24 10:19:45,99.99,1,
3d2531eccfbde1d7c8db7a3a12fb267a,92b6dcbe80525761dcdfe87e9acf0ef8,2018-05-05 16:05:44,99.99,2,2018-04-24 10:19:45
3d2531eccfbde1d7c8db7a3a12fb267a,08869d221628341d81a9dd18a07f625a,2018-05-06 22:31:38,99.99,3,2018-05-05 16:05:44
3d2531eccfbde1d7c8db7a3a12fb267a,74087a3756fc76e1e19114c5d3f80cf1,2018-05-10 23:21:21,99.99,4,2018-05-06 22:31:38
3d2531eccfbde1d7c8db7a3a12fb267a,c7f9a63be296b2be1bb5ad47c7d61dd2,2018-05-12 12:18:52,99.99,5,2018-05-10 23:21:21
3d2531eccfbde1d7c8db7a3a12fb267a,a208f1b14dd7bd4f2830243124d9714f,2018-06-10 10:50:25,99.99,6,2018-05-12 12:18:52
3d2531eccfbde1d7c8db7a3a12fb267a,b6bcb5bd5e05b11cfde23235152ebc56,2018-06-23 09:22:38,349.9,7,2018-06-10 10:50:25
3d2531eccfbde1d7c8db7a3a12fb267a,0f6ce0bef7443fbfd5076ab3abfceaa2,2018-06-28 19:08:30,349.9,8,2018-06-23 09:22:38
3d2531eccfbde1d7c8db7a3a12fb267a,aefd94f1b5fb4acfd62eaf1264846946,2018-07-13 16:11:57,349.9,9,2018-06-28 19:08:30
3d2531eccfbde1d7c8db7a3a12fb267a,0796436a57062ff1b4a95616fdf3f2fa,2018-08-19 18:34:21,349.9,10,2018-07-13 16:11:57
3d3ccf2b2f8134b10dce9dd446f0e075,ffbcbeeac5c9c9495cd729f896bc1d5f,2018-06-20 21:14:59,82.8,1,
3d3ccf2b2f8134b10dce9dd446f0e075,fa4ee681ec32520f00735c89736b5d41,2018-06-24 10:28:15,93.5,2,2018-06-20 21:14:59
3d3ccf2b2f8134b10dce9dd446f0e075,b198ccd6b70f2462922861e8c5a571cf,2018-08-10 11:48:43,432.3,3,2018-06-24 10:28:15
3d5d0dc7073a299e31fa718ce1bc00b6,9711d975b961355b4b5d636857e48498,2018-06-13 15:23:50,50.0,1,
3d5d0dc7073a299e31fa718ce1bc00b6,9dd8939599e245883bfdcecb95ff30f8,2018-06-15 11:56:18,108.0,2,2018-06-13 15:23:50
3d5d0dc7073a299e31fa718ce1bc00b6,28f079a1f1568fda3a17841d6fe48390,2018-06-18 13:03:53,50.0,3,2018-06-15 11:56:18
3d5d0dc7073a299e31fa718ce1bc00b6,75af1e1795850c2407c73221960b3d1f,2018-06-20 22:58:49,27.9,4,2018-06-18 13:03:53
3d5d0dc7073a299e31fa718ce1bc00b6,47906fd263e2a0253d9db8a730f02abe,2018-06-21 14:34:17,27.9,5,2018-06-20 22:58:49
3d5d0dc7073a299e31fa718ce1bc00b6,996a763f13df13d00d9d9fd94f29f619,2018-06-21 16:50:33,27.9,6,2018-06-21 14:34:17
3d5d0dc7073a299e31fa718ce1bc00b6,ba227a95d8ae1abc30bda3c6c5c08c1a,2018-06-21 18:54:50,27.9,7,2018-06-21 16:50:33
3d5d0dc7073a299e31fa718ce1bc00b6,ecb29eb956683b4c0a93b0a6ad9da2d9,2018-06-23 16:36:08,27.9,8,2018-06-21 18:54:50
3d5d0dc7073a299e31fa718ce1bc00b6,fe5cc94bdaa0c8c83b6cfb74d01747cf,2018-06-25 12:25:23,27.9,9,2018-06-23 16:36:08
3d5d0dc7073a299e31fa718ce1bc00b6,8840fe9b713ea18e25ae020becf99e52,2018-06-26 15:41:37,10.0,10,2018-06-25 12:25:23
3d5d0dc7073a299e31fa718ce1bc00b6,55f305618744bee9d9287fa844807280,2018-06-27 01:31:41,27.9,11,2018-06-26 15:41:37
3d5d0dc7073a299e31fa718ce1bc00b6,819c0a8de9efdc8a6886525a06dc7967,2018-07-04 16:10:42,27.9,12,2018-06-27 01:31:41
3d5d0dc7073a299e31fa718ce1bc00b6,a559cc2d2bc89f9eac193ae83969579e,2018-07-05 16:18:39,27.9,13,2018-07-04 16:10:42
3d5d0dc7073a299e31fa718ce1bc00b6,8ef63805460994636446a1e1012ee8b6,2018-07-05 17:24:53,27.9,14,2018-07-05 16:18:39
3d5d0dc7073a299e31fa718ce1bc00b6,70ebb67db2439278b553ac34549b715d,2018-07-17 13:27:21,27.9,15,2018-07-05 17:24:53
3d5d0dc7073a299e31fa718ce1bc00b6,edc07d2563b2d10bdf1a0376f65b8f76,2018-08-01 21:40:21,10.0,16,2018-07-17 13:27:21
3d5d0dc7073a299e31fa718ce1bc00b6,26691a6d8902f95be91e566557db80aa,2018-08-02 13:46:32,15.0,17,2018-08-01 21:40:21
3d5d0dc7073a299e31fa718ce1bc00b6,b40657a8b73e674b61107a06e46b6f8d,2018-08-02 21:11:41,20.0,18,2018-08-02 13:46:32
3d5d0dc7073a299e31fa718ce1bc00b6,845faa625ef6a2b4549edd96a4bb7308,2018-08-04 20:07:22,55.0,19,2018-08-02 21:11:41
3d5d0dc7073a299e31fa718ce1bc00b6,8badb85035ae9283c53e42b0ab697410,2018-08-06 09:18:32,37.9,20,2018-08-04 20:07:22
3d5d0dc7073a299e31fa718ce1bc00b6,867d8052e7e00c74f4a3dc15943ae847,2018-08-06 19:55:49,12.0,21,2018-08-06 09:18:32
3e35a8bb43569389d3cebef0ce820f69,ff701a7c869ad21de22a6994237c8a00,2018-04-12 19:47:40,55.8,1,
3ea08c48e851106d2f584349daba335f,f5909b82b8d450b4e0a75dac08752dc8,2018-06-13 21:43:00,170.0,1,
3f9be91358837bff69df67edfa3e42e8,38f4a818aeb307590cee2478e61c9fa6,2018-03-30 11:29:18,129.9,1,
3f9be91358837bff69df67edfa3e42e8,9ba1d15b07227b24bacaa5bfc9e39b66,2018-03-31 23:39:52,45.0,2,2018-03-30 11:29:18
3f9be91358837bff69df67edfa3e42e8,b99b9205eafc5fa75cfce1be7d1d9bff,2018-04-06 09:20:57,129.9,3,2018-03-31 23:39:52
3f9be91358837bff69df67edfa3e42e8,b026d8284e76ad0e8420de7414eb519f,2018-04-06 14:59:49,45.0,4,2018-04-06 09:20:57
3f9be91358837bff69df67edfa3e42e8,dddb05d44cc0328777c8d87c479b3680,2018-05-02 18:59:47,129.9,5,2018-04-06 14:59:49
3f9be91358837bff69df67edfa3e42e8,6c8301b08c7426b14823e6362151d190,2018-05-09 19:36:34,45.0,6,2018-05-02 18:59:47
3f9be91358837bff69df67edfa3e42e8,ef27899be3cc299d6e7b3a0d9c895809,2018-05-12 18:04:04,45.0,7,2018-05-09 19:36:34
4125d9385a25e82d2f72d3a0fd55bc3f,733abca4b3372182a6c955ed064b0929,2018-08-01 16:28:34,42.9,1,
41b14765bd56c8ad10971074380f9c0c,4ec3c9f805653722ef9965b81ffe924c,2018-03-20 14:33:00,34.5,1,
41b14765bd56c8ad10971074380f9c0c,d5fbbc2e51c9e93de3502e15b4159d46,2018-04-06 07:33:51,34.5,2,2018-03-20 14:33:00
41b14765bd56c8ad10971074380f9c0c,86955b2db2cfd164e4ba01d2f63d0906,2018-05-01 19:00:58,34.5,3,2018-04-06 07:33:51
41b14765bd56c8ad10971074380f9c0c,427bdcc4eb03caf53fde12f57a84d443,2018-06-06 14:47:29,103.5,4,2018-05-01 19:00:58
41b14765bd56c8ad10971074380f9c0c,2e95196ae337c5a2956c332bb1fc0a7a,2018-06-26 13:37:09,34.5,5,2018-06-06 14:47:29
41b14765bd56c8ad10971074380f9c0c,9888a350c98263705a75ee0a82e90e7c,2018-07-01 08:23:21,34.5,6,2018-06-26 13:37:09
41b14765bd56c8ad10971074380f9c0c,4ac657f0949f8f58a10b48c192df0b4e,2018-07-05 13:15:27,34.5,7,2018-07-01 08:23:21
41b14765bd56c8ad10971074380f9c0c,c4cffa375b754170e9823a1fe9ac75bb,2018-07-29 00:48:48,85.0,8,2018-07-05 13:15:27
41da412d33e8da4f22baf55cb1bde82c,de7cb4087303bc8d6dac30bc222fdc12,2018-01-24 19:13:01,70.0,1,
41da412d33e8da4f22baf55cb1bde82c,f69425cdf960af0610de624359fd6a04,2018-02-02 10:18:03,39.5,2,2018-01-24 19:13:01
41da412d33e8da4f22baf55cb1bde82c,4117e5bb44ebdb1d0c0ebf0482dfc13c,2018-02-05 20:40:37,39.5,3,2018-02-02 10:18:03
41da412d33e8da4f22baf55cb1bde82c,ce4d8859d85000477949b11c78144074,2018-03-05 14:35:43,39.5,4,2018-02-05 20:40:37
41da412d33e8da4f22baf55cb1bde82c,e06c6d2cccfbf53339917bf60c317955,2018-03-11 11:45:43,75.0,5,2018-03-05 14:35:43
41da412d33e8da4f22baf55cb1bde82c,5b57f1611ce8186213ff0f850df43fc3,2018-03-15 17:54:17,28.0,6,2018-03-11 11:45:43
41da412d33e8da4f22baf55cb1bde82c,af4bc5e9bc2ad444c7d4e2fc8e45ebda,2018-03-21 12:08:41,28.0,7,2018-03-15 17:54:17
41da412d33e8da4f22baf55cb1bde82c,4424106c5b68a52e3c47371526b4a264,2018-04-10 19:29:38,28.0,8,2018-03-21 12:08:41
41da412d33e8da4f22baf55cb1bde82c,7c1e7c128210689fc46f3412f765b678,2018-04-12 12:03:01,271.5,9,2018-04-10 19:29:38
41da412d33e8da4f22baf55cb1bde82c,4e839b1ce670c701bd83a9d9aeb58969,2018-05-01 15:09:52,59.8,10,2018-04-12 12:03:01
41da412d33e8da4f22baf55cb1bde82c,eb96e626e9e03230dd582597da1a68ff,2018-05-08 10:44:15,39.5,11,2018-05-01 15:09:52
41da412d33e8da4f22baf55cb1bde82c,934a734f2c8a77cbe4f55441d7e051ae,2018-05-15 01:57:02,56.0,12,2018-05-08 10:44:15
41da412d33e8da4f22baf55cb1bde82c,cf4eff954b06c19d96be7d6792a1da3c,2018-06-06 20:16:16,29.9,13,2018-05-15 01:57:02
41da412d33e8da4f22baf55cb1bde82c,bca0fe55e764250fffae4ba96e671a1e,2018-06-11 17:19:41,28.8,14,2018-06-06 20:16:16
41da412d33e8da4f22baf55cb1bde82c,977f92d98cab7bb13fedbec436375f8d,2018-06-20 08:46:31,29.9,15,2018-06-11 17:19:41
42fa4ee7240e9b8eb4576358ec142ba7,a31cd1f2ccad0246f0517f09035a1d36,2018-02-04 10:58:23,185.0,1,
42fa4ee7240e9b8eb4576358ec142ba7,9f2c6714edee90964b0b631c22a22448,2018-02-06 01:03:08,165.0,2,2018-02-04 10:58:23
42fa4ee7240e9b8eb4576358ec142ba7,edd48aefe5aa3c03da43c13ef577ada6,2018-03-07 22:37:13,169.0,3,2018-02-06 01:03:08
42fa4ee7240e9b8eb4576358ec142ba7,efcf9a4a8186ce8d7f785efc572a0db3,2018-03-17 08:56:12,169.0,4,2018-03-07 22:37:13
42fa4ee7240e9b8eb4576358ec142ba7,7097cd0492a280b3e24b36fd672f5a59,2018-03-27 00:14:42,199.0,5,2018-03-17 08:56:12
42fa4ee7240e9b8eb4576358ec142ba7,a91791d0efd3f452b31466e06f150d95,2018-03-31 16:18:10,199.0,6,2018-03-27 00:14:42
42fa4ee7240e9b8eb4576358ec142ba7,1aa53856bbf007e716eab896ddea3187,2018-04-04 14:35:15,204.0,7,2018-03-31 16:18:10
42fa4ee7240e9b8eb4576358ec142ba7,93c83ea3b4b085801b081e301cb244e3,2018-04-11 17:21:18,204.0,8,2018-04-04 14:35:15
42fa4ee7240e9b8eb4576358ec142ba7,0b5130f1658aa7b154635cd0c097bd4c,2018-04-18 00:34:42,179.0,9,2018-04-11 17:21:18
42fa4ee7240e9b8eb4576358ec142ba7,a8c48d1daa81901cb7d7d4b0c0d55389,2018-04-18 23:05:15,204.0,10,2018-04-18 00:34:42
42fa4ee7240e9b8eb4576358ec142ba7,4f017431bb604b83864ddacd57e505e4,2018-04-22 12:33:15,185.0,11,2018-04-18 23:05:15
42fa4ee7240e9b8eb4576358ec142ba7,15c2d2803c9a7a4ba8f528a65814848d,2018-04-24 13:34:14,119.9,12,2018-04-22 12:33:15
42fa4ee7240e9b8eb4576358ec142ba7,9b2fa9acfe395734a133a58bcbfb9776,2018-04-25 01:03:27,185.0,13,2018-04-24 13:34:14
42fa4ee7240e9b8eb4576358ec142ba7,3f759c1be195e02e58191e02a9e8a565,2018-05-12 23:53:28,185.0,14,2018-04-25 01:03:27
42fa4ee7240e9b8eb4576358ec142ba7,f92af4956f690ebc9200d25029ce7c06,2018-05-13 16:39:19,119.9,15,2018-05-12 23:53:28
42fa4ee7240e9b8eb4576358ec142ba7,6dcd6b86d6cddcf609cee72d0427d2da,2018-05-14 14:16:10,185.0,16,2018-05-13 16:39:19
42fa4ee7240e9b8eb4576358ec142ba7,15e0c6109167c1c2789e0bc78ddaa70a,2018-05-14 19:56:23,185.0,17,2018-05-14 14:16:10
42fa4ee7240e9b8eb4576358ec142ba7,20938e71db5109f6d94e93f5263c82c2,2018-05-15 15:28:49,185.0,18,2018-05-14 19:56:23
42fa4ee7240e9b8eb4576358ec142ba7,63e68d9e780dc16336adc88e9cbe288e,2018-05-23 13:32:36,185.0,19,2018-05-15 15:28:49
42fa4ee7240e9b8eb4576358ec142ba7,df78dad0e4ef0211f5622cc26f335900,2018-06-25 08:04:30,135.0,20,2018-05-23 13:32:36
42fa4ee7240e9b8eb4576358ec142ba7,7f9cd52ad1ff3569254091c513fb552e,2018-07-06 19:03:47,119.9,21,2018-06-25 08:04:30
42fa4ee7240e9b8eb4576358ec142ba7,fca08869e5ebde633b5183dfdbc8e1be,2018-07-09 11:28:58,179.0,22,2018-07-06 19:03:47
43402bdf22aa2310e8f99e2f94f78628,90bf73869f0ae6e4ea3731dcf7e2e620,2018-05-14 18:13:58,189.99,1,
43402bdf22aa2310e8f99e2f94f78628,5707d7b7dbb169114a7150ed635fd58a,2018-05-14 19:08:11,179.98,2,2018-05-14 18:13:58
43402bdf22aa2310e8f99e2f94f78628,96950c37f6e45106dab4a4fd012e1ab9,2018-06-02 01:56:40,189.99,3,2018-05-14 19:08:11
43402bdf22aa2310e8f99e2f94f78628,f019a5199ecd85292da1320f0389a05f,2018-06-28 00:15:39,89.99,4,2018-06-02 01:56:40
44717f64ec2a457979cf83c429077666,1fa463e9b5b2b6353d650ffa262c0a85,2018-08-01 00:48:09,71.0,1,
44717f64ec2a457979cf83c429077666,5d0b303a697b0b722ed82edf076fa3ef,2018-08-18 22:35:00,36.0,2,2018-08-01 00:48:09
447d377bdb757058acb569025ee18a93,e8e55eaa809f3091cc5060cc53735660,2018-02-02 18:46:41,64.99,1,
44ed138eca6214d572ce1d813fb0049b,25362fbf6aac4b01a28dee1e076acc26,2018-08-08 00:43:30,79.8,1,
44ed138eca6214d572ce1d813fb0049b,1231dea1667f0c9cafd1d1f975b2fa1b,2018-08-21 09:31:11,49.99,2,2018-08-08 00:43:30
455befea1bb853c75ccbca94cff26e5c,9c63f9900d02e4981d36f0a782075043,2018-06-07 08:36:30,19.99,1,
4867209cb29b56b92893d7bde3ce8012,3a2eb830e78193b5cbea62829ac7ab52,2018-06-16 16:05:44,150.0,1,
48e954b2da4f6a750c844173b347ed40,8065dba483ac5b6fb4e77317735d87a1,2018-04-09 21:04:43,119.0,1,
48e954b2da4f6a750c844173b347ed40,73e08c12d3981af1a3cf6580a9253fb1,2018-05-07 14:28:20,278.8,2,2018-04-09 21:04:43
4a1917ef994878940e1fb03eeb787ad7,33c395f5b7eaa637304434e553d45cf1,2018-06-19 16:41:53,538.0,1,
4a1917ef994878940e1fb03eeb787ad7,df1fb814cd2fd847abda026285f5c4aa,2018-07-26 10:31:00,230.0,2,2018-06-19 16:41:53
4a1f694197d05fe70026b016a7316b41,9e22fb4a47d29059ef9689ca8b26d8b3,2018-02-17 01:22:20,156.97,1,
4a1f694197d05fe70026b016a7316b41,332dbacb7e4b30fa11983953ea356627,2018-05-03 23:48:53,39.99,2,2018-02-17 01:22:20
4a1f694197d05fe70026b016a7316b41,823e71d0dc92309fa71dd871bd749694,2018-05-13 21:53:17,34.99,3,2018-05-03 23:48:53
4a1f694197d05fe70026b016a7316b41,90707a3b41e1c6cde0740f9754490e92,2018-05-21 19:51:55,49.99,4,2018-05-13 21:53:17
4a1f694197d05fe70026b016a7316b41,1683815c34e20076a6b3a8b1fd3d8809,2018-05-29 18:09:04,90.97,5,2018-05-21 19:51:55
4a1f694197d05fe70026b016a7316b41,64e3a06a754ad68d968eabbdf900399c,2018-06-02 21:17:37,34.99,6,2018-05-29 18:09:04
4a1f694197d05fe70026b016a7316b41,2a770273775ea731f0a1f238f5c33a4f,2018-06-03 08:16:22,34.99,7,2018-06-02 21:17:37
4a1f694197d05fe70026b016a7316b41,3bc480522832a0e93da7aeced8fcd9a1,2018-06-07 18:25:20,149.97,8,2018-06-03 08:16:22
4a1f694197d05fe70026b016a7316b41,11052b4dd49ca81b1e7c63d562759b40,2018-06-11 15:24:25,55.98,9,2018-06-07 18:25:20
4a1f694197d05fe70026b016a7316b41,3f13c6c8bb6e531e041cc02ecda5880b,2018-06-13 21:27:31,104.97,10,2018-06-11 15:24:25
4a1f694197d05fe70026b016a7316b41,96fac65dca5efca83efce7194c1b8605,2018-07-25 15:27:04,32.99,11,2018-06-13 21:27:31
4a1f694197d05fe70026b016a7316b41,567653c46861b54519b6f4cdee500f0a,2018-08-01 17:57:54,42.99,12,2018-07-25 15:27:04
4a1f694197d05fe70026b016a7316b41,1126e8ce51fcc395870c8fabcf7de709,2018-08-01 21:53:01,42.99,13,2018-08-01 17:57:54
4a1f694197d05fe70026b016a7316b41,db29e664063fa3557cde395e02920f42,2018-08-12 20:10:32,34.99,14,2018-08-01 21:53:01
4a23adac87cf538689fa600d976f78b2,4021cd7611d6d9ce5ffcd24817fc374f,2018-08-18 11:49:40,135.0,1,
4a23adac87cf538689fa600d976f78b2,1ff7ebbeffe12add6550ad9cd0c33ba2,2018-08-21 14:09:34,135.0,2,2018-08-18 11:49:40
4a23adac87cf538689fa600d976f78b2,88aef6eed6c5cf608b6e57b402ca30ca,2018-08-22 13:02:19,135.0,3,2018-08-21 14:09:34
4a82168aaef173cbb6e46ae88728f919,b7d161c2d8850a5c429ef63f992193d2,2018-07-13 15:26:30,65.0,1,
4a82168aaef173cbb6e46ae88728f919,f6879e8e12a44ceb4c422c23489a029d,2018-07-15 12:29:16,149.0,2,2018-07-13 15:26:30
4a82168aaef173cbb6e46ae88728f919,8c802dd7e15769c1bb543be2b54ac9d4,2018-07-16 21:46:38,149.0,3,2018-07-15 12:29:16
4a82168aaef173cbb6e46ae88728f919,f87c049dcd8cafd8a6880a2e29b5d021,2018-08-07 13:32:25,149.0,4,2018-07-16 21:46:38
4bfc7a4a1cf8d4d2121c27422d9e50b5,8d7b414446f4195d6aeb04abfcdfc86e,2018-03-25 20:34:15,125.8,1,
4bfc7a4a1cf8d4d2121c27422d9e50b5,e40e39fb1358884be5aba158fc7beac5,2018-03-27 14:07:56,62.9,2,2018-03-25 20:34:15
4bfc7a4a1cf8d4d2121c27422d9e50b5,731369a05548c07e8406df981f3fbef0,2018-04-04 21:53:53,125.8,3,2018-03-27 14:07:56
4bfc7a4a1cf8d4d2121c27422d9e50b5,77ed87f3ac41afc8135ce7cf831691d5,2018-04-11 17:49:01,62.9,4,2018-04-04 21:53:53
4bfc7a4a1cf8d4d2121c27422d9e50b5,c37e2b2752a33b18419055e591329f5b,2018-04-16 00:25:51,62.9,5,2018-04-11 17:49:01
4bfc7a4a1cf8d4d2121c27422d9e50b5,20041598880c9b92bd2979cc4ef933eb,2018-04-17 10:49:54,285.0,6,2018-04-16 00:25:51
4bfc7a4a1cf8d4d2121c27422d9e50b5,40f74de53615f2e4d81c384c983b74e6,2018-05-02 11:46:26,285.0,7,2018-04-17 10:49:54
4bfc7a4a1cf8d4d2121c27422d9e50b5,8139c6ba17098ce29be01da362849540,2018-05-04 19:43:13,570.0,8,2018-05-02 11:46:26
4bfc7a4a1cf8d4d2121c27422d9e50b5,2a794faaa57fd9d51264972ad3981893,2018-05-16 09:20:00,139.0,9,2018-05-04 19:43:13
4bfc7a4a1cf8d4d2121c27422d9e50b5,fe89c2d7806e114f3c487deb11030b20,2018-05-20 12:24:04,150.0,10,2018-05-16 09:20:00
4bfc7a4a1cf8d4d2121c27422d9e50b5,1422a4b4a2aa8b66fd49ff5557200b42,2018-05-28 14:18:26,840.0,11,2018-05-20 12:24:04
4bfc7a4a1cf8d4d2121c27422d9e50b5,7b83a2b7e5dd1374c00bd1c76c3438f2,2018-05-31 08:53:57,62.9,12,2018-05-28 14:18:26
4bfc7a4a1cf8d4d2121c27422d9e50b5,35e6328c980b8ff743074072b2aa195e,2018-06-16 18:28:44,330.0,13,2018-05-31 08:53:57
4bfc7a4a1cf8d4d2121c27422d9e50b5,7746abd9cd9de029b5abc83ade0304b9,2018-06-20 19:30:49,62.9,14,2018-06-16 18:28:44
4bfc7a4a1cf8d4d2121c27422d9e50b5,a526fe23020ad8b0d2b1081b7f769452,2018-06-23 10:27:01,320.0,15,2018-06-20 19:30:49
4bfc7a4a1cf8d4d2121c27422d9e50b5,231f6725cc4f33c7d2473e21240e34fe,2018-06-29 12:51:35,320.0,16,2018-06-23 10:27:01
4bfc7a4a1cf8d4d2121c27422d9e50b5,e1d0f82fb7dcb6e5efb48ace3c44734e,2018-07-02 20:54:50,62.9,17,2018-06-29 12:51:35
4bfc7a4a1cf8d4d2121c27422d9e50b5,6b66feb014823833433d386dad897fcd,2018-07-03 10:44:45,125.8,18,2018-07-02 20:54:50
4bfc7a4a1cf8d4d2121c27422d9e50b5,69840aae60642aee7093192b37961c08,2018-07-05 00:58:05,1800.0,19,2018-07-03 10:44:45
4bfc7a4a1cf8d4d2121c27422d9e50b5,77d66e0dd1fb22e462b621cdc2da1192,2018-07-16 21:02:10,320.0,20,2018-07-05 00:58:05
4bfc7a4a1cf8d4d2121c27422d9e50b5,3386674e0363653ac5f71597d88d80fe,2018-07-23 12:04:23,320.0,21,2018-07-16 21:02:10
4bfc7a4a1cf8d4d2121c27422d9e50b5,8ceb7c40345d31112e63e0f4624e39b0,2018-07-23 14:20:59,188.7,22,2018-07-23 12:04:23
4bfc7a4a1cf8d4d2121c27422d9e50b5,488a68f9907cd07802276d560e7f7a68,2018-07-24 13:44:14,320.0,23,2018-07-23 14:20:59
4bfc7a4a1cf8d4d2121c27422d9e50b5,4d9f7ee0798052190a19d19bb0f31a40,2018-08-13 09:36:38,980.0,24,2018-07-24 13:44:14
4bfc7a4a1cf8d4d2121c27422d9e50b5,75e3a145a842715ed463a3a4ca34e489,2018-08-14 23:12:54,139.0,25,2018-08-13 09:36:38
4bfc7a4a1cf8d4d2121c27422d9e50b5,597c2563d00470ca79904967e0cd6595,2018-08-22 19:14:34,62.9,26,2018-08-14 23:12:54
4c18691b6037662be2df78a765d98ab5,33be8f753213f33b10851959bd13093e,2018-02-25 18:55:59,13.6,1,
4c18691b6037662be2df78a765d98ab5,d4acee3ee57cea5cac8b23fadcabbeda,2018-03-27 12:28:30,39.95,2,2018-02-25 18:55:59
4c18691b6037662be2df78a765d98ab5,0e05c0027e31a0a9cf1074ec1b95c8da,2018-03-31 21:54:28,39.95,3,2018-03-27 12:28:30
4c18691b6037662be2df78a765d98ab5,c5af6636b619b643a3d6e954e3a5b5de,2018-04-05 16:47:19,68.0,4,2018-03-31 21:54:28
4c18691b6037662be2df78a765d98ab5,dd5831f3eb10afa80b5cea07ae84e87e,2018-04-06 20:02:58,25.0,5,2018-04-05 16:47:19
4c18691b6037662be2df78a765d98ab5,8f0f01a6b1970e8f3c336a6b93b96d9c,2018-04-09 22:51:46,6.8,6,2018-04-06 20:02:58
4c18691b6037662be2df78a765d98ab5,7a0b0782d667ac14f59763612a94f928,2018-04-10 16:02:13,68.0,7,2018-04-09 22:51:46
4c18691b6037662be2df78a765d98ab5,a6d23aa5f1190c09129345b363de8e37,2018-04-10 17:34:43,36.5,8,2018-04-10 16:02:13
4c18691b6037662be2df78a765d98ab5,aac103aa82ea3fbc312b34cbc349859f,2018-04-10 18:45:08,15.8,9,2018-04-10 17:34:43
4c18691b6037662be2df78a765d98ab5,f7a0004aac8ff2eedd8dc760c4b605b1,2018-04-10 20:41:39,46.55,10,2018-04-10 18:45:08
4c18691b6037662be2df78a765d98ab5,74f97c26dd08c947570e01f5cf989793,2018-04-11 11:30:37,46.55,11,2018-04-10 20:41:39
4c18691b6037662be2df78a765d98ab5,bb7ae981de452cd0404838ff44ffdc79,2018-04-11 14:59:00,68.0,12,2018-04-11 11:30:37
4c18691b6037662be2df78a765d98ab5,bd5a5d136ec2b172779857caced38ddc,2018-04-14 16:08:44,25.4,13,2018-04-11 14:59:00
4c18691b6037662be2df78a765d98ab5,ce101239d4d3c22d02503fc803c73be6,2018-04-18 11:06:48,25.0,14,2018-04-14 16:08:44
4c18691b6037662be2df78a765d98ab5,cbe91005fd979400e2820e96ed64d23a,2018-04-19 20:09:43,195.0,15,2018-04-18 11:06:48
4c18691b6037662be2df78a765d98ab5,e96cffc8c55d8d7c434915f9e18de013,2018-04-21 00:58:39,30.0,16,2018-04-19 20:09:43
4c18691b6037662be2df78a765d98ab5,3523181d27be330ade8446c606e5e924,2018-04-25 20:15:51,68.0,17,2018-04-21 00:58:39
4c18691b6037662be2df78a765d98ab5,43b257905849ae34c59c666d143f50c6,2018-04-26 16:18:48,68.0,18,2018-04-25 20:15:51
4c18691b6037662be2df78a765d98ab5,6259fec518c1b381ebd6b4eb06ffbaab,2018-04-30 13:26:27,24.5,19,2018-04-26 16:18:48
4c18691b6037662be2df78a765d98ab5,bcb7b14faa9eac1a0f8ef399056da1b5,2018-05-01 11:53:11,14.5,20,2018-04-30 13:26:27
4c18691b6037662be2df78a765d98ab5,c63edca63dd5dca1b64cdb6576c9de37,2018-05-01 21:22:29,45.5,21,2018-05-01 11:53:11
4c18691b6037662be2df78a765d98ab5,6e0a631dd4ced6d6f1bb087e0f9a648b,2018-05-04 12:50:04,15.0,22,2018-05-01 21:22:29
4c18691b6037662be2df78a765d98ab5,b8b632a58abdbcc69a744281a630ecd8,2018-05-05 09:51:37,145.9,23,2018-05-04 12:50:04
4c18691b6037662be2df78a765d98ab5,257a853e3afe9bee83a67f4798e6db79,2018-05-08 14:09:32,90.0,24,2018-05-05 09:51:37
4c18691b6037662be2df78a765d98ab5,3023efa2840e41b0609d1879b171cba7,2018-05-09 16:35:05,91.0,25,2018-05-08 14:09:32
4c18691b6037662be2df78a765d98ab5,3550480abae8b6120d0c8d5ca9bbbdfd,2018-05-10 08:40:32,36.5,26,2018-05-09 16:35:05
4c18691b6037662be2df78a765d98ab5,2b88a26c626a1091116a727133c5a1c6,2018-05-12 19:14:02,72.95,27,2018-05-10 08:40:32
4c18691b6037662be2df78a765d98ab5,8da66baf68f49a58324e0e8297d4f1b8,2018-05-15 19:27:20,25.0,28,2018-05-12 19:14:02
4c18691b6037662be2df78a765d98ab5,12110189ef70d77e946c6a0bd7b945a8,2018-05-21 11:42:35,24.0,29,2018-05-15 19:27:20
4c18691b6037662be2df78a765d98ab5,53edac1a124286956f5a77aa6db858ac,2018-05-26 16:17:25,59.99,30,2018-05-21 11:42:35
4c18691b6037662be2df78a765d98ab5,75c3993b743335fa57b1645f056b59d2,2018-06-05 13:33:19,45.5,31,2018-05-26 16:17:25
4c18691b6037662be2df78a765d98ab5,777fcaf946b6f903bc6549785d3b3c2d,2018-06-07 22:05:22,59.99,32,2018-06-05 13:33:19
4c18691b6037662be2df78a765d98ab5,4baf4e226efff68fe5996f63da09745f,2018-06-12 21:45:37,45.5,33,2018-06-07 22:05:22
4c18691b6037662be2df78a765d98ab5,4fa933d3af1ace6329bd375b0be6398b,2018-06-13 16:09:06,44.5,34,2018-06-12 21:45:37
4c18691b6037662be2df78a765d98ab5,801fd091fe53f9ce56198949aee82afb,2018-06-13 16:48:11,35.0,35,2018-06-13 16:09:06
4c18691b6037662be2df78a765d98ab5,4170c6a8a42c20c1356a88bcbf187efb,2018-06-14 13:13:24,25.5,36,2018-06-13 16:48:11
4c18691b6037662be2df78a765d98ab5,2b10f34d131e31564821104736086e82,2018-06-18 11:40:59,45.5,37,2018-06-14 13:13:24
4c18691b6037662be2df78a765d98ab5,d5a9bcd8e843bed6dc81287ccf656d3f,2018-06-18 17:47:59,45.5,38,2018-06-18 11:40:59
4c18691b6037662be2df78a765d98ab5,3272770f15ff5da42dc4973b1b179552,2018-06-20 14:44:03,36.5,39,2018-06-18 17:47:59
4c18691b6037662be2df78a765d98ab5,67816bc8a83ed1ca09b99c2512cbedb3,2018-06-28 09:53:23,76.5,40,2018-06-20 14:44:03
4c18691b6037662be2df78a765d98ab5,ca726b66fb5a8d36376b73e09e4958b9,2018-06-29 14:47:56,38.75,41,2018-06-28 09:53:23
4c18691b6037662be2df78a765d98ab5,8084fb81dfc973b3d492e788bfe45ab7,2018-07-09 09:46:03,55.5,42,2018-06-29 14:47:56
4c18691b6037662be2df78a765d98ab5,feef55e09c84e8cb17cc8ccd1b05f5ec,2018-07-17 06:24:53,76.5,43,2018-07-09 09:46:03
4c18691b6037662be2df78a765d98ab5,177200d363504ea94b5064b05929e2e6,2018-07-19 16:22:41,153.0,44,2018-07-17 06:24:53
4c18691b6037662be2df78a765d98ab5,6f46d796b9d7089d7d0a78e0d254f38f,2018-07-20 14:46:23,23.5,45,2018-07-19 16:22:41
4c18691b6037662be2df78a765d98ab5,9ae90d0ae423d9ac6caad40cd7a6af6b,2018-07-21 18:11:33,49.5,46,2018-07-20 14:46:23
4c18691b6037662be2df78a765d98ab5,25ce89b82d611789988bd8dd3722c6af,2018-07-25 19:45:20,59.99,47,2018-07-21 18:11:33
4c18691b6037662be2df78a765d98ab5,30d5a8ce8a4195b742a8342c739efe91,2018-07-28 13:09:32,26.85,48,2018-07-25 19:45:20
4c18691b6037662be2df78a765d98ab5,977b31c8455f33c500fbd18a7770be82,2018-07-29 20:17:40,85.0,49,2018-07-28 13:09:32
4c18691b6037662be2df78a765d98ab5,8d71917758ea476a2b1014f34c1f9005,2018-07-31 20:34:58,85.0,50,2018-07-29 20:17:40
4c18691b6037662be2df78a765d98ab5,9b087af1d905d8987ae126797c9d15b1,2018-08-01 13:47:04,85.0,51,2018-07-31 20:34:58
4c18691b6037662be2df78a765d98ab5,3828ca6e6450e317619b87f49eca6492,2018-08-02 16:57:06,13.5,52,2018-08-01 13:47:04
4c18691b6037662be2df78a765d98ab5,27eefac938270184a597acd3c44344ca,2018-08-02 18:34:11,45.0,53,2018-08-02 16:57:06
4c18691b6037662be2df78a765d98ab5,a4696d525de3823f56b75195dce92da5,2018-08-05 14:07:28,49.5,54,2018-08-02 18:34:11
4c18691b6037662be2df78a765d98ab5,9d83685f52030d78be6112d861500ccf,2018-08-06 12:59:58,26.5,55,2018-08-05 14:07:28
4c18691b6037662be2df78a765d98ab5,88a82da4cb2eb4723c9965285fe826c9,2018-08-10 13:37:19,25.0,56,2018-08-06 12:59:58
4c18691b6037662be2df78a765d98ab5,2f11e52d9cc6298d5beeccc09e46778d,2018-08-16 12:28:08,84.0,57,2018-08-10 13:37:19
4c18691b6037662be2df78a765d98ab5,6540b761399c20157fb3fdbf2bb13380,2018-08-16 21:44:01,49.5,58,2018-08-16 12:28:08
4c18691b6037662be2df78a765d98ab5,18a3de7f374fa61dc8962d9f000a57d7,2018-08-18 19:50:20,49.5,59,2018-08-16 21:44:01
4c18691b6037662be2df78a765d98ab5,34f2ae2b7384d738b4a4787d6f8e20ab,2018-08-20 14:15:25,20.0,60,2018-08-18 19:50:20
4c18691b6037662be2df78a765d98ab5,1bb758b8244a768b78655fb2abb0c7f8,2018-08-21 18:39:29,24.0,61,2018-08-20 14:15:25
4c18691b6037662be2df78a765d98ab5,e3ce941c85b5ae1ae2862a7344cbb845,2018-08-23 18:27:44,49.5,62,2018-08-21 18:39:29
4c18691b6037662be2df78a765d98ab5,b18f96d97651133bd9a491945fa1d3bd,2018-08-28 10:57:13,30.0,63,2018-08-23 18:27:44
4c1c7281388a33dd06daac44f9fadbd1,d2f87ac39d8b31e615528ca52e5c8434,2018-04-04 09:12:02,29.68,1,
4c1c7281388a33dd06daac44f9fadbd1,bf1153abdf89996908c39f09de39d79b,2018-04-16 15:06:17,27.88,2,2018-04-04 09:12:02
4c1c7281388a33dd06daac44f9fadbd1,3e4c1f31ec362fab325d2bd1201a7c0a,2018-04-24 20:25:34,67.88,3,2018-04-16 15:06:17
4c1c7281388a33dd06daac44f9fadbd1,dae9a522f4f4057087b247c231d21d20,2018-06-04 13:34:22,29.99,4,2018-04-24 20:25:34
4c1c7281388a33dd06daac44f9fadbd1,e8f4435c1db6d7bf9e191fd9bd6a6682,2018-06-20 19:31:47,32.89,5,2018-06-04 13:34:22
4d0041cdbe51b4617d95c70b19decc74,ea67dac121b11211fed4d9b9f5f3590b,2018-05-10 21:50:13,319.9,1,
4d0041cdbe51b4617d95c70b19decc74,bb5ce7970b8f80016d81488da88bd924,2018-05-14 09:41:30,335.9,2,2018-05-10 21:50:13
4d0041cdbe51b4617d95c70b19decc74,207258d556f9b9784b54de837ae49286,2018-06-18 13:08:38,1369.9,3,2018-05-14 09:41:30
4d0041cdbe51b4617d95c70b19decc74,e2517c46af17605588f75af07711020e,2018-07-15 13:34:44,99.9,4,2018-06-18 13:08:38
4d0041cdbe51b4617d95c70b19decc74,d3eea305452cf0bcad06beb48735dbd9,2018-07-18 14:29:55,1389.9,5,2018-07-15 13:34:44
4d0041cdbe51b4617d95c70b19decc74,58c5215132c75e7d8226faaf2fab73a2,2018-07-19 08:58:48,1389.9,6,2018-07-18 14:29:55
4d0041cdbe51b4617d95c70b19decc74,61af896f4ec21290693a537f0671f6ae,2018-07-24 05:38:46,209.9,7,2018-07-19 08:58:48
4d0041cdbe51b4617d95c70b19decc74,b51ffac76798f4b49bed44e8f01a3030,2018-07-31 09:52:59,119.9,8,2018-07-24 05:38:46
4e480be820e37de1444325ff358c9296,35b19a06842a6d82121828643e1bd16e,2018-07-11 20:01:00,430.3,1,
4eeb99008a0f59d2c7759c59f9a346eb,647ce922555f433f94e02c2458c6e164,2018-04-23 10:39:30,352.0,1,
4eeb99008a0f59d2c7759c59f9a346eb,a5bc722e653d42e3c7e1404d4779f19d,2018-06-18 14:07:12,930.0,2,2018-04-23 10:39:30
4f0d637c1197fd65405ebd755ac9f86b,03a77816f8b67ef237ecca2c772c4851,2018-05-30 21:48:24,89.9,1,
4f0d637c1197fd65405ebd755ac9f86b,c6e183c4386da59878bbec724d046491,2018-06-20 20:30:31,109.9,2,2018-05-30 21:48:24
4fae87d32467e18eb46e4a76a0a0b9ce,c6bab3474f095311c68ed0f0285749f6,2018-08-17 21:45:54,100.9,1,
4fe2f67634d00c021aa01f96b6f2d68e,a5bb475db1b4bcf9aa10cda733fcda10,2018-08-11 19:27:59,31.9,1,
4fe2f67634d00c021aa01f96b6f2d68e,52dbb0b466455091f16336d2774c70f2,2018-08-16 20:58:56,54.9,2,2018-08-11 19:27:59
508808d438fe2ff972ed13bb8f4a82e2,7595f9b8e070df43bea3c85e1e25d361,2018-08-04 21:13:47,12.51,1,
508808d438fe2ff972ed13bb8f4a82e2,43c19b4037a93e40cda474629cc40648,2018-08-05 13:37:02,7.99,2,2018-08-04 21:13:47
508808d438fe2ff972ed13bb8f4a82e2,67e5eba68c1f19de1a6cb6dd510deaa7,2018-08-07 16:45:43,12.51,3,2018-08-05 13:37:02
508808d438fe2ff972ed13bb8f4a82e2,587065077b677088697c8e99e2c8e273,2018-08-13 12:55:39,9.99,4,2018-08-07 16:45:43
508808d438fe2ff972ed13bb8f4a82e2,0bf50993f89a58468cac45f3ef587c96,2018-08-13 23:42:13,10.89,5,2018-08-13 12:55:39
508808d438fe2ff972ed13bb8f4a82e2,d00d6712bb15e2f5c4c1766b9f60f43a,2018-08-15 05:45:14,29.99,6,2018-08-13 23:42:13
508808d438fe2ff972ed13bb8f4a82e2,72e57d0b326731ddd25d0d44212a42cb,2018-08-17 15:55:36,43.99,7,2018-08-15 05:45:14
508808d438fe2ff972ed13bb8f4a82e2,ff1037c14208a18e7482c6c7a988799f,2018-08-25 15:08:14,22.99,8,2018-08-17 15:55:36
508808d438fe2ff972ed13bb8f4a82e2,e41e7842fa15d821ce598a8b80915cd8,2018-08-27 22:34:17,83.98,9,2018-08-25 15:08:14
516e7738bd8f735ac19a010ee5450d8d,2180fdde58f11e59974590731572691c,2018-05-11 18:34:36,166.0,1,
516e7738bd8f735ac19a010ee5450d8d,e3eaa14ceb4c1a05b53e7fb74fdc488b,2018-05-13 10:50:37,152.0,2,2018-05-11 18:34:36
516e7738bd8f735ac19a010ee5450d8d,22558012625820980bfc951e437c97d5,2018-05-14 18:00:53,166.0,3,2018-05-13 10:50:37
516e7738bd8f735ac19a010ee5450d8d,ea1c943b92b11b5d15ba43481b4e3ab8,2018-05-15 12:10:21,53.8,4,2018-05-14 18:00:53
516e7738bd8f735ac19a010ee5450d8d,31ef673f8e35f0cde11a5945a4f7a39d,2018-05-15 14:34:25,166.0,5,2018-05-15 12:10:21
516e7738bd8f735ac19a010ee5450d8d,d0a1df38173b0296c8cfb65fd0e1e361,2018-05-17 01:01:52,25.9,6,2018-05-15 14:34:25
516e7738bd8f735ac19a010ee5450d8d,d8c26c70018f669b95557792546bc4dc,2018-05-17 18:36:13,115.0,7,2018-05-17 01:01:52
516e7738bd8f735ac19a010ee5450d8d,d79454599de55e5f2f3bbf01e51f6cd5,2018-05-18 15:52:25,150.0,8,2018-05-17 18:36:13
516e7738bd8f735ac19a010ee5450d8d,46805b9f1abaf7cefb3f2f99b40651f1,2018-05-18 17:30:41,41.0,9,2018-05-18 15:52:25
516e7738bd8f735ac19a010ee5450d8d,26c8454aafb0fe89ed0c10eb509ad574,2018-05-19 16:26:50,51.9,10,2018-05-18 17:30:41
516e7738bd8f735ac19a010ee5450d8d,8ee3d811c7a49f0f3be646dfb3489e75,2018-05-28 14:52:34,299.0,11,2018-05-19 16:26:50
516e7738bd8f735ac19a010ee5450d8d,03a54d3b0f15ac01bad656997420d3bb,2018-05-28 19:15:19,65.0,12,2018-05-28 14:52:34
516e7738bd8f735ac19a010ee5450d8d,7002f5420d7a37aebd4c740b01b2fd5f,2018-05-29 09:40:24,65.0,13,2018-05-28 19:15:19
516e7738bd8f735ac19a010ee5450d8d,f94e7fe62953e889ccdc4af045dbe8f0,2018-05-29 13:14:02,94.0,14,2018-05-29 09:40:24
516e7738bd8f735ac19a010ee5450d8d,c2b416c2ac6019a220bca3ef9ac48682,2018-05-29 17:50:55,118.0,15,2018-05-29 13:14:02
516e7738bd8f735ac19a010ee5450d8d,578c276c17c1fe56c31270a2a20f9982,2018-05-30 16:06:32,94.0,16,2018-05-29 17:50:55
516e7738bd8f735ac19a010ee5450d8d,c57d8a1fea15380a18f9f81e1096ac9b,2018-06-01 23:24:48,84.9,17,2018-05-30 16:06:32
516e7738bd8f735ac19a010ee5450d8d,5c458a0a24c83bb972feb57ab32e38a6,2018-06-02 19:51:39,84.9,18,2018-06-01 23:24:48
516e7738bd8f735ac19a010ee5450d8d,b0b8a75fcb5b8311f01d5e12347d7e32,2018-06-02 21:21:05,47.0,19,2018-06-02 19:51:39
516e7738bd8f735ac19a010ee5450d8d,ad0094254eb3881ba1fc670676ea7c06,2018-06-03 20:05:51,84.9,20,2018-06-02 21:21:05
516e7738bd8f735ac19a010ee5450d8d,a2434744f99182d51db312b7520e915d,2018-06-03 21:31:27,29.9,21,2018-06-03 20:05:51
516e7738bd8f735ac19a010ee5450d8d,923c12ba1eb9e34963ef46a793e0891d,2018-06-04 18:30:50,186.0,22,2018-06-03 21:31:27
516e7738bd8f735ac19a010ee5450d8d,4308e12e9ffac5a442e69838bb90872d,2018-06-05 13:29:29,84.9,23,2018-06-04 18:30:50
516e7738bd8f735ac19a010ee5450d8d,055cfc7366f3dfdbca102536d95381bb,2018-06-05 19:34:59,79.9,24,2018-06-05 13:29:29
516e7738bd8f735ac19a010ee5450d8d,31cc7d918ce7e1580a814fb633e854c1,2018-06-08 12:14:24,179.99,25,2018-06-05 19:34:59
516e7738bd8f735ac19a010ee5450d8d,2b52151af87075998345ef238d3756a3,2018-06-08 20:50:13,149.9,26,2018-06-08 12:14:24
516e7738bd8f735ac19a010ee5450d8d,055da72c578d9094618ebb2712e161e9,2018-06-08 22:32:02,49.0,27,2018-06-08 20:50:13
516e7738bd8f735ac19a010ee5450d8d,25f7cfff1655b5febaab715d36d2cee8,2018-06-09 07:39:20,65.0,28,2018-06-08 22:32:02
516e7738bd8f735ac19a010ee5450d8d,5d803a49d1f3d5b4ec4be2424a3af2a0,2018-06-09 18:19:20,94.0,29,2018-06-09 07:39:20
516e7738bd8f735ac19a010ee5450d8d,9f7b07e872a431807e81c38d6328502a,2018-06-10 09:02:12,213.0,30,2018-06-09 18:19:20
516e7738bd8f735ac19a010ee5450d8d,f6e0b0a52fa22c15d6784e3cdda6e953,2018-06-10 21:41:04,46.9,31,2018-06-10 09:02:12
516e7738bd8f735ac19a010ee5450d8d,350038b23604468ee252b66f20af1443,2018-06-11 08:52:27,94.0,32,2018-06-10 21:41:04
516e7738bd8f735ac19a010ee5450d8d,45a42eb665413dbf310344938ef485a2,2018-06-11 16:32:19,64.0,33,2018-06-11 08:52:27
516e7738bd8f735ac19a010ee5450d8d,82b501d2951b0193d0960457f020aca2,2018-06-12 19:53:09,84.9,34,2018-06-11 16:32:19
516e7738bd8f735ac19a010ee5450d8d,2f248593ccadf252a08dc725c7ac467e,2018-06-14 11:19:09,82.0,35,2018-06-12 19:53:09
516e7738bd8f735ac19a010ee5450d8d,39f91df7a4dc89c3ad5fc7ebf794f3d4,2018-06-14 11:30:48,79.9,36,2018-06-14 11:19:09
516e7738bd8f735ac19a010ee5450d8d,0f34e281521119381162d15a73510e3b,2018-06-14 23:31:47,82.0,37,2018-06-14 11:30:48
516e7738bd8f735ac19a010ee5450d8d,b95d64677c5c20bf3f29beb3c57a99b6,2018-06-16 14:37:34,49.9,38,2018-06-14 23:31:47
516e7738bd8f735ac19a010ee5450d8d,3c01ff78a2f337f911274be0d0338656,2018-06-16 23:42:25,140.0,39,2018-06-16 14:37:34
516e7738bd8f735ac19a010ee5450d8d,e272bce1552fb7974a974716274cac12,2018-06-17 14:17:02,49.0,40,2018-06-16 23:42:25
516e7738bd8f735ac19a010ee5450d8d,2a717d97f9d41948b82901d96fb388ff,2018-06-18 21:48:14,188.0,41,2018-06-17 14:17:02
516e7738bd8f735ac19a010ee5450d8d,1d67293aa79feef7aac612621d710869,2018-06-19 21:55:43,82.0,42,2018-06-18 21:48:14
516e7738bd8f735ac19a010ee5450d8d,92e84486f579af569ada10423502d997,2018-06-20 18:38:29,49.0,43,2018-06-19 21:55:43
516e7738bd8f735ac19a010ee5450d8d,aa57296ceb0b170f4823d71a06a43037,2018-06-21 13:26:40,49.9,44,2018-06-20 18:38:29
516e7738bd8f735ac19a010ee5450d8d,0644bbc829f241622c4c83b08436c465,2018-06-24 21:04:15,31.9,45,2018-06-21 13:26:40
516e7738bd8f735ac19a010ee5450d8d,7789aa644b371ea2081e308da732c567,2018-06-24 23:22:22,36.9,46,2018-06-24 21:04:15
516e7738bd8f735ac19a010ee5450d8d,147358ddf9e49b36b1e82b648678d1f8,2018-06-25 21:29:34,82.0,47,2018-06-24 23:22:22
516e7738bd8f735ac19a010ee5450d8d,50ecc825e3d7123a626c7d466eacb616,2018-06-26 16:16:53,49.9,48,2018-06-25 21:29:34
516e7738bd8f735ac19a010ee5450d8d,f64d3fcec2473409b404374ea0ce4ded,2018-06-27 19:31:21,63.8,49,2018-06-26 16:16:53
516e7738bd8f735ac19a010ee5450d8d,8b287c802866ec3b7b594e5cbc2d5acf,2018-06-28 12:56:12,129.0,50,2018-06-27 19:31:21
516e7738bd8f735ac19a010ee5450d8d,f797c7f21e67c1f4ccca1caf68287ba5,2018-06-28 16:47:58,27.0,51,2018-06-28 12:56:12
516e7738bd8f735ac19a010ee5450d8d,add0a7ea74e3048026fb192afae91c61,2018-06-29 15:56:21,34.9,52,2018-06-28 16:47:58
516e7738bd8f735ac19a010ee5450d8d,c2af11ae3f61ffc78a1997289b07d497,2018-07-01 10:17:56,269.0,53,2018-06-29 15:56:21
516e7738bd8f735ac19a010ee5450d8d,23b6026f4aa837ed95e0941208f31434,2018-07-02 16:53:10,39.8,54,2018-07-01 10:17:56
516e7738bd8f735ac19a010ee5450d8d,d08c879188638eda44ea5da9dca68d09,2018-07-02 23:19:21,34.9,55,2018-07-02 16:53:10
516e7738bd8f735ac19a010ee5450d8d,19a870c81a3ab57258a090b0976ec5ee,2018-07-03 10:12:47,152.0,56,2018-07-02 23:19:21
516e7738bd8f735ac19a010ee5450d8d,d46dac528dbfb09fdfc6a62c82d18694,2018-07-04 12:27:07,79.0,57,2018-07-03 10:12:47
516e7738bd8f735ac19a010ee5450d8d,429d5f4eb3474a4b3e21cc1129787f74,2018-07-07 19:30:58,165.0,58,2018-07-04 12:27:07
516e7738bd8f735ac19a010ee5450d8d,4783b2e1f4ace7d91d01803014cdeb2c,2018-07-16 09:22:04,34.0,59,2018-07-07 19:30:58
516e7738bd8f735ac19a010ee5450d8d,e3329a89dc0bbed6dd9a3df80f452eb2,2018-07-19 20:41:09,99.0,60,2018-07-16 09:22:04
516e7738bd8f735ac19a010ee5450d8d,a755e8bb9632b9db4b49aa46b30a2fee,2018-07-20 18:13:40,26.9,61,2018-07-19 20:41:09
516e7738bd8f735ac19a010ee5450d8d,b77c6d3c0334b27a51f220038f0ef8ac,2018-07-21 21:32:15,89.69999999999999,62,2018-07-20 18:13:40
516e7738bd8f735ac19a010ee5450d8d,e680246ff33f65fe221f0e11128a4778,2018-07-24 12:47:14,19.8,63,2018-07-21 21:32:15
516e7738bd8f735ac19a010ee5450d8d,630851c26588ce1346328ce74a222c7f,2018-07-30 13:54:40,62.0,64,2018-07-24 12:47:14
516e7738bd8f735ac19a010ee5450d8d,5c7cd811e61b95684de8c9416aa236ce,2018-08-03 14:04:27,49.0,65,2018-07-30 13:54:40
516e7738bd8f735ac19a010ee5450d8d,d5211af24819d319c02a285e7bb51750,2018-08-03 16:29:05,31.9,66,2018-08-03 14:04:27
516e7738bd8f735ac19a010ee5450d8d,318f17dd3da19e3c819d905940547755,2018-08-06 17:27:10,36.9,67,2018-08-03 16:29:05
516e7738bd8f735ac19a010ee5450d8d,101181f5adb1f9b1084fc5ded1160d75,2018-08-06 21:35:03,36.9,68,2018-08-06 17:27:10
516e7738bd8f735ac19a010ee5450d8d,8ddafc9e62967101391805e620db71be,2018-08-08 09:52:44,26.9,69,2018-08-06 21:35:03
516e7738bd8f735ac19a010ee5450d8d,2dd1b3fcb05d15852bfc51a0a8405381,2018-08-10 19:29:10,119.8,70,2018-08-08 09:52:44
516e7738bd8f735ac19a010ee5450d8d,7d4cd6551d37acb74e50b3acf0ea3b07,2018-08-18 23:38:42,34.0,71,2018-08-10 19:29:10
516e7738bd8f735ac19a010ee5450d8d,00345f338696283410b7977d2e3efc89,2018-08-20 11:06:46,48.9,72,2018-08-18 23:38:42
516e7738bd8f735ac19a010ee5450d8d,ef5884d6401ac5bac05aadff9f2aae89,2018-08-23 21:39:21,67.0,73,2018-08-20 11:06:46
516e7738bd8f735ac19a010ee5450d8d,1a89170dbb050ebb1530d3f2c574d4dd,2018-08-24 19:51:08,88.0,74,2018-08-23 21:39:21
52a50b42accf164f9f019941e5759d9b,202bcf28f7e3dfcee06ab0bfe10c750e,2018-08-02 19:52:43,39.99,1,
52a50b42accf164f9f019941e5759d9b,378d1ac3d8e22dd46990757398ae8500,2018-08-05 23:14:45,29.99,2,2018-08-02 19:52:43
52a50b42accf164f9f019941e5759d9b,b63c4c6a266d6aa9a9eff6e38d566e85,2018-08-07 11:01:39,39.99,3,2018-08-05 23:14:45
52a50b42accf164f9f019941e5759d9b,725bc6e0462790b11f170e3729723857,2018-08-22 12:32:55,29.99,4,2018-08-07 11:01:39
53088c75f948b48a7ece173ac17f0c12,efe7afc1f3087fc5294dd8a208208d4b,2018-05-22 21:45:29,65.9,1,
53088c75f948b48a7ece173ac17f0c12,1bab677b9e102b60c7e4886e44d57a98,2018-07-11 13:34:29,75.9,2,2018-05-22 21:45:29
53088c75f948b48a7ece173ac17f0c12,ec34503555e993a9e7e2272b563d416c,2018-08-07 17:16:46,119.9,3,2018-07-11 13:34:29
535bf14f36346c7f59d87cece104d70c,f4981812af9b38cde6d9d481c1c88981,2018-08-19 11:28:30,50.0,1,
539ed9e19811677513447759be5eccfc,73ba8619ddfc6efed5a3e4331c791f0d,2018-06-16 18:52:33,14.2,1,
539ed9e19811677513447759be5eccfc,d7f71d136da2fa678c39380a22d117df,2018-08-26 11:44:34,18.63,2,2018-06-16 18:52:33
54583ab379489add547fe47b628db589,f85406a2bb15eead2488ba5e488dbaa9,2018-07-23 18:18:54,250.0,1,
54583ab379489add547fe47b628db589,9da51871b26e9f5356a2544f6540f900,2018-07-23 22:37:15,250.0,2,2018-07-23 18:18:54
54583ab379489add547fe47b628db589,d035bb29ea5accfdb6e0c4b6925651cb,2018-07-29 18:45:40,250.0,3,2018-07-23 22:37:15
54583ab379489add547fe47b628db589,5f55e6b524e35858ebe24f6f9a5491e0,2018-08-01 00:05:21,250.0,4,2018-07-29 18:45:40
54583ab379489add547fe47b628db589,ac416b71ffbc5fbfe4b5cea8a05b0d4d,2018-08-01 15:46:59,120.0,5,2018-08-01 00:05:21
54583ab379489add547fe47b628db589,d379476af4ac3bc71f0f857e9f2827ef,2018-08-02 14:26:38,120.0,6,2018-08-01 15:46:59
54583ab379489add547fe47b628db589,403607f34876d4bb53d5184c2282e59c,2018-08-03 09:03:38,250.0,7,2018-08-02 14:26:38
54583ab379489add547fe47b628db589,f98503baa6f63a4d5b3e5f9deba75942,2018-08-03 22:49:24,250.0,8,2018-08-03 09:03:38
54583ab379489add547fe47b628db589,9b1d0dd42862c68280468732a4399034,2018-08-08 14:24:20,250.0,9,2018-08-03 22:49:24
54583ab379489add547fe47b628db589,986983dd21e5167fac109fadaf7aac16,2018-08-28 15:58:28,250.0,10,2018-08-08 14:24:20
54c04bdb5ec46762f8f08c7e8f86ed4a,aad79b33466dbbe92bc7c1b9499ad365,2018-02-06 15:10:03,152.8,1,
54c04bdb5ec46762f8f08c7e8f86ed4a,59609049605148c00fbf0e6fd9a127df,2018-02-09 09:08:34,139.0,2,2018-02-06 15:10:03
54c04bdb5ec46762f8f08c7e8f86ed4a,b68657d2b49e65f89329eebfa2742203,2018-03-05 22:50:41,146.0,3,2018-02-09 09:08:34
54c04bdb5ec46762f8f08c7e8f86ed4a,fce649f14bdae4f2218fbc00a107d195,2018-03-07 02:29:21,44.0,4,2018-03-05 22:50:41
54c04bdb5ec46762f8f08c7e8f86ed4a,8b8164ec47a3d04ec76e8ce5389033d4,2018-03-08 18:48:31,152.8,5,2018-03-07 02:29:21
54c04bdb5ec46762f8f08c7e8f86ed4a,a5a4c85af7827f2a7ec7221ee9a5fc9f,2018-03-11 15:45:24,296.0,6,2018-03-08 18:48:31
54c04bdb5ec46762f8f08c7e8f86ed4a,de2ab566764e5148ccab8476d2cf1806,2018-03-12 22:16:53,296.0,7,2018-03-11 15:45:24
54c04bdb5ec46762f8f08c7e8f86ed4a,53af57634ee9a4bc06b6b471e024daa1,2018-03-22 21:03:50,146.0,8,2018-03-12 22:16:53
54c04bdb5ec46762f8f08c7e8f86ed4a,6567852fcba7df8073179800aed3dfd2,2018-03-23 13:44:41,94.04,9,2018-03-22 21:03:50
54c04bdb5ec46762f8f08c7e8f86ed4a,1f4994f63a494cae176662935b4a8342,2018-03-30 19:54:23,286.0,10,2018-03-23 13:44:41
54c04bdb5ec46762f8f08c7e8f86ed4a,61f6ae0e872b9606ece03b676b113436,2018-04-21 19:18:32,140.0,11,2018-03-30 19:54:23
54c04bdb5ec46762f8f08c7e8f86ed4a,87980ebda651df2ddec79138c0366d96,2018-04-30 17:22:01,116.55,12,2018-04-21 19:18:32
54c04bdb5ec46762f8f08c7e8f86ed4a,1a6a57642cf324ac86f14bcba484cb32,2018-05-14 11:24:45,140.0,13,2018-04-30 17:22:01
54c04bdb5ec46762f8f08c7e8f86ed4a,95e6c94960f10f4af53767f027c9eae5,2018-06-30 00:07:47,270.0,14,2018-05-14 11:24:45
54c04bdb5ec46762f8f08c7e8f86ed4a,de45fff90798d4416b9ba1b7aa4ccd7b,2018-07-02 21:01:02,270.0,15,2018-06-30 00:07:47
54c04bdb5ec46762f8f08c7e8f86ed4a,c85617bff1ff615fb850f55304688d60,2018-07-18 10:35:01,270.0,16,2018-07-02 21:01:02
54c04bdb5ec46762f8f08c7e8f86ed4a,161dded9453a3c4d5b6fd484128249a3,2018-07-25 16:21:06,173.67,17,2018-07-18 10:35:01
54c04bdb5ec46762f8f08c7e8f86ed4a,72652c482c51119a0a338edba23e0027,2018-08-09 10:00:38,148.8,18,2018-07-25 16:21:06
556a6409838156ea299c9d1f9e2dde43,d7883101fd4d6a5b0dd411c2ec79d5ed,2018-06-19 10:11:16,898.0,1,
556a6409838156ea299c9d1f9e2dde43,f850238de020e40b355e62b3198da17e,2018-08-04 10:41:40,157.9,2,2018-06-19 10:11:16
556a6409838156ea299c9d1f9e2dde43,6f7e43972ed0a7fdbf29edf7cde6d2ad,2018-08-09 00:29:23,192.9,3,2018-08-04 10:41:40
556a6409838156ea299c9d1f9e2dde43,a611321b36103c43fd31f578c7c6e459,2018-08-11 23:28:46,114.0,4,2018-08-09 00:29:23
55c26bcb609f480eb7868594245febb5,7344405ad701aae9932fbabba0faa522,2018-04-09 13:11:49,84.9,1,
55c26bcb609f480eb7868594245febb5,f5219d97208f4c6aed81985144497f1e,2018-04-20 13:37:48,159.9,2,2018-04-09 13:11:49
55c26bcb609f480eb7868594245febb5,f40ef9a47f9670b54b9e350f354795a2,2018-04-21 14:57:23,84.9,3,2018-04-20 13:37:48
55c26bcb609f480eb7868594245febb5,78462cf509142618ab317d7106e8919d,2018-05-14 19:07:02,159.9,4,2018-04-21 14:57:23
55c26bcb609f480eb7868594245febb5,da4b750c427bc88754c6c019045f7536,2018-05-22 09:07:01,84.9,5,2018-05-14 19:07:02
55c26bcb609f480eb7868594245febb5,f3e7c359154d965827355f39d6b1fdac,2018-08-09 11:44:40,89.9,6,2018-05-22 09:07:01
5670f4db5b62c43d542e1b2d56b0cf7c,a7708ffa8966514c098d15e1abfa6417,2018-04-23 19:03:35,7.65,1,
5670f4db5b62c43d542e1b2d56b0cf7c,e17e4f88e31525f7deef66779844ddce,2018-04-24 16:16:53,10.91,2,2018-04-23 19:03:35
5670f4db5b62c43d542e1b2d56b0cf7c,0094bd07f49fed90209ffa62d1ef26d6,2018-05-01 02:04:16,11.53,3,2018-04-24 16:16:53
5670f4db5b62c43d542e1b2d56b0cf7c,4ff76509ab49169df6382331fae23a4f,2018-05-05 11:54:07,24.16,4,2018-05-01 02:04:16
5670f4db5b62c43d542e1b2d56b0cf7c,ea9c1cc0e0584ca0228d483668d95799,2018-05-17 21:56:38,682.98,5,2018-05-05 11:54:07
5670f4db5b62c43d542e1b2d56b0cf7c,f30149f4a8882a08895b6a242aa0d612,2018-05-20 18:45:21,101.65,6,2018-05-17 21:56:38
5670f4db5b62c43d542e1b2d56b0cf7c,d6370a08f64a1248435649bd37eae011,2018-05-30 15:53:27,36.97,7,2018-05-20 18:45:21
5670f4db5b62c43d542e1b2d56b0cf7c,090d23542dd542b9a9e25fa9d5d9e528,2018-06-01 14:31:54,349.97,8,2018-05-30 15:53:27
5670f4db5b62c43d542e1b2d56b0cf7c,154f3e62bb635300cf9a1d6c4940636d,2018-06-02 00:36:12,349.97,9,2018-06-01 14:31:54
5670f4db5b62c43d542e1b2d56b0cf7c,45714388825b2025b19af04c84924cdd,2018-06-03 16:51:01,349.97,10,2018-06-02 00:36:12
5670f4db5b62c43d542e1b2d56b0cf7c,dd8685cc92ade5d98e60812dfaffb087,2018-06-09 08:34:37,349.97,11,2018-06-03 16:51:01
5670f4db5b62c43d542e1b2d56b0cf7c,2ab10ab526351fd3b05219e9eb4f7d9f,2018-06-13 22:17:25,349.97,12,2018-06-09 08:34:37
5670f4db5b62c43d542e1b2d56b0cf7c,b51858d1888f8dfa7ffe83f06fbcb3c3,2018-06-14 18:53:42,18.89,13,2018-06-13 22:17:25
5670f4db5b62c43d542e1b2d56b0cf7c,f8bb4d404d187c79b86ccf852dfa345e,2018-06-18 21:46:34,16.88,14,2018-06-14 18:53:42
5670f4db5b62c43d542e1b2d56b0cf7c,a29c6282a6e4ec30881051cfaa99029c,2018-06-20 17:18:04,349.97,15,2018-06-18 21:46:34
5670f4db5b62c43d542e1b2d56b0cf7c,b18cb761efbe70da4838435a349abd07,2018-07-04 18:39:28,268.38,16,2018-06-20 17:18:04
5670f4db5b62c43d542e1b2d56b0cf7c,c2d986bdce3f3823bbd8b8b4e37f5727,2018-07-23 19:36:17,682.98,17,2018-07-04 18:39:28
5670f4db5b62c43d542e1b2d56b0cf7c,e2e6ee1ed2d7f2f36b05d234983bd7a0,2018-07-28 13:14:57,682.98,18,2018-07-23 19:36:17
5670f4db5b62c43d542e1b2d56b0cf7c,206d1a13596872a713dba14504fdf699,2018-07-29 20:50:22,268.38,19,2018-07-28 13:14:57
5670f4db5b62c43d542e1b2d56b0cf7c,4c3a834add3595c42eaefa65d28d6fbe,2018-08-13 22:17:40,682.98,20,2018-07-29 20:50:22
5670f4db5b62c43d542e1b2d56b0cf7c,25b0aadbfdbdc6fcc91820762f6aaf35,2018-08-15 22:57:05,349.97,21,2018-08-13 22:17:40
5670f4db5b62c43d542e1b2d56b0cf7c,5bebe0296b65287e94b489cd279782cc,2018-08-17 11:51:36,682.98,22,2018-08-15 22:57:05
56e361f411e38dcef17cdc2a3d99628b,773632f583feeda7d9b063496b6526a2,2018-07-02 16:39:17,62.0,1,
56e361f411e38dcef17cdc2a3d99628b,cf4659487be50c0c317cff3564c4a840,2018-07-02 16:39:59,1050.0,2,2018-07-02 16:39:17
56e361f411e38dcef17cdc2a3d99628b,5df35b35ce08d3d6f634eccfeb93a143,2018-08-01 17:45:22,62.0,3,2018-07-02 16:39:59
56e361f411e38dcef17cdc2a3d99628b,69294a1f2dbe29a54c3a9c2421831d14,2018-08-03 09:10:20,62.0,4,2018-08-01 17:45:22
56e361f411e38dcef17cdc2a3d99628b,0097aafe2a01dd54e39888976160c377,2018-08-23 14:41:37,62.0,5,2018-08-03 09:10:20
57df9869a600bd6b7c405f2a862eccfb,e441491edbdc584bf380f36bb5e048bf,2018-04-12 21:38:02,25.0,1,
57df9869a600bd6b7c405f2a862eccfb,4b87488fb6269f8321508923b95da4d6,2018-06-08 12:19:58,25.0,2,2018-04-12 21:38:02
57df9869a600bd6b7c405f2a862eccfb,b3eec4d06f4ce8853c30510575513c07,2018-06-10 01:13:53,25.0,3,2018-06-08 12:19:58
57df9869a600bd6b7c405f2a862eccfb,c7517b3306b2a226bce545f9716dd360,2018-07-17 17:47:23,25.0,4,2018-06-10 01:13:53
57df9869a600bd6b7c405f2a862eccfb,c0c3609df099c79f1f6d894143767ca0,2018-08-14 18:05:19,25.0,5,2018-07-17 17:47:23
58f1a6197ed863543e0136bdedb3fce2,3d7d9c3454ecc0d556808546b6052355,2018-05-10 20:49:54,169.0,1,
58f1a6197ed863543e0136bdedb3fce2,9b189f6cf2ef734a7dd0419ed3c64d99,2018-05-11 10:49:39,169.0,2,2018-05-10 20:49:54
58f1a6197ed863543e0136bdedb3fce2,f056d4857c146c38ff02566b3e152bca,2018-05-17 16:37:03,169.0,3,2018-05-11 10:49:39
58f1a6197ed863543e0136bdedb3fce2,d806cef0dbcf2273fe3d4a339e0c74f5,2018-06-17 21:16:19,129.0,4,2018-05-17 16:37:03
58f1a6197ed863543e0136bdedb3fce2,49d10d709e14496d0d1d8d6cb556d2f3,2018-06-26 18:49:53,139.0,5,2018-06-17 21:16:19
58f1a6197ed863543e0136bdedb3fce2,53e1d3495e1dfc693b4ed16c06b15877,2018-06-27 00:55:41,139.0,6,2018-06-26 18:49:53
58f1a6197ed863543e0136bdedb3fce2,fb436a0beef49b493351afe287150239,2018-06-28 12:19:32,139.0,7,2018-06-27 00:55:41
58f1a6197ed863543e0136bdedb3fce2,58f9ab98b542d84139dda631d9e257d5,2018-06-29 21:00:08,139.0,8,2018-06-28 12:19:32
58f1a6197ed863543e0136bdedb3fce2,852ec507c9db5b3b1086cb9e6d89c697,2018-06-29 23:09:13,139.0,9,2018-06-29 21:00:08
58f1a6197ed863543e0136bdedb3fce2,2ebdfc4f15f23b91474edf87475f108e,2018-07-01 17:05:11,139.0,10,2018-06-29 23:09:13
58f1a6197ed863543e0136bdedb3fce2,e69f75a717d64fc5ecdfae42b2e8e086,2018-07-01 22:05:55,139.0,11,2018-07-01 17:05:11
58f1a6197ed863543e0136bdedb3fce2,02ed129a369c56d40549270ac5900864,2018-07-02 21:30:10,139.0,12,2018-07-01 22:05:55
58f1a6197ed863543e0136bdedb3fce2,fc94803f2f890e115923357e5ef2d347,2018-07-04 13:50:25,169.0,13,2018-07-02 21:30:10
58f1a6197ed863543e0136bdedb3fce2,c05a5defefe139269bfc13a22fbe8543,2018-07-05 18:57:13,119.0,14,2018-07-04 13:50:25
58f1a6197ed863543e0136bdedb3fce2,86df669ae5f899e27ee38488affc0d16,2018-07-06 11:21:51,149.0,15,2018-07-05 18:57:13
58f1a6197ed863543e0136bdedb3fce2,434f170d048d285d4841d3fa653a4507,2018-07-06 14:58:40,149.0,16,2018-07-06 11:21:51
58f1a6197ed863543e0136bdedb3fce2,d30d0c9c3a766ca0d558a205d4579320,2018-07-09 00:23:40,149.0,17,2018-07-06 14:58:40
58f1a6197ed863543e0136bdedb3fce2,88378ffe8de3a4e0d7ef03e71010d618,2018-07-10 16:53:01,119.0,18,2018-07-09 00:23:40
58f1a6197ed863543e0136bdedb3fce2,20c50b79ccf3492546de6ef891c03ebd,2018-07-12 10:59:14,139.0,19,2018-07-10 16:53:01
58f1a6197ed863543e0136bdedb3fce2,6ad8c6d48181888c8e70e7d65b0508d7,2018-07-12 20:02:32,139.0,20,2018-07-12 10:59:14
58f1a6197ed863543e0136bdedb3fce2,e5bc6c7594c02f53761ea092c5c9af1d,2018-07-12 20:05:49,139.0,21,2018-07-12 20:02:32
58f1a6197ed863543e0136bdedb3fce2,252ef1beb7783414b687c8191cb6bc02,2018-07-12 21:03:28,139.0,22,2018-07-12 20:05:49
58f1a6197ed863543e0136bdedb3fce2,bc2c6eda20ba0146eb5d4420734b21ff,2018-07-14 09:36:23,139.0,23,2018-07-12 21:03:28
58f1a6197ed863543e0136bdedb3fce2,d40be4e6e8f30d5f4ca1f34d06268fab,2018-07-14 17:07:01,139.0,24,2018-07-14 09:36:23
58f1a6197ed863543e0136bdedb3fce2,047ac23902ffcc68f3106db4f2e4338f,2018-07-14 20:26:24,139.0,25,2018-07-14 17:07:01
58f1a6197ed863543e0136bdedb3fce2,0c283c8e0c146f4528295a6f4ade284f,2018-07-15 00:25:23,139.0,26,2018-07-14 20:26:24
58f1a6197ed863543e0136bdedb3fce2,066a60f7b0700a942ba22b627ebff13b,2018-07-17 22:44:42,119.0,27,2018-07-15 00:25:23
58f1a6197ed863543e0136bdedb3fce2,eb7d3683f623a9aa24ed0e4fa4a84c2e,2018-07-18 14:04:02,128.0,28,2018-07-17 22:44:42
58f1a6197ed863543e0136bdedb3fce2,70a988768d7dcafd6284577743090bb3,2018-07-18 21:39:28,128.0,29,2018-07-18 14:04:02
58f1a6197ed863543e0136bdedb3fce2,378ef8f4017a5eb7204730698cfeec60,2018-07-20 09:52:39,124.0,30,2018-07-18 21:39:28
58f1a6197ed863543e0136bdedb3fce2,ee09dcda8e3b3acff396f084582c8c8a,2018-07-20 13:24:24,124.0,31,2018-07-20 09:52:39
58f1a6197ed863543e0136bdedb3fce2,fd956cbe7c235fe02662e99e854220e5,2018-07-20 13:40:57,124.0,32,2018-07-20 13:24:24
58f1a6197ed863543e0136bdedb3fce2,93be45ffc4c8eaecb1eaf7654308acc1,2018-07-20 15:37:33,124.0,33,2018-07-20 13:40:57
58f1a6197ed863543e0136bdedb3fce2,18137b5db086c8612160066abecac8a7,2018-07-20 23:33:59,124.0,34,2018-07-20 15:37:33
58f1a6197ed863543e0136bdedb3fce2,ced5e18d913f7ce60b82578152422dbe,2018-07-23 17:54:39,155.0,35,2018-07-20 23:33:59
58f1a6197ed863543e0136bdedb3fce2,6e9cd3f36a1e951e29d455913402c171,2018-07-24 21:54:54,369.0,36,2018-07-23 17:54:39
58f1a6197ed863543e0136bdedb3fce2,9769f28d910e7304d7bf0fcd32d8ecd6,2018-07-25 15:18:03,288.0,37,2018-07-24 21:54:54
58f1a6197ed863543e0136bdedb3fce2,6a246b3a7847ecd748e7b26e64256c0e,2018-07-26 18:09:39,139.0,38,2018-07-25 15:18:03
58f1a6197ed863543e0136bdedb3fce2,18df153e64a40c0a549c0312234e1ee6,2018-07-26 21:59:36,369.0,39,2018-07-26 18:09:39
58f1a6197ed863543e0136bdedb3fce2,73465e1b285d2f5f6067c118ff99d204,2018-07-28 19:09:28,139.0,40,2018-07-26 21:59:36
58f1a6197ed863543e0136bdedb3fce2,c367f22647d3051bba338f9026973607,2018-07-28 19:11:07,152.0,41,2018-07-28 19:09:28
58f1a6197ed863543e0136bdedb3fce2,3899c98e47bec0b8dc7d92daa46ee1ed,2018-07-30 18:01:37,139.0,42,2018-07-28 19:11:07
58f1a6197ed863543e0136bdedb3fce2,8cf765eeef8f04ca929a1cf64ffa2584,2018-08-17 15:14:20,187.0,43,2018-07-30 18:01:37
58f1a6197ed863543e0136bdedb3fce2,b77e196ee314322dcec6124fa3e38b6b,2018-08-18 21:16:18,187.0,44,2018-08-17 15:14:20
594f9aaa48e5bf431f011ddc5669b0d5,dbf13fbeffe18a8079ff256049421669,2018-04-26 08:51:45,39.9,1,
594f9aaa48e5bf431f011ddc5669b0d5,590df012be2d6ced593daa265e628b1e,2018-04-28 18:17:23,45.9,2,2018-04-26 08:51:45
594f9aaa48e5bf431f011ddc5669b0d5,5f20455f0e74de9eae30de410c811013,2018-05-01 15:17:15,65.9,3,2018-04-28 18:17:23
594f9aaa48e5bf431f011ddc5669b0d5,a020433e87434b10e6dfc7a7ceb690c0,2018-05-02 20:18:26,119.9,4,2018-05-01 15:17:15
594f9aaa48e5bf431f011ddc5669b0d5,4735d69a263ba04fa00533b8f3d317b1,2018-05-04 19:53:23,99.9,5,2018-05-02 20:18:26
594f9aaa48e5bf431f011ddc5669b0d5,f73aa9d9da868421ed166e66df561602,2018-05-07 08:48:34,59.9,6,2018-05-04 19:53:23
594f9aaa48e5bf431f011ddc5669b0d5,d2cebfc5f806510626e7c16ef6413ae8,2018-05-17 14:48:28,69.9,7,2018-05-07 08:48:34
594f9aaa48e5bf431f011ddc5669b0d5,3f0d61c44dd01ad249fa7589cbdcb8b3,2018-05-20 13:13:12,119.9,8,2018-05-17 14:48:28
594f9aaa48e5bf431f011ddc5669b0d5,4dfe63cb6237de0624ec0183a74b57e6,2018-05-21 14:27:32,119.9,9,2018-05-20 13:13:12
594f9aaa48e5bf431f011ddc5669b0d5,3615f94f721a151022a1394e0917eb9c,2018-05-21 16:41:47,109.9,10,2018-05-21 14:27:32
594f9aaa48e5bf431f011ddc5669b0d5,f71786d492e3575ce6af4785508e1846,2018-05-30 10:21:46,119.9,11,2018-05-21 16:41:47
594f9aaa48e5bf431f011ddc5669b0d5,b436fd24a04e7267307e1d900faa8eb1,2018-05-30 12:58:00,39.9,12,2018-05-30 10:21:46
594f9aaa48e5bf431f011ddc5669b0d5,57d81bf4762c3335d0c6f021fe001856,2018-06-04 15:40:40,119.9,13,2018-05-30 12:58:00
594f9aaa48e5bf431f011ddc5669b0d5,fdcafe63dae6994927f09336202f66ea,2018-06-10 23:08:53,36.9,14,2018-06-04 15:40:40
594f9aaa48e5bf431f011ddc5669b0d5,af18c8b9b0890d5387074340f9d39cc7,2018-06-13 09:57:33,35.9,15,2018-06-10 23:08:53
594f9aaa48e5bf431f011ddc5669b0d5,fcab9e8b311ef84e1dce97a58af5b7c5,2018-06-13 12:32:57,35.9,16,2018-06-13 09:57:33
594f9aaa48e5bf431f011ddc5669b0d5,03f51c9adce893f63936c5146701aa2f,2018-06-17 11:03:15,311.8,17,2018-06-13 12:32:57
594f9aaa48e5bf431f011ddc5669b0d5,3b7d1e0e59ead2c1080ad04f835423b9,2018-06-20 10:12:32,119.9,18,2018-06-17 11:03:15
594f9aaa48e5bf431f011ddc5669b0d5,9e2b4837befe1f63cab8e26686e848be,2018-06-24 11:31:36,119.9,19,2018-06-20 10:12:32
594f9aaa48e5bf431f011ddc5669b0d5,c61c1f9b82891118ed6fa642e362331a,2018-06-25 12:13:17,79.9,20,2018-06-24 11:31:36
594f9aaa48e5bf431f011ddc5669b0d5,b29f6f52b330f04b5f1f4fb369b32cd8,2018-07-13 12:01:24,55.9,21,2018-06-25 12:13:17
594f9aaa48e5bf431f011ddc5669b0d5,444444b7f836b844b14afe3e0fc9929f,2018-07-22 12:31:00,69.9,22,2018-07-13 12:01:24
594f9aaa48e5bf431f011ddc5669b0d5,dde2650c0fa0e73271dc339daf400ac9,2018-07-30 00:46:43,56.5,23,2018-07-22 12:31:00
594f9aaa48e5bf431f011ddc5669b0d5,b4cac287aa00c47e84e6e899d809a9e2,2018-08-01 21:38:35,44.9,24,2018-07-30 00:46:43
594f9aaa48e5bf431f011ddc5669b0d5,3becf59664a588ac335a36f2a08e2d2b,2018-08-03 07:43:41,44.9,25,2018-08-01 21:38:35
594f9aaa48e5bf431f011ddc5669b0d5,07dc1dc61c5ee9a1387069fec64b6663,2018-08-03 08:26:22,45.9,26,2018-08-03 07:43:41
594f9aaa48e5bf431f011ddc5669b0d5,02cb7027f3074adf1407706d712298f7,2018-08-07 19:33:01,135.9,27,2018-08-03 08:26:22
594f9aaa48e5bf431f011ddc5669b0d5,11526907a9d9e94078d44fb1c4abb4ec,2018-08-08 00:56:34,44.9,28,2018-08-07 19:33:01
594f9aaa48e5bf431f011ddc5669b0d5,dcfe9b5776f30f14bdb7c5505d269c08,2018-08-08 09:56:14,59.9,29,2018-08-08 00:56:34
594f9aaa48e5bf431f011ddc5669b0d5,7621ddb8114cb72e4ac4673daf869f93,2018-08-14 09:22:11,135.9,30,2018-08-08 09:56:14
594f9aaa48e5bf431f011ddc5669b0d5,01eaa000fe5c9f80f535c3d0cad25a47,2018-08-15 15:29:13,135.9,31,2018-08-14 09:22:11
594f9aaa48e5bf431f011ddc5669b0d5,22ebcb475dab511f6c74d7118d1e5f3f,2018-08-16 21:09:35,155.9,32,2018-08-15 15:29:13
594f9aaa48e5bf431f011ddc5669b0d5,d2e58ee8581dcfe3133f8edcbd413722,2018-08-17 18:34:51,35.9,33,2018-08-16 21:09:35
594f9aaa48e5bf431f011ddc5669b0d5,597fa94ef8eb873a3b8d4191931fcdeb,2018-08-18 17:46:34,135.9,34,2018-08-17 18:34:51
594f9aaa48e5bf431f011ddc5669b0d5,bcc7f6ccd348b4d5bf8f4f7f63d4b7ef,2018-08-18 18:30:33,49.9,35,2018-08-18 17:46:34
594f9aaa48e5bf431f011ddc5669b0d5,9be4b69acb574b3a1e968c60b563a99c,2018-08-23 09:52:33,119.9,36,2018-08-18 18:30:33
594f9aaa48e5bf431f011ddc5669b0d5,d5cce452fb90a159a0b02988567a37bc,2018-08-27 23:31:47,49.9,37,2018-08-23 09:52:33
596849622429351f47b32e6cae1055ff,99bfe67168d67b56c87d3c3ab8b4f568,2018-06-07 18:26:24,165.9,1,
596849622429351f47b32e6cae1055ff,91be51c856a90d7efe86cf9d082d6ae3,2018-06-12 15:58:03,39.9,2,2018-06-07 18:26:24
596849622429351f47b32e6cae1055ff,097255cccb9ac174d481479fae72556d,2018-06-28 03:08:38,189.9,3,2018-06-12 15:58:03
596849622429351f47b32e6cae1055ff,119da8fe76c893e189ee759f82bbc8d6,2018-07-16 18:19:42,24.9,4,2018-06-28 03:08:38
596849622429351f47b32e6cae1055ff,d32f7844e64842d07dba6964b3494ada,2018-07-19 06:58:59,49.9,5,2018-07-16 18:19:42
596849622429351f47b32e6cae1055ff,fe4021e2697d2b86229336b10e91128c,2018-08-04 20:42:37,24.9,6,2018-07-19 06:58:59
596849622429351f47b32e6cae1055ff,601316c0f92a0da733702a7b89304189,2018-08-06 01:53:32,12.9,7,2018-08-04 20:42:37
596849622429351f47b32e6cae1055ff,4506b1cbdeeb686eb19dd753a7a645ee,2018-08-07 13:57:31,12.9,8,2018-08-06 01:53:32
596849622429351f47b32e6cae1055ff,fdf8f05467e28901dbd88f446effd6d9,2018-08-09 17:07:14,49.9,9,2018-08-07 13:57:31
596849622429351f47b32e6cae1055ff,2e1124c96e6020420725d0f91ee109f8,2018-08-14 21:20:40,259.0,10,2018-08-09 17:07:14
596849622429351f47b32e6cae1055ff,cf2a9fcfac08206bae42b3118368c9d1,2018-08-15 00:39:44,39.9,11,2018-08-14 21:20:40
596849622429351f47b32e6cae1055ff,619ec92710d17c5fd70018c3ee9ad4cf,2018-08-17 23:06:30,159.9,12,2018-08-15 00:39:44
596849622429351f47b32e6cae1055ff,c647254c19cb14894d4cf37d3d8e450b,2018-08-21 20:32:25,39.9,13,2018-08-17 23:06:30
59bbc819b99a733f02f0d6b49d1c253d,3cf6fb1fae0029f5b4f01de4dc8d2fc9,2018-05-08 20:24:56,69.9,1,
59bbc819b99a733f02f0d6b49d1c253d,6ebd87c68b43c9ab7c98930b4492dd1b,2018-06-26 23:09:41,69.9,2,2018-05-08 20:24:56
59cea8e446d3834393058e7e0666b6fb,8cbfe33bcf72f61fe06f614058d37171,2018-06-16 16:17:45,39.9,1,
59cea8e446d3834393058e7e0666b6fb,08cce5e2a4a4d08e17cef053da98254b,2018-06-20 16:32:06,39.9,2,2018-06-16 16:17:45
59cea8e446d3834393058e7e0666b6fb,0ebf8e35b9807ee2d717922d5663ccdb,2018-06-21 22:43:32,249.9,3,2018-06-20 16:32:06
59cea8e446d3834393058e7e0666b6fb,2146afbdb82c47a7d5e459bfee91e760,2018-06-26 15:11:14,42.9,4,2018-06-21 22:43:32
59cea8e446d3834393058e7e0666b6fb,c369bdd04f3897a7c27ea9f5aeaeba4b,2018-06-27 13:12:12,119.9,5,2018-06-26 15:11:14
59cea8e446d3834393058e7e0666b6fb,edfb49082a74314dd99b846ccd67b2a3,2018-06-28 14:05:28,39.9,6,2018-06-27 13:12:12
59cea8e446d3834393058e7e0666b6fb,952c3a4510a7db68bfa6a957bdfa0aeb,2018-07-31 14:31:31,39.9,7,2018-06-28 14:05:28
59cea8e446d3834393058e7e0666b6fb,c36b0f4253481ba100d5a003cd3b6fc6,2018-08-02 12:24:01,39.9,8,2018-07-31 14:31:31
59cea8e446d3834393058e7e0666b6fb,7d666b83ead768ecbc15773ef8ef6c42,2018-08-09 16:08:44,39.9,9,2018-08-02 12:24:01
59cea8e446d3834393058e7e0666b6fb,1f96abbd2bfd92185040f1e5b6ef7c41,2018-08-16 14:23:18,44.5,10,2018-08-09 16:08:44
5a4236931428800e9d9cc04af0987118,719c1d51ad40a458c511ebcfcdd0ebda,2018-07-17 15:23:54,44.97,1,
5b0cc932433fa5184b5b94bfe6bcc256,4c23c4164a5456caf473aa274df8b8b9,2018-06-20 15:02:35,160.0,1,
5b0cc932433fa5184b5b94bfe6bcc256,746bf6116b629631553f1a94a3054139,2018-06-21 17:18:14,80.0,2,2018-06-20 15:02:35
5b0cc932433fa5184b5b94bfe6bcc256,bfb517ecdbd8ef8716f682931140acb0,2018-07-16 14:42:15,35.0,3,2018-06-21 17:18:14
5b0cc932433fa5184b5b94bfe6bcc256,7073be83c3247747c26a69d5a689edbf,2018-07-16 15:32:50,45.0,4,2018-07-16 14:42:15
5b0cc932433fa5184b5b94bfe6bcc256,9902c4cfc248909d6edb216912e16ef0,2018-07-16 19:42:34,79.9,5,2018-07-16 15:32:50
5b0cc932433fa5184b5b94bfe6bcc256,7da502f694a6d35d21b05492a9a315c6,2018-07-22 12:30:59,79.9,6,2018-07-16 19:42:34
5b0cc932433fa5184b5b94bfe6bcc256,133a94aa41cab8ad1d4cf02c2636b9cc,2018-07-26 09:20:03,190.0,7,2018-07-22 12:30:59
5b0cc932433fa5184b5b94bfe6bcc256,86d4161fe71f1209143ca255d8be20e4,2018-07-26 22:38:26,190.0,8,2018-07-26 09:20:03
5b0cc932433fa5184b5b94bfe6bcc256,7a93502a455e1399090b442409cf516c,2018-07-27 14:58:55,190.0,9,2018-07-26 22:38:26
5b0cc932433fa5184b5b94bfe6bcc256,f5af86a3bea41e5daef5c06e7a02ad2e,2018-08-01 23:24:08,99.0,10,2018-07-27 14:58:55
5b0cc932433fa5184b5b94bfe6bcc256,b3112ca67f3afd4e20cf2ee91fc4f804,2018-08-02 22:46:54,190.0,11,2018-08-01 23:24:08
5b0cc932433fa5184b5b94bfe6bcc256,03720fdc92032ee4abd471d172006ab0,2018-08-05 21:34:54,99.0,12,2018-08-02 22:46:54
5bc24d989e71e93c33e50a7782431b0e,21c1039048f32ccc62b779bcfd5ac43d,2018-05-02 14:07:29,249.9,1,
5bc24d989e71e93c33e50a7782431b0e,80fa872d47da85872411a201a1a89dbd,2018-05-07 16:44:43,249.9,2,2018-05-02 14:07:29
5bc24d989e71e93c33e50a7782431b0e,49ca48df0a214b5dd020f41336cedf5e,2018-05-08 20:21:49,120.0,3,2018-05-07 16:44:43
5bc24d989e71e93c33e50a7782431b0e,10946918b6dfb9d446d7fd1a39a45055,2018-05-11 21:26:29,120.0,4,2018-05-08 20:21:49
5bc24d989e71e93c33e50a7782431b0e,5b305608c98ca66ced71cde019aba8e9,2018-05-13 22:06:07,249.9,5,2018-05-11 21:26:29
5bc24d989e71e93c33e50a7782431b0e,c16b2f87363358424fc62869aa07cb97,2018-05-14 20:50:00,120.0,6,2018-05-13 22:06:07
5bc24d989e71e93c33e50a7782431b0e,6e425468e74e74de00ba2c9615b91ec7,2018-05-16 12:11:24,19.9,7,2018-05-14 20:50:00
5bc24d989e71e93c33e50a7782431b0e,84d2098c97827c6327ed4d7be95e1fc8,2018-06-03 11:23:09,249.9,8,2018-05-16 12:11:24
5bc24d989e71e93c33e50a7782431b0e,1dab6cb14267214f76fe292d1a79014c,2018-06-06 08:41:33,249.9,9,2018-06-03 11:23:09
5bc24d989e71e93c33e50a7782431b0e,e1f07bd016a804b8e38ba7dcbe65d663,2018-06-24 23:01:22,120.0,10,2018-06-06 08:41:33
5bc24d989e71e93c33e50a7782431b0e,275bdc3d32ed65dee689eecaa10e7a80,2018-06-25 12:34:17,249.0,11,2018-06-24 23:01:22
5bc24d989e71e93c33e50a7782431b0e,3139d2c500d282f1549eb3c6e7723985,2018-07-16 16:07:48,249.9,12,2018-06-25 12:34:17
5bc24d989e71e93c33e50a7782431b0e,82448518c158621499c410430165ac1d,2018-07-25 10:58:23,349.9,13,2018-07-16 16:07:48
5bc24d989e71e93c33e50a7782431b0e,29d3f2fc23b7f95b28dbe5e3ef783d93,2018-08-06 13:51:30,249.9,14,2018-07-25 10:58:23
5bc24d989e71e93c33e50a7782431b0e,d86151346a2ad9a3a4e6cfb4e2a885a1,2018-08-11 10:47:33,59.9,15,2018-08-06 13:51:30
5bc24d989e71e93c33e50a7782431b0e,2717515e891cf11d6bd51b0bfa03bacf,2018-08-20 20:38:32,120.0,16,2018-08-11 10:47:33
5bc24d989e71e93c33e50a7782431b0e,2d6e19c8b83e0333696e259829801f17,2018-08-21 18:52:27,120.0,17,2018-08-20 20:38:32
5bf397d04035b5f45cc41e82ec106803,60f5ff66c997c51c2563dc9c38f17c35,2018-05-08 22:04:11,255.0,1,
5bf397d04035b5f45cc41e82ec106803,13177245f820dca10cd9968a2a395b1d,2018-05-28 16:52:57,1015.0,2,2018-05-08 22:04:11
5bf397d04035b5f45cc41e82ec106803,1abd0dfe27b9146f0fe7ac0e4d03fcf5,2018-07-02 16:45:00,255.0,3,2018-05-28 16:52:57
5c3460cd3e8a984382ae254e7dd20d9f,ded4e6e4d721200bd599d81e5b29901f,2018-02-23 21:00:11,148.98,1,
5c3460cd3e8a984382ae254e7dd20d9f,9ad0a499e1f35f8609a2dd4ad6c203ca,2018-04-11 11:25:31,37.47,2,2018-02-23 21:00:11
5c3460cd3e8a984382ae254e7dd20d9f,f367411734b07bc2652c4d87e14684c1,2018-04-29 21:12:52,139.98,3,2018-04-11 11:25:31
5c3460cd3e8a984382ae254e7dd20d9f,1b00085d9491b54da228042e4a5bd26a,2018-05-31 19:55:38,119.98,4,2018-04-29 21:12:52
5c3460cd3e8a984382ae254e7dd20d9f,415c8cb8b60f8371900c2abb3ce6a0c3,2018-06-09 19:43:35,119.98,5,2018-05-31 19:55:38
5c3460cd3e8a984382ae254e7dd20d9f,15c44e9d99f042b11c5f0b4d8a7d96b8,2018-06-21 09:34:58,37.47,6,2018-06-09 19:43:35
5c3460cd3e8a984382ae254e7dd20d9f,c4641ce744fc935456a95bc0c628a43c,2018-06-27 10:25:10,37.47,7,2018-06-21 09:34:58
5c3460cd3e8a984382ae254e7dd20d9f,aff6ce4c3564b24d8ecfa5f9d9c62fb1,2018-07-18 16:39:06,57.98,8,2018-06-27 10:25:10
5c3460cd3e8a984382ae254e7dd20d9f,a71be8f3b8729c021b536bb8e7471000,2018-08-16 15:40:31,76.45,9,2018-07-18 16:39:06
5dc203c7b84a0e71e878a179de05fb9a,bbfb434859fc673797c1040d267e342e,2018-05-28 20:43:51,44.0,1,
5dc203c7b84a0e71e878a179de05fb9a,63125d8bfcdf8566e5599d120f71eb09,2018-06-17 16:38:45,179.0,2,2018-05-28 20:43:51
5dc203c7b84a0e71e878a179de05fb9a,55fd9417304208e5b59e67ff2e1c4ae5,2018-06-27 13:26:22,44.0,3,2018-06-17 16:38:45
5dc203c7b84a0e71e878a179de05fb9a,58fda12832cc512415ef25b96f1638b4,2018-07-23 08:58:19,110.9,4,2018-06-27 13:26:22
5dc203c7b84a0e71e878a179de05fb9a,54d0bf2cd634845822e8b0c29f3834ca,2018-08-07 14:32:23,44.0,5,2018-07-23 08:58:19
5e063e85d44b0f5c3e6ec3131103a57e,ce9e623dd0def1f905a5c5ba0c99f65a,2018-07-12 10:13:37,22.9,1,
5e105f5c9f63f5f1fd75d6cb942e55b1,a251664f5760915d29631e4ea0a6f66e,2018-05-20 11:35:23,159.0,1,
5e105f5c9f63f5f1fd75d6cb942e55b1,0c5a4222cc662d4e0ec50de57f1f8b98,2018-05-20 20:40:14,45.0,2,2018-05-20 11:35:23
5e105f5c9f63f5f1fd75d6cb942e55b1,3c528555482dd82c04d09832f338e139,2018-06-18 10:22:41,75.0,3,2018-05-20 20:40:14
5e105f5c9f63f5f1fd75d6cb942e55b1,5ddedb27d1d30cb41cda46d654ff3d96,2018-07-29 13:10:58,75.0,4,2018-06-18 10:22:41
5e105f5c9f63f5f1fd75d6cb942e55b1,9d4ff04268ad793e7cac36f6224d44dc,2018-08-13 14:36:26,749.0,5,2018-07-29 13:10:58
5e105f5c9f63f5f1fd75d6cb942e55b1,bc14a141bbb47b18a33d0a1747cab119,2018-08-17 09:51:45,115.0,6,2018-08-13 14:36:26
5e105f5c9f63f5f1fd75d6cb942e55b1,bf441b5e92c73361e0b414a864240628,2018-08-21 23:40:28,115.0,7,2018-08-17 09:51:45
5e105f5c9f63f5f1fd75d6cb942e55b1,7d65ecd2eaff130dfa5beaec6aeb82d5,2018-08-25 11:42:43,138.9,8,2018-08-21 23:40:28
5e9f5bd34e0830569f05c9d4f56e04a8,f025be07a93a64e2f8fa6c84849f4d48,2018-07-12 16:56:22,119.99,1,
5e9f5bd34e0830569f05c9d4f56e04a8,7173f9c626f3e26e9c4c0033ebffe7d4,2018-07-14 20:48:14,119.99,2,2018-07-12 16:56:22
5f57db27027655e6c6a391601daa0258,8dde389ebcf87898f96614bf718a3424,2018-08-14 10:41:49,98.0,1,
5f5a58930c3c35f3b5af264f34fb8c85,1a555b0344dc27a6cc184ba866597cde,2018-06-25 09:19:01,282.0,1,
5f5a58930c3c35f3b5af264f34fb8c85,c5f8296baf77d395952fac57effcbf47,2018-07-19 12:04:10,139.0,2,2018-06-25 09:19:01
5f5a58930c3c35f3b5af264f34fb8c85,eae81d7a6951b80a04eb152e76e3ba55,2018-07-19 12:04:10,139.0,3,2018-07-19 12:04:10
6025c79c035c3d772133b8b8238463b2,de38b62136dcb5ff40d44d807c460a8a,2018-07-18 16:51:01,389.0,1,
6025c79c035c3d772133b8b8238463b2,e6c656a21310d32909eab8c157ccb639,2018-08-06 21:19:27,600.74,2,2018-07-18 16:51:01
6061155addc1e54b4cfb51c1c2a32ad8,15dbd4fa73037a8e8a6c619e4cffd46c,2018-06-01 01:20:55,899.0,1,
6061155addc1e54b4cfb51c1c2a32ad8,ead4a4f0272fc900657829676e8d963d,2018-06-19 09:58:17,19.9,2,2018-06-01 01:20:55
6061155addc1e54b4cfb51c1c2a32ad8,c4ae7b6961af19604f1a9d8313f5a4c0,2018-07-18 06:53:07,29.0,3,2018-06-19 09:58:17
6061155addc1e54b4cfb51c1c2a32ad8,2d96648ebbad7ad9cfc40c4c9c820f92,2018-07-18 08:46:54,128.0,4,2018-07-18 06:53:07
6061155addc1e54b4cfb51c1c2a32ad8,77ef3216467887c78ddec18de86a58b9,2018-07-18 18:25:54,148.0,5,2018-07-18 08:46:54
6061155addc1e54b4cfb51c1c2a32ad8,b76e1e63723d846f3382683973908122,2018-07-18 18:25:54,128.0,6,2018-07-18 18:25:54
6061155addc1e54b4cfb51c1c2a32ad8,d089c57c3f1314fa5bb23b8416231e81,2018-07-22 17:07:50,148.0,7,2018-07-18 18:25:54
6061155addc1e54b4cfb51c1c2a32ad8,501ce7b81b23f0c4009057c589c08023,2018-07-27 09:48:19,735.0,8,2018-07-22 17:07:50
6061155addc1e54b4cfb51c1c2a32ad8,cb6eba3723e0145a57f6d9cc2c5dce4b,2018-07-27 15:24:26,1240.0,9,2018-07-27 09:48:19
6061155addc1e54b4cfb51c1c2a32ad8,57e15c1ad29a85e248eeefad05d29453,2018-07-31 08:48:58,955.0,10,2018-07-27 15:24:26
6061155addc1e54b4cfb51c1c2a32ad8,73421a5bdd55f86529569549055d9e82,2018-08-02 12:05:28,148.0,11,2018-07-31 08:48:58
6061155addc1e54b4cfb51c1c2a32ad8,7a2f802f8cd01aa62fb904b952932edf,2018-08-02 12:06:09,735.0,12,2018-08-02 12:05:28
6061155addc1e54b4cfb51c1c2a32ad8,e9b78b3921cc12cdc6d6e8ff717de8d3,2018-08-07 16:24:20,276.0,13,2018-08-02 12:06:09
6061155addc1e54b4cfb51c1c2a32ad8,691c30273e86d88ab9be2ac45e25d516,2018-08-08 10:47:10,735.0,14,2018-08-07 16:24:20
6061155addc1e54b4cfb51c1c2a32ad8,7b9783133bb4a92b0c131b1b4f7657ea,2018-08-09 12:44:07,1240.0,15,2018-08-08 10:47:10
6061155addc1e54b4cfb51c1c2a32ad8,ce7cf6dd8f80dfb98716950ae40eca59,2018-08-11 12:49:15,134.5,16,2018-08-09 12:44:07
6061155addc1e54b4cfb51c1c2a32ad8,bcaa7f7240deb32b0410ee6cc085d9b4,2018-08-12 10:33:18,128.0,17,2018-08-11 12:49:15
6061155addc1e54b4cfb51c1c2a32ad8,4b80b55b32a3549ec05578e46a0f4021,2018-08-12 15:54:57,1240.0,18,2018-08-12 10:33:18
6061155addc1e54b4cfb51c1c2a32ad8,cd09c24e7f20280427dd7bf69a9d21db,2018-08-14 17:49:50,1240.0,19,2018-08-12 15:54:57
6061155addc1e54b4cfb51c1c2a32ad8,8a27647dc5f71b1eda4620983e89334c,2018-08-16 16:05:01,112.0,20,2018-08-14 17:49:50
6061155addc1e54b4cfb51c1c2a32ad8,d8c3814df9c4a328159b280e60a59486,2018-08-17 11:15:02,1690.0,21,2018-08-16 16:05:01
6061155addc1e54b4cfb51c1c2a32ad8,720232d7a3eab2caa5238117e5ab2ee1,2018-08-17 12:20:02,15.0,22,2018-08-17 11:15:02
6061155addc1e54b4cfb51c1c2a32ad8,02c9fa29186a8d00b3e73d3837ea40e5,2018-08-18 18:52:16,19.0,23,2018-08-17 12:20:02
6061155addc1e54b4cfb51c1c2a32ad8,8accd50880b882387ddd4a36d0b1b7d4,2018-08-18 21:08:29,148.0,24,2018-08-18 18:52:16
6061155addc1e54b4cfb51c1c2a32ad8,02014f2495eef0e869616829d481d743,2018-08-22 10:53:16,1240.0,25,2018-08-18 21:08:29
6061155addc1e54b4cfb51c1c2a32ad8,0913c46b1cafecb52e5a9a55b6c0e0fc,2018-08-23 10:56:52,128.0,26,2018-08-22 10:53:16
6061155addc1e54b4cfb51c1c2a32ad8,2ee3ac9eae989dd8029015f1cb956021,2018-08-23 14:21:50,735.0,27,2018-08-23 10:56:52
6061155addc1e54b4cfb51c1c2a32ad8,3f64a17e87d0fed4d084e352409882ba,2018-08-26 07:38:38,1240.0,28,2018-08-23 14:21:50
612170e34b97004b3ba37eae81836b4c,eedde7b7971429b2b6ae01b53411dd90,2018-06-11 14:32:25,154.9,1,
612170e34b97004b3ba37eae81836b4c,99a9646b3ae55969f333cc36747297fe,2018-06-21 20:37:12,204.5,2,2018-06-11 14:32:25
612170e34b97004b3ba37eae81836b4c,0be098c4a208559b0e6c96c3254481a7,2018-06-22 10:18:32,298.5,3,2018-06-21 20:37:12
612170e34b97004b3ba37eae81836b4c,087f003cb486254f7454eead9265e992,2018-06-22 11:58:33,298.5,4,2018-06-22 10:18:32
612170e34b97004b3ba37eae81836b4c,df08d513a0f8e2fd9822effae92d84ca,2018-06-22 13:29:32,204.5,5,2018-06-22 11:58:33
612170e34b97004b3ba37eae81836b4c,dbac48843f558f3518a3214cb9e818e7,2018-06-24 16:58:44,49.9,6,2018-06-22 13:29:32
612170e34b97004b3ba37eae81836b4c,3d989e705eac70bfb1f4a430924f3402,2018-06-25 08:27:21,298.5,7,2018-06-24 16:58:44
612170e34b97004b3ba37eae81836b4c,16fcb558c864b7eb62bfbf4a55be23d2,2018-06-26 19:48:15,89.5,8,2018-06-25 08:27:21
612170e34b97004b3ba37eae81836b4c,227881fdf69e55ab7906b7a818dd5e39,2018-06-27 18:48:48,154.9,9,2018-06-26 19:48:15
612170e34b97004b3ba37eae81836b4c,351126ee473c51592cb591efea295181,2018-06-28 22:11:43,91.99,10,2018-06-27 18:48:48
612170e34b97004b3ba37eae81836b4c,93d9dad77a7490e2f2618470129d8f83,2018-06-29 07:51:49,429.9,11,2018-06-28 22:11:43
612170e34b97004b3ba37eae81836b4c,2eb8d7103527b48ed39070bd8cb2368e,2018-07-01 13:19:06,30.5,12,2018-06-29 07:51:49
612170e34b97004b3ba37eae81836b4c,38855925f815a5c3f4ce58f6c6f9113d,2018-07-02 13:41:23,94.9,13,2018-07-01 13:19:06
612170e34b97004b3ba37eae81836b4c,197edbaa61a8a349f382553fd2180ee1,2018-07-02 13:58:59,296.5,14,2018-07-02 13:41:23
612170e34b97004b3ba37eae81836b4c,396e93059094c4e5ebf8af645cb91e03,2018-07-05 10:50:13,187.9,15,2018-07-02 13:58:59
612170e34b97004b3ba37eae81836b4c,88765c7c25c8dd40cefcd887f3c8cd8e,2018-07-10 12:29:11,184.9,16,2018-07-05 10:50:13
612170e34b97004b3ba37eae81836b4c,62da6eaeb0bb1013bcd1e66d7a93546e,2018-07-11 11:01:02,149.7,17,2018-07-10 12:29:11
612170e34b97004b3ba37eae81836b4c,dddc39f5e5e0fa66470e4fd815a31c5d,2018-07-11 11:18:33,89.0,18,2018-07-11 11:01:02
612170e34b97004b3ba37eae81836b4c,d84a72d286117f40da5a05597f25d58d,2018-07-11 12:00:06,89.0,19,2018-07-11 11:18:33
612170e34b97004b3ba37eae81836b4c,55c53a2d3c60e83064ad06dce6069af5,2018-07-11 17:37:25,119.9,20,2018-07-11 12:00:06
612170e34b97004b3ba37eae81836b4c,40bf12930df251761b91291590dbe45b,2018-07-11 17:58:38,84.9,21,2018-07-11 17:37:25
612170e34b97004b3ba37eae81836b4c,7f81d8bccb5531846cd177fd590ab260,2018-07-11 19:46:18,293.9,22,2018-07-11 17:58:38
612170e34b97004b3ba37eae81836b4c,9451af299c7a1f4f25e00283ec35f778,2018-07-12 08:42:08,119.9,23,2018-07-11 19:46:18
612170e34b97004b3ba37eae81836b4c,d110ac83a8b313d9d5e17d9ed61e7804,2018-07-12 08:43:58,119.9,24,2018-07-12 08:42:08
612170e34b97004b3ba37eae81836b4c,789ef8e547844763c96f5e815b5478e3,2018-07-12 08:47:25,1534.9,25,2018-07-12 08:43:58
612170e34b97004b3ba37eae81836b4c,dbb7c264b7caf9353bda0d1eafc4322c,2018-07-12 09:03:03,799.9,26,2018-07-12 08:47:25
612170e34b97004b3ba37eae81836b4c,658028ee7633b50e656cea96a31274b1,2018-07-12 09:21:49,119.9,27,2018-07-12 09:03:03
612170e34b97004b3ba37eae81836b4c,b3600c15b636df09dc66ca0f895befe1,2018-07-12 19:03:46,119.9,28,2018-07-12 09:21:49
612170e34b97004b3ba37eae81836b4c,e7e04d4d4bf764f196ef77cbf86b1ece,2018-07-13 09:11:10,139.9,29,2018-07-12 19:03:46
612170e34b97004b3ba37eae81836b4c,40bf40ed29a5bbdb73aaeb5eb134168f,2018-07-13 12:13:23,139.9,30,2018-07-13 09:11:10
612170e34b97004b3ba37eae81836b4c,7a3b37948764cd3ae1bb7c332ee79397,2018-07-13 14:23:47,139.9,31,2018-07-13 12:13:23
612170e34b97004b3ba37eae81836b4c,dafd881e3f2e32e13a60a0bad4547004,2018-07-13 15:00:23,139.9,32,2018-07-13 14:23:47
612170e34b97004b3ba37eae81836b4c,5552927954803697ef5ebf1431693061,2018-07-14 09:54:59,139.9,33,2018-07-13 15:00:23
612170e34b97004b3ba37eae81836b4c,a2b2d6d1919f4f35f47c42de3f62a1fc,2018-07-14 11:40:54,86.0,34,2018-07-14 09:54:59
612170e34b97004b3ba37eae81836b4c,4b6f2d3bd32baaae21249c217adcb5f3,2018-07-14 11:53:01,139.9,35,2018-07-14 11:40:54
612170e34b97004b3ba37eae81836b4c,1dfbad39bdbdc81e1419b9e1972cff46,2018-07-14 16:09:40,139.9,36,2018-07-14 11:53:01
612170e34b97004b3ba37eae81836b4c,e9c1cd6b45624aa77cf10be70487d8e8,2018-07-15 09:15:30,139.9,37,2018-07-14 16:09:40
612170e34b97004b3ba37eae81836b4c,55c5a129994903e122566941b7c4189d,2018-07-15 11:28:15,34.5,38,2018-07-15 09:15:30
612170e34b97004b3ba37eae81836b4c,b7bad41b595c73cedf79fe679bf246d9,2018-07-15 17:25:45,84.9,39,2018-07-15 11:28:15
612170e34b97004b3ba37eae81836b4c,469dba1d869ad7ac257e09c9f8947b4e,2018-07-15 17:29:25,99.8,40,2018-07-15 17:25:45
612170e34b97004b3ba37eae81836b4c,e987b29cdd5c19069d7c65a4eac2a806,2018-07-15 21:52:17,49.9,41,2018-07-15 17:29:25
612170e34b97004b3ba37eae81836b4c,c264a164325d23f657477ec6c1f0907a,2018-07-15 22:09:53,564.9,42,2018-07-15 21:52:17
612170e34b97004b3ba37eae81836b4c,d8448e657de2d4181e64b8fcf0506e9f,2018-07-16 13:04:10,139.9,43,2018-07-15 22:09:53
612170e34b97004b3ba37eae81836b4c,88503051b9833f27c9492939bcfe2a6a,2018-07-16 16:25:10,184.9,44,2018-07-16 13:04:10
612170e34b97004b3ba37eae81836b4c,45e64bfe511bd5e24d56e200e29631b7,2018-07-16 17:55:41,293.9,45,2018-07-16 16:25:10
612170e34b97004b3ba37eae81836b4c,f86264f3909d2925f91a81b8a105e0cd,2018-07-17 09:13:32,139.9,46,2018-07-16 17:55:41
612170e34b97004b3ba37eae81836b4c,31c9a3f10eb368b62e102608adbec724,2018-07-17 11:26:43,139.9,47,2018-07-17 09:13:32
612170e34b97004b3ba37eae81836b4c,7f86cca3de139cdba174aa276ec11612,2018-07-17 12:59:25,139.9,48,2018-07-17 11:26:43
612170e34b97004b3ba37eae81836b4c,d9842672b8cb5ecfbbd067d497f8958e,2018-07-17 19:23:14,139.9,49,2018-07-17 12:59:25
612170e34b97004b3ba37eae81836b4c,b8032632cbd7944f63573ccb8e2f5558,2018-07-20 08:52:36,549.9,50,2018-07-17 19:23:14
612170e34b97004b3ba37eae81836b4c,55a1bd51649b05cde9220959adebef9b,2018-07-20 10:01:05,109.9,51,2018-07-20 08:52:36
612170e34b97004b3ba37eae81836b4c,3b580f556a4a7d02c2ce65505bb164fb,2018-07-20 16:44:41,1079.9,52,2018-07-20 10:01:05
612170e34b97004b3ba37eae81836b4c,e66c28c44f4a12382611f0de3e522478,2018-07-20 17:40:31,139.9,53,2018-07-20 16:44:41
612170e34b97004b3ba37eae81836b4c,69adad596ce64d77dd2a23f85ce3aa98,2018-07-20 19:54:26,88.9,54,2018-07-20 17:40:31
612170e34b97004b3ba37eae81836b4c,487af6c1b2cb9c5259105b2388278bca,2018-07-20 21:33:03,139.9,55,2018-07-20 19:54:26
612170e34b97004b3ba37eae81836b4c,6d95f56851f4a4c72764429b174d2757,2018-07-21 04:52:51,229.9,56,2018-07-20 21:33:03
612170e34b97004b3ba37eae81836b4c,367d9f6d184cf1d060d92bdc71810d2e,2018-07-21 11:21:29,496.9,57,2018-07-21 04:52:51
612170e34b97004b3ba37eae81836b4c,d304c1d37685ed533e5e16e8e74ff2c1,2018-07-21 17:00:51,242.5,58,2018-07-21 11:21:29
612170e34b97004b3ba37eae81836b4c,ade5cd7237fbcad3ccc1177645e6884f,2018-07-22 12:29:24,139.9,59,2018-07-21 17:00:51
612170e34b97004b3ba37eae81836b4c,7351ff002cae99e94c0a6a1da562c331,2018-07-22 18:12:37,139.9,60,2018-07-22 12:29:24
612170e34b97004b3ba37eae81836b4c,88105b400acfb446584ad0e0c3a088eb,2018-07-22 20:25:13,129.9,61,2018-07-22 18:12:37
612170e34b97004b3ba37eae81836b4c,d8e084f74fa06f591e326975ca18a905,2018-07-22 20:33:06,184.9,62,2018-07-22 20:25:13
612170e34b97004b3ba37eae81836b4c,6101a3cad652012312ccd9284733ac2b,2018-07-23 11:15:29,88.9,63,2018-07-22 20:33:06
612170e34b97004b3ba37eae81836b4c,24bf227d444a1df7957f78e6f03bc5b6,2018-07-23 12:27:09,97.89,64,2018-07-23 11:15:29
612170e34b97004b3ba37eae81836b4c,1ff6ec2c3e9d8820643f43696482d2b9,2018-07-24 00:14:31,229.9,65,2018-07-23 12:27:09
612170e34b97004b3ba37eae81836b4c,0475d054d40280dfba750663c9ad7a0a,2018-07-24 17:25:33,49.9,66,2018-07-24 00:14:31
612170e34b97004b3ba37eae81836b4c,21094f6fd8017c8b7339040142abea71,2018-07-24 18:10:05,63.99,67,2018-07-24 17:25:33
612170e34b97004b3ba37eae81836b4c,63cd4c6c97737eb374e4b09ed5c1379a,2018-07-24 21:46:29,799.9,68,2018-07-24 18:10:05
612170e34b97004b3ba37eae81836b4c,bfd57b73f299e0d78761611486a49de9,2018-07-25 09:46:22,129.9,69,2018-07-24 21:46:29
612170e34b97004b3ba37eae81836b4c,8872e48bafe00195f92e3a6f1d81bfbc,2018-07-26 09:04:33,49.9,70,2018-07-25 09:46:22
612170e34b97004b3ba37eae81836b4c,4293c08add04a8db68205c16fcb0554f,2018-07-26 09:42:36,269.9,71,2018-07-26 09:04:33
612170e34b97004b3ba37eae81836b4c,ab9e742195daf35a5169f1439b2706b4,2018-07-28 13:18:23,229.0,72,2018-07-26 09:42:36
612170e34b97004b3ba37eae81836b4c,9fe26c640da2c51c4f699a364a195ccd,2018-07-28 13:34:11,598.9,73,2018-07-28 13:18:23
612170e34b97004b3ba37eae81836b4c,f9b05369b4ec092bbd3b32358b71fefe,2018-07-28 13:42:31,44.75,74,2018-07-28 13:34:11
612170e34b97004b3ba37eae81836b4c,101625de5f3ea8064a2900b7b9235491,2018-07-28 18:38:20,154.9,75,2018-07-28 13:42:31
612170e34b97004b3ba37eae81836b4c,612200d1732f963c7706d8da2517c04d,2018-07-28 19:40:29,229.9,76,2018-07-28 18:38:20
612170e34b97004b3ba37eae81836b4c,a0a4f45a87d4f0655d00a76cd579651e,2018-07-29 17:19:10,198.9,77,2018-07-28 19:40:29
612170e34b97004b3ba37eae81836b4c,d19ac15d2d6a66a837bc8bff474218b2,2018-07-30 01:23:40,887.0,78,2018-07-29 17:19:10
612170e34b97004b3ba37eae81836b4c,4199a7bc1c9f1b2df2a5fd055fce1e5d,2018-07-30 12:31:09,229.0,79,2018-07-30 01:23:40
612170e34b97004b3ba37eae81836b4c,9c9519dbd0554cfc5c787fdc7fa8ff42,2018-07-30 19:58:23,92.5,80,2018-07-30 12:31:09
612170e34b97004b3ba37eae81836b4c,f2aea068a8c3e1b4b9ec9dd781ee5bca,2018-08-01 13:51:58,92.5,81,2018-07-30 19:58:23
612170e34b97004b3ba37eae81836b4c,8458b41c26bf20ba9b4ad514cacd4b2a,2018-08-02 12:05:55,171.9,82,2018-08-01 13:51:58
612170e34b97004b3ba37eae81836b4c,b3c763d35ce46cf0a205b217814323ee,2018-08-02 12:20:01,239.9,83,2018-08-02 12:05:55
612170e34b97004b3ba37eae81836b4c,ddefab02557da340a3bc73518bf2ecf4,2018-08-02 16:05:38,199.9,84,2018-08-02 12:20:01
612170e34b97004b3ba37eae81836b4c,57f2a60c1d6d8f4fb076ac300e53bc1b,2018-08-03 23:28:23,92.5,85,2018-08-02 16:05:38
612170e34b97004b3ba37eae81836b4c,8fb847d8f402a68dbcfdeac4cf2375c3,2018-08-04 11:00:58,239.9,86,2018-08-03 23:28:23
612170e34b97004b3ba37eae81836b4c,672dbfbd96238e4d07021fcdd9152b6c,2018-08-05 22:28:27,887.0,87,2018-08-04 11:00:58
612170e34b97004b3ba37eae81836b4c,6cd474b81add3c3d62536cab3e34aa23,2018-08-06 09:12:33,170.0,88,2018-08-05 22:28:27
612170e34b97004b3ba37eae81836b4c,ef7c5d4791639dc1862b7bb3bacb3d48,2018-08-06 11:32:42,118.9,89,2018-08-06 09:12:33
612170e34b97004b3ba37eae81836b4c,bb01789fc0271409b394c7b283e9dd29,2018-08-07 12:08:49,178.5,90,2018-08-06 11:32:42
612170e34b97004b3ba37eae81836b4c,f13789f42f165f45674bdfb75866ce1b,2018-08-08 17:44:32,54.9,91,2018-08-07 12:08:49
612170e34b97004b3ba37eae81836b4c,e56707e3091b56e19c6234125fc87943,2018-08-08 17:59:33,324.9,92,2018-08-08 17:44:32
612170e34b97004b3ba37eae81836b4c,1314746d24fc84d41f49777b0ad90c69,2018-08-09 23:41:23,154.9,93,2018-08-08 17:59:33
612170e34b97004b3ba37eae81836b4c,3e5d9d4bd8c8fb94162c7aa9013240c9,2018-08-10 17:09:53,269.9,94,2018-08-09 23:41:23
612170e34b97004b3ba37eae81836b4c,feb6795b3a5f345c10e8e4a7c6383130,2018-08-10 19:29:13,199.9,95,2018-08-10 17:09:53
612170e34b97004b3ba37eae81836b4c,69cb53f8c670d38d607fe3083b4fbbcd,2018-08-10 19:49:38,170.0,96,2018-08-10 19:29:13
612170e34b97004b3ba37eae81836b4c,05f8021cf7217f1990addecad0e24b7a,2018-08-10 20:50:51,178.9,97,2018-08-10 19:49:38
612170e34b97004b3ba37eae81836b4c,66eebf0e266f975af04450e28dcadbf1,2018-08-11 18:31:35,178.9,98,2018-08-10 20:50:51
612170e34b97004b3ba37eae81836b4c,35cd360339571c02b1d4974ac1807d9c,2018-08-13 12:30:06,69.9,99,2018-08-11 18:31:35
612170e34b97004b3ba37eae81836b4c,2bb4f4b23284b2f435007ab797c29edc,2018-08-13 13:42:52,43.75,100,2018-08-13 12:30:06
612170e34b97004b3ba37eae81836b4c,86f347377bc9dbff8cd89feb1b946499,2018-08-13 13:56:42,43.75,101,2018-08-13 13:42:52
612170e34b97004b3ba37eae81836b4c,f6abdf036dbfaa78fa40d68f83a20968,2018-08-13 20:40:05,104.9,102,2018-08-13 13:56:42
612170e34b97004b3ba37eae81836b4c,05104976125ea1e5cc04bc1f506a436a,2018-08-14 11:44:44,198.9,103,2018-08-13 20:40:05
612170e34b97004b3ba37eae81836b4c,31b0ad9590cbb7cce97820802ad69c6b,2018-08-15 17:35:07,269.9,104,2018-08-14 11:44:44
612170e34b97004b3ba37eae81836b4c,a90caee2f02cc59cf28469ec71681116,2018-08-17 14:36:33,89.9,105,2018-08-15 17:35:07
612170e34b97004b3ba37eae81836b4c,8b2098d15b08a80b4d24395b44cb2a42,2018-08-19 11:18:32,44.9,106,2018-08-17 14:36:33
612170e34b97004b3ba37eae81836b4c,ceea2adacb3702fbbefb45ea65f5cd90,2018-08-22 10:02:13,229.9,107,2018-08-19 11:18:32
61b18775be84fb700a6b2d0ba097bf66,71ff7ff9c86023f13d546d2e953d531b,2018-04-16 20:07:20,179.8,1,
61b18775be84fb700a6b2d0ba097bf66,9198b4e581a0d75d41d959e9a161d1fb,2018-06-06 13:01:42,59.9,2,2018-04-16 20:07:20
61b18775be84fb700a6b2d0ba097bf66,6a868efa34dccad934e939877994dafe,2018-07-20 15:01:43,54.9,3,2018-06-06 13:01:42
61b18775be84fb700a6b2d0ba097bf66,36b036769c93a2e59324ac996fb51e2b,2018-08-21 19:20:14,39.9,4,2018-07-20 15:01:43
623ad9d0c1e14bb5464a8c72bff7b4af,efe29224ab6af2a162c9cb35940daca5,2018-05-13 20:05:37,95.0,1,
64c9a1db4e73e19aaafd3286dc448c96,9dfcd9d486e9837944ca391b700d0af4,2018-08-18 14:03:10,439.0,1,
651530bf5c607240ccdd89a30c9c9712,a90e65884b5ddd672fa889ed85cdf79f,2018-08-09 18:09:53,199.9,1,
6548c2550b6e2d8f18053216e1c7b6f3,d62e59ee0c5020813dbe50f9204b9a26,2018-06-26 11:17:35,178.0,1,
6548c2550b6e2d8f18053216e1c7b6f3,f294439a6719ccac91b6e2f25088dd1c,2018-08-14 11:25:54,14.7,2,2018-06-26 11:17:35
6548c2550b6e2d8f18053216e1c7b6f3,38c9169c58d74d3447a3ffed8962ce34,2018-08-22 17:58:13,25.0,3,2018-08-14 11:25:54
657969cca82e884d272385ec0ef06edd,15c09fa69403c377e9f77f3472949cd6,2018-05-01 10:10:41,69.9,1,
657969cca82e884d272385ec0ef06edd,4a7bd485a7782360556161a38c725e5b,2018-06-08 17:26:46,34.9,2,2018-05-01 10:10:41
657969cca82e884d272385ec0ef06edd,0decb14beb4de8d3b4e37103e81f119b,2018-07-31 17:45:44,34.9,3,2018-06-08 17:26:46
65febd49fd28ec955651299159b1f527,2ede41080a5404febc04debe6b371426,2018-04-17 10:14:25,40.99,1,
65febd49fd28ec955651299159b1f527,8c6fd4e7cb09a08b5984934adba61c22,2018-04-19 22:37:24,40.99,2,2018-04-17 10:14:25
65febd49fd28ec955651299159b1f527,62bb0ef3edb4e30a1481daa8f0e91f3f,2018-04-28 10:46:48,40.99,3,2018-04-19 22:37:24
65febd49fd28ec955651299159b1f527,a02d824dac198415585e19860908b022,2018-04-29 20:23:29,33.0,4,2018-04-28 10:46:48
65febd49fd28ec955651299159b1f527,e86dc64373eaaf9fc1d9d58bfce38f2f,2018-05-06 19:36:43,81.98,5,2018-04-29 20:23:29
65febd49fd28ec955651299159b1f527,a1271d56297bed4beb42e16d758bf7e4,2018-05-10 10:18:34,33.0,6,2018-05-06 19:36:43
65febd49fd28ec955651299159b1f527,e230d9e9b5c459f23e570014c1a255ff,2018-05-12 14:44:53,299.98,7,2018-05-10 10:18:34
65febd49fd28ec955651299159b1f527,fa2211e05a1ebb8eedfa015e5d6d7957,2018-05-22 15:11:07,99.99,8,2018-05-12 14:44:53
65febd49fd28ec955651299159b1f527,9deec776b35252a1660b2439abeb9e38,2018-06-03 14:57:09,279.98,9,2018-05-22 15:11:07
65febd49fd28ec955651299159b1f527,07a4d91148af619890def9a1ac3de73f,2018-06-04 19:59:56,139.99,10,2018-06-03 14:57:09
65febd49fd28ec955651299159b1f527,8b531c937807bb67b6cfb0afa1be6ee3,2018-06-10 19:37:05,141.98,11,2018-06-04 19:59:56
65febd49fd28ec955651299159b1f527,c41156a66829f82ecae077059c6ec307,2018-06-11 23:08:58,102.0,12,2018-06-10 19:37:05
65febd49fd28ec955651299159b1f527,52952afd06db1fee0c2227c8a80ac7b2,2018-06-12 18:30:39,40.99,13,2018-06-11 23:08:58
65febd49fd28ec955651299159b1f527,a4c838975cfa8a5cffda389f44d58213,2018-06-13 10:35:33,139.99,14,2018-06-12 18:30:39
65febd49fd28ec955651299159b1f527,01a15ee6a1b9050e7678b72cb4c3b486,2018-06-17 15:15:45,139.99,15,2018-06-13 10:35:33
65febd49fd28ec955651299159b1f527,45dbfcedafb7b44504dfb439ae973db0,2018-06-24 11:35:54,89.99,16,2018-06-17 15:15:45
65febd49fd28ec955651299159b1f527,bf3071f4f1aefac3684ec879711ae109,2018-06-27 21:17:52,149.99,17,2018-06-24 11:35:54
65febd49fd28ec955651299159b1f527,ee3565d2a50b87870c5b752412c360e6,2018-07-01 15:57:58,40.99,18,2018-06-27 21:17:52
65febd49fd28ec955651299159b1f527,b539ce2adefd8069df8b63856d7837f3,2018-07-19 19:38:48,40.99,19,2018-07-01 15:57:58
65febd49fd28ec955651299159b1f527,906aea7f9a8bbd2b625400e22531469e,2018-07-21 01:01:06,40.99,20,2018-07-19 19:38:48
65febd49fd28ec955651299159b1f527,cdf3be569e5ffb3e78f84d92c20336a7,2018-07-23 22:33:50,29.99,21,2018-07-21 01:01:06
65febd49fd28ec955651299159b1f527,a7c6365fed8c291cfac8b74f173b7a4f,2018-07-24 07:36:00,40.99,22,2018-07-23 22:33:50
65febd49fd28ec955651299159b1f527,fd4a2838bede5695c44824f56cd274f2,2018-07-25 15:55:24,55.0,23,2018-07-24 07:36:00
65febd49fd28ec955651299159b1f527,30f9680e12738190e2910a6f914f1703,2018-07-26 12:14:51,139.99,24,2018-07-25 15:55:24
65febd49fd28ec955651299159b1f527,a9f3a3d1ad51353ad83d1cc38aa74a47,2018-07-30 18:57:39,659.99,25,2018-07-26 12:14:51
65febd49fd28ec955651299159b1f527,990791b9237f52581d0a924b447c6fdf,2018-08-08 21:52:09,129.99,26,2018-07-30 18:57:39
65febd49fd28ec955651299159b1f527,516f5de9225a8f51acf38a5d5057bdd7,2018-08-13 20:45:48,51.0,27,2018-08-08 21:52:09
65febd49fd28ec955651299159b1f527,4e1fb96e2f63c315a9ca0c11d9254ada,2018-08-14 20:06:02,659.99,28,2018-08-13 20:45:48
65febd49fd28ec955651299159b1f527,48761cfd8309604ddb00a812ae7d9473,2018-08-16 00:40:20,89.99,29,2018-08-14 20:06:02
65febd49fd28ec955651299159b1f527,a2043f0404780bcf3bcfb20cadbab2d8,2018-08-19 08:39:24,139.99,30,2018-08-16 00:40:20
65febd49fd28ec955651299159b1f527,999a06d4f5f99f712c14e37308f5aa6e,2018-08-21 12:15:04,33.0,31,2018-08-19 08:39:24
65febd49fd28ec955651299159b1f527,22df89b611e2a03b4957043cf949e51f,2018-08-22 09:17:07,55.0,32,2018-08-21 12:15:04
65febd49fd28ec955651299159b1f527,92c735f4e752b94e7ba2fbebda5f4027,2018-08-22 14:00:26,33.0,33,2018-08-22 09:17:07
671585f5a2af58b6e276bc01003c0d2b,ba9626798f8c12e1f020a6d8e40b9a45,2018-07-27 21:43:27,40.0,1,
671585f5a2af58b6e276bc01003c0d2b,8ec9caca9f30411bda28f48d2aec61e2,2018-07-29 11:39:14,45.0,2,2018-07-27 21:43:27
671585f5a2af58b6e276bc01003c0d2b,3b4036c28cd5f750d7d1041c6eab8f86,2018-08-03 08:39:00,45.0,3,2018-07-29 11:39:14
671585f5a2af58b6e276bc01003c0d2b,b2ab8e46c0531fd546ec40b146724c46,2018-08-04 12:22:39,45.0,4,2018-08-03 08:39:00
671585f5a2af58b6e276bc01003c0d2b,4fab03676c2144ed35264324eef0ea12,2018-08-04 21:00:48,45.0,5,2018-08-04 12:22:39
671585f5a2af58b6e276bc01003c0d2b,1f5e41ca3a4a73a67d6ac937f4fe5422,2018-08-05 09:53:05,45.0,6,2018-08-04 21:00:48
671585f5a2af58b6e276bc01003c0d2b,37820e5c04da5c34523175842e470d25,2018-08-05 19:47:57,45.0,7,2018-08-05 09:53:05
671585f5a2af58b6e276bc01003c0d2b,ed20372f93978f02adb6424088ddb730,2018-08-07 12:53:53,45.0,8,2018-08-05 19:47:57
671585f5a2af58b6e276bc01003c0d2b,f8798210932c38fb57575fd5b985e408,2018-08-07 14:08:07,45.0,9,2018-08-07 12:53:53
671585f5a2af58b6e276bc01003c0d2b,4d6d5d4ddbda3bae532db626873c671b,2018-08-07 23:08:38,45.0,10,2018-08-07 14:08:07
671585f5a2af58b6e276bc01003c0d2b,4dd08fa7dea495346c25580cf491fd79,2018-08-09 16:18:52,40.0,11,2018-08-07 23:08:38
671585f5a2af58b6e276bc01003c0d2b,a2e8f1f731b30517a6d0e1889d1c7e35,2018-08-14 11:37:57,40.0,12,2018-08-09 16:18:52
671585f5a2af58b6e276bc01003c0d2b,9579d15470e621248235c5cb9164130e,2018-08-14 20:35:37,45.0,13,2018-08-14 11:37:57
671585f5a2af58b6e276bc01003c0d2b,991b6f0cb448175a229309dd55699710,2018-08-15 10:26:57,45.0,14,2018-08-14 20:35:37
671585f5a2af58b6e276bc01003c0d2b,727140332cb5607e87e03e1501f636b2,2018-08-15 16:22:26,40.0,15,2018-08-15 10:26:57
671585f5a2af58b6e276bc01003c0d2b,5ac5d690e12a26a84e1dc443d318e82f,2018-08-17 01:10:44,45.0,16,2018-08-15 16:22:26
671585f5a2af58b6e276bc01003c0d2b,b5d8e4c3414692eee1f0a38254252823,2018-08-18 19:17:25,45.0,17,2018-08-17 01:10:44
671585f5a2af58b6e276bc01003c0d2b,454b6ccf9f8f2c12b3a00ee763e027b9,2018-08-19 14:59:34,45.0,18,2018-08-18 19:17:25
671585f5a2af58b6e276bc01003c0d2b,ecf85b61bc3f89e2f5ff2d7367369675,2018-08-19 17:07:56,45.0,19,2018-08-19 14:59:34
671585f5a2af58b6e276bc01003c0d2b,e9da0d015d8dbc78a000c0b78cc87728,2018-08-19 18:26:18,10.0,20,2018-08-19 17:07:56
671585f5a2af58b6e276bc01003c0d2b,04198c2c90b3fcfaec75a836841dafe2,2018-08-19 20:31:49,45.0,21,2018-08-19 18:26:18
671585f5a2af58b6e276bc01003c0d2b,c51f25e565a1b4a03be6979f4661a585,2018-08-20 11:33:30,134.0,22,2018-08-19 20:31:49
671585f5a2af58b6e276bc01003c0d2b,85755a53293260a175624f3ee95afad7,2018-08-21 08:45:43,45.0,23,2018-08-20 11:33:30
671585f5a2af58b6e276bc01003c0d2b,60d517144cee8ca15bbbc4d52213b8a7,2018-08-21 19:45:28,45.0,24,2018-08-21 08:45:43
671585f5a2af58b6e276bc01003c0d2b,200e97c3760ae66937859b03653ccabd,2018-08-22 11:27:59,40.0,25,2018-08-21 19:45:28
671585f5a2af58b6e276bc01003c0d2b,8bc56c2bd5d8abe887ee0e3ec84a5c66,2018-08-23 16:52:37,45.0,26,2018-08-22 11:27:59
671585f5a2af58b6e276bc01003c0d2b,a06dda7f954798c0ad5a0b24e73b1ddb,2018-08-25 23:39:08,45.0,27,2018-08-23 16:52:37
674207551483fec113276b67b0d871ff,bb724065b1587966bc6e4553aeb0b2c6,2018-07-05 16:36:38,119.9,1,
693660429f9dc4ff704eb3d88dad54d7,68c499102625079201aa9bbcabd4108f,2018-07-22 17:24:17,62.0,1,
693660429f9dc4ff704eb3d88dad54d7,a2dbd93b24fc7f52962452e1920d2ec4,2018-07-23 17:01:07,62.0,2,2018-07-22 17:24:17
698f5fa55a5f73d0740e9d9a773e8093,fd193ed03647595d959a3e351af74eea,2018-06-12 17:26:43,12.0,1,
698f5fa55a5f73d0740e9d9a773e8093,dbade3512c5b746ad2732bb5abd9bbff,2018-06-12 23:27:39,36.0,2,2018-06-12 17:26:43
698f5fa55a5f73d0740e9d9a773e8093,b2684c3e0b5cba29ea14a74e3c933a34,2018-06-13 17:10:47,12.0,3,2018-06-12 23:27:39
698f5fa55a5f73d0740e9d9a773e8093,cd073a09b3f9f8f60fe4b7aa998f2ca0,2018-06-20 08:57:50,60.0,4,2018-06-13 17:10:47
6a38087bc8ad4f89ff453561005f6dea,df9f35f4d3e966c35d7c1c81c4c7ba73,2018-05-18 10:34:41,45.99,1,
6a38087bc8ad4f89ff453561005f6dea,055cf2a6f9343f99acdb5e8f70e49bd8,2018-05-18 15:33:46,275.94,2,2018-05-18 10:34:41
6a38087bc8ad4f89ff453561005f6dea,6fd8bc9e42591f17f566b1fba8bb912a,2018-06-14 19:05:05,99.8,3,2018-05-18 15:33:46
6a38087bc8ad4f89ff453561005f6dea,71b9f09ef6a6f0957d9a0bceeaf7d97d,2018-06-16 21:31:08,49.9,4,2018-06-14 19:05:05
6a38087bc8ad4f89ff453561005f6dea,2cedb157302d27f18d5648e77f92d56d,2018-06-18 20:56:17,158.9,5,2018-06-16 21:31:08
6a38087bc8ad4f89ff453561005f6dea,8a6687e2edd62edc2b9c1de51234bd98,2018-07-02 12:06:33,158.9,6,2018-06-18 20:56:17
6a38087bc8ad4f89ff453561005f6dea,6048533001f5fce8b89fa52898d99047,2018-07-21 16:12:43,49.9,7,2018-07-02 12:06:33
6a38087bc8ad4f89ff453561005f6dea,707d2a86b1e20b0fdcd7a45446d4b8fd,2018-07-23 22:18:15,158.9,8,2018-07-21 16:12:43
6a38087bc8ad4f89ff453561005f6dea,de57d3e5ce7ac9d723a9572aac2b7fc3,2018-07-28 13:09:38,49.9,9,2018-07-23 22:18:15
6a38087bc8ad4f89ff453561005f6dea,95160939719ddfef2f951cc36e468567,2018-08-06 11:01:30,49.9,10,2018-07-28 13:09:38
6a38087bc8ad4f89ff453561005f6dea,0a00e9b0112a0e7ba031426a31659196,2018-08-06 13:32:49,99.8,11,2018-08-06 11:01:30
6a38087bc8ad4f89ff453561005f6dea,4b30d547305dc914c94aaef8f842ebc2,2018-08-10 09:22:06,158.9,12,2018-08-06 13:32:49
6a38087bc8ad4f89ff453561005f6dea,385de16f1457125fdef85002bdc4f7d4,2018-08-16 16:45:08,158.9,13,2018-08-10 09:22:06
6a38087bc8ad4f89ff453561005f6dea,b9a332beea1ccdc10289232c319ec338,2018-08-17 12:31:54,158.9,14,2018-08-16 16:45:08
6a38087bc8ad4f89ff453561005f6dea,00b4c651133c06fb175123a492f1cac3,2018-08-17 12:56:21,158.9,15,2018-08-17 12:31:54
6a53b90c3ad9e0b56d9fe5c69165fff5,73907e5b1a70acbad15cc31c03637032,2018-05-16 19:57:22,99.8,1,
6a53b90c3ad9e0b56d9fe5c69165fff5,a5a1cabede9ba7b85cc04f0c65bddb88,2018-08-03 00:15:35,39.98,2,2018-05-16 19:57:22
6aa3928696eab49a19a466e665a649fd,36e08847e59e1d2e3dc6b1c1fb69fcda,2018-03-10 12:41:26,180.0,1,
6aa3928696eab49a19a466e665a649fd,2cbb35d23159c9f44b1e6ee4735181d2,2018-03-28 11:29:44,57.0,2,2018-03-10 12:41:26
6aa3928696eab49a19a466e665a649fd,32b719ae1cbb8bd2e7a59704cdd4146f,2018-04-08 01:11:00,57.0,3,2018-03-28 11:29:44
6aa3928696eab49a19a466e665a649fd,bab6d565d15cd0e292a67fb901aab300,2018-04-09 22:49:59,63.0,4,2018-04-08 01:11:00
6aa3928696eab49a19a466e665a649fd,d832359622f08c2364e168e1f01cc6e6,2018-04-10 13:22:53,122.0,5,2018-04-09 22:49:59
6aa3928696eab49a19a466e665a649fd,a6cf11644446a2f66b35c06a3b61917a,2018-04-12 15:43:20,70.0,6,2018-04-10 13:22:53
6aa3928696eab49a19a466e665a649fd,22dc3b0b3af4edea06fb011a04ee20b5,2018-05-01 21:11:39,89.0,7,2018-04-12 15:43:20
6aa3928696eab49a19a466e665a649fd,729c445f5f350f88d5c9a3911d6e9bc0,2018-05-02 17:42:07,178.0,8,2018-05-01 21:11:39
6aa3928696eab49a19a466e665a649fd,2380ca3ffd1097862f0f1f9b8f7c566f,2018-05-12 13:38:34,69.0,9,2018-05-02 17:42:07
6aa3928696eab49a19a466e665a649fd,12871e7ec010930e767517686d955c47,2018-05-14 11:56:51,69.0,10,2018-05-12 13:38:34
6aa3928696eab49a19a466e665a649fd,d6146bd142ef3ffa19fed2bcc5cab997,2018-05-15 23:20:55,138.0,11,2018-05-14 11:56:51
6aa3928696eab49a19a466e665a649fd,269c345570f1003630764953f56f6abd,2018-05-17 03:04:12,455.0,12,2018-05-15 23:20:55
6aa3928696eab49a19a466e665a649fd,59da0d6767ec282e26ad95f315276dbc,2018-05-26 09:47:12,69.0,13,2018-05-17 03:04:12
6aa3928696eab49a19a466e665a649fd,978fe8370991ccebc9532f0add3d7cbf,2018-06-09 09:26:17,140.0,14,2018-05-26 09:47:12
6aa3928696eab49a19a466e665a649fd,b55f0a21f464a77eddb6a1b485795406,2018-06-17 09:39:42,70.0,15,2018-06-09 09:26:17
6aa3928696eab49a19a466e665a649fd,adc0c438fc69e3d7797ed563551573c3,2018-06-18 19:45:24,140.0,16,2018-06-17 09:39:42
6aa3928696eab49a19a466e665a649fd,5f8c42f0624576e5f4c4c86cb176c613,2018-08-14 21:24:33,69.0,17,2018-06-18 19:45:24
6aa3928696eab49a19a466e665a649fd,e144a54c13458667eb25fc1a5eaf5139,2018-08-17 22:23:06,40.0,18,2018-08-14 21:24:33
6b3bd31ad8fcda4b2635ec9f3ff2ecdf,fa8d60735eb7db0f4659893592e3fec0,2018-03-24 14:57:23,85.9,1,
6b3bd31ad8fcda4b2635ec9f3ff2ecdf,79d99d8498728081a42a978071007d45,2018-03-24 22:23:03,267.29999999999995,2,2018-03-24 14:57:23
6b3bd31ad8fcda4b2635ec9f3ff2ecdf,f3e7fae1e0a6001047deeefa288f96a9,2018-03-25 11:26:29,89.1,3,2018-03-24 22:23:03
6b3bd31ad8fcda4b2635ec9f3ff2ecdf,1e50081a481cd77d211e822a33a0f359,2018-03-26 22:29:46,178.2,4,2018-03-25 11:26:29
6b3bd31ad8fcda4b2635ec9f3ff2ecdf,98145a2792b36ee08e12d89372fadd6f,2018-03-27 08:23:26,145.9,5,2018-03-26 22:29:46
6b3bd31ad8fcda4b2635ec9f3ff2ecdf,b71ae2d7677a2cb21e4d19ac1141e7b3,2018-04-02 16:09:38,69.9,6,2018-03-27 08:23:26
6b3bd31ad8fcda4b2635ec9f3ff2ecdf,5f93e72cdaf53d21746077af4b48e790,2018-04-02 17:00:10,100.9,7,2018-04-02 16:09:38
6b3bd31ad8fcda4b2635ec9f3ff2ecdf,c343d83ab82945c95a47834bae35be64,2018-04-02 21:11:35,178.2,8,2018-04-02 17:00:10
6b3bd31ad8fcda4b2635ec9f3ff2ecdf,777b4b0b8467866361a717d277ef1b1f,2018-04-02 22:55:40,69.9,9,2018-04-02 21:11:35
6b3bd31ad8fcda4b2635ec9f3ff2ecdf,553b504826f11364a11e938375721a61,2018-04-03 08:51:10,89.1,10,2018-04-02 22:55:40
6b3bd31ad8fcda4b2635ec9f3ff2ecdf,0eb0a41e6b1a9ededcb4102af28625fe,2018-04-14 14:43:48,99.8,11,2018-04-03 08:51:10
6b3bd31ad8fcda4b2635ec9f3ff2ecdf,685558bac861fa52b595c1febd211651,2018-04-17 22:03:52,99.8,12,2018-04-14 14:43:48
6b3bd31ad8fcda4b2635ec9f3ff2ecdf,c208742c454c4a949a6126eade1d2ef0,2018-04-18 21:17:15,159.0,13,2018-04-17 22:03:52
6b3bd31ad8fcda4b2635ec9f3ff2ecdf,4f4f01b70590d58246cdcf1c675738bb,2018-04-19 11:25:07,99.8,14,2018-04-18 21:17:15
6b3bd31ad8fcda4b2635ec9f3ff2ecdf,d3f99233d90971004bf98c118aa4387e,2018-04-22 10:13:50,160.0,15,2018-04-19 11:25:07
6b3bd31ad8fcda4b2635ec9f3ff2ecdf,d2dbcdd27c3b2a5db7cdea48cc9d0161,2018-04-23 13:36:18,105.9,16,2018-04-22 10:13:50
6b3bd31ad8fcda4b2635ec9f3ff2ecdf,bd4fdc437a085a99fc75e5346b518aa2,2018-04-24 18:35:45,105.9,17,2018-04-23 13:36:18
6b3bd31ad8fcda4b2635ec9f3ff2ecdf,ba4b43e91b98401f6165023bd0f7984d,2018-04-25 22:15:01,169.9,18,2018-04-24 18:35:45
6b3bd31ad8fcda4b2635ec9f3ff2ecdf,b1f3a8cfd8b6995035f80044f6ffa85b,2018-04-28 23:18:59,99.8,19,2018-04-25 22:15:01
6b3bd31ad8fcda4b2635ec9f3ff2ecdf,78ee278a8625d5e2b84e5b9133ce217f,2018-04-30 16:50:16,99.9,20,2018-04-28 23:18:59
6b3bd31ad8fcda4b2635ec9f3ff2ecdf,87980ebda651df2ddec79138c0366d96,2018-04-30 17:22:01,104.9,21,2018-04-30 16:50:16
6b3bd31ad8fcda4b2635ec9f3ff2ecdf,3162e7a4bd72ecb02f89eba7df43673e,2018-05-03 15:42:09,89.0,22,2018-04-30 17:22:01
6b3bd31ad8fcda4b2635ec9f3ff2ecdf,1d550821ddf4dbf2ec30545f33108874,2018-05-03 19:31:15,104.9,23,2018-05-03 15:42:09
6b3bd31ad8fcda4b2635ec9f3ff2ecdf,e3234cd6072b07fce570475325d2ca5f,2018-05-04 10:36:42,105.9,24,2018-05-03 19:31:15
6b3bd31ad8fcda4b2635ec9f3ff2ecdf,23c312ca9f0242a48a95e5643bee2645,2018-05-04 14:21:11,105.9,25,2018-05-04 10:36:42
6b3bd31ad8fcda4b2635ec9f3ff2ecdf,d7516b945750658964b64128d3de72de,2018-05-14 16:02:39,99.9,26,2018-05-04 14:21:11
6b3bd31ad8fcda4b2635ec9f3ff2ecdf,d871c26f47ac69e5afda955147ed598f,2018-05-15 11:43:48,105.9,27,2018-05-14 16:02:39
6b3bd31ad8fcda4b2635ec9f3ff2ecdf,9d4fe519c77c087d5a1bd73637c5c6bf,2018-05-16 06:34:04,104.9,28,2018-05-15 11:43:48
6b3bd31ad8fcda4b2635ec9f3ff2ecdf,e0844ad513f3a460e5438e8b79da7eda,2018-05-17 14:32:29,104.9,29,2018-05-16 06:34:04
6b3bd31ad8fcda4b2635ec9f3ff2ecdf,d80bc8900db383324d145cfb1c1aa854,2018-05-26 07:48:45,276.0,30,2018-05-17 14:32:29
6b3bd31ad8fcda4b2635ec9f3ff2ecdf,cd9a4a2f34981d431266156f950ce0ef,2018-06-07 13:36:53,65.9,31,2018-05-26 07:48:45
6b3bd31ad8fcda4b2635ec9f3ff2ecdf,17186e8730668b50ac4582f8b54c815c,2018-06-17 16:11:04,135.0,32,2018-06-07 13:36:53
6b3bd31ad8fcda4b2635ec9f3ff2ecdf,9807b5bda81d46b139365f3850fbda35,2018-07-06 19:57:41,25.9,33,2018-06-17 16:11:04
6b3bd31ad8fcda4b2635ec9f3ff2ecdf,7844d2f4784ca5e03bf47dd1ac050bc2,2018-08-02 12:07:28,51.8,34,2018-07-06 19:57:41
6b3bd31ad8fcda4b2635ec9f3ff2ecdf,f7a398b95f66e7c87f14092ce7310927,2018-08-10 21:12:29,108.9,35,2018-08-02 12:07:28
6b90f847357d8981edd79a1eb1bf0acb,af1d40f25339af66ca7766f6ad8401e3,2018-06-07 14:18:38,65.5,1,
6b90f847357d8981edd79a1eb1bf0acb,90a2a9d4bf425c5a385fa319833fe1bf,2018-06-11 22:22:13,10.9,2,2018-06-07 14:18:38
6b90f847357d8981edd79a1eb1bf0acb,9e68e57b1d59b0b5e5f9c13701af153e,2018-06-14 00:01:24,65.5,3,2018-06-11 22:22:13
6b90f847357d8981edd79a1eb1bf0acb,0550f231a3ccfd0e87217ef2e816c7dc,2018-06-17 01:47:19,59.9,4,2018-06-14 00:01:24
6b90f847357d8981edd79a1eb1bf0acb,d768ce9a72b741097aab143d6baf890a,2018-06-19 20:33:46,10.9,5,2018-06-17 01:47:19
6b90f847357d8981edd79a1eb1bf0acb,54f060705abd4a776a48a28f9858ca6e,2018-06-19 23:26:12,65.5,6,2018-06-19 20:33:46
6b90f847357d8981edd79a1eb1bf0acb,97d9d1b260af0792ba6514158fb10195,2018-06-21 19:34:46,65.5,7,2018-06-19 23:26:12
6b90f847357d8981edd79a1eb1bf0acb,abed2a2ecd907630587f0062063d3df7,2018-06-22 17:42:02,65.5,8,2018-06-21 19:34:46
6b90f847357d8981edd79a1eb1bf0acb,73c67371d275029330214fcd2b439fcd,2018-06-23 17:11:17,65.5,9,2018-06-22 17:42:02
6b90f847357d8981edd79a1eb1bf0acb,2a152286cc2026c2332455f5b2ba2980,2018-06-23 19:44:37,11.9,10,2018-06-23 17:11:17
6b90f847357d8981edd79a1eb1bf0acb,5570d1c57d34b326bef85dc8ddf0c986,2018-06-24 09:48:14,65.5,11,2018-06-23 19:44:37
6b90f847357d8981edd79a1eb1bf0acb,8e037d22abe0755825b4a5bd17135b23,2018-06-24 13:16:32,65.5,12,2018-06-24 09:48:14
6b90f847357d8981edd79a1eb1bf0acb,925d5a139c3c9f4e3f028685b9a95617,2018-06-24 19:43:20,189.9,13,2018-06-24 13:16:32
6b90f847357d8981edd79a1eb1bf0acb,29d3feafff91c156f661f3cfed630f1b,2018-06-24 21:13:11,65.5,14,2018-06-24 19:43:20
6b90f847357d8981edd79a1eb1bf0acb,b46a585f4ae96d0dec633727953055fe,2018-06-24 23:20:17,65.5,15,2018-06-24 21:13:11
6b90f847357d8981edd79a1eb1bf0acb,a40c4b7cef76fa945aaa465b7d13c1ae,2018-06-28 12:57:41,69.9,16,2018-06-24 23:20:17
6b90f847357d8981edd79a1eb1bf0acb,f374cd1f554940d83076f51951f456ac,2018-06-28 19:24:45,69.9,17,2018-06-28 12:57:41
6b90f847357d8981edd79a1eb1bf0acb,a4c100660bd4f8af58cf90ef7641d5e6,2018-06-30 10:38:34,11.9,18,2018-06-28 19:24:45
6b90f847357d8981edd79a1eb1bf0acb,c75eebf08446545f765d7cfc1ab89342,2018-07-01 11:15:50,69.9,19,2018-06-30 10:38:34
6b90f847357d8981edd79a1eb1bf0acb,8f22f06e256ac729f8a1850a4a36edf6,2018-07-01 21:00:45,65.5,20,2018-07-01 11:15:50
6b90f847357d8981edd79a1eb1bf0acb,325cfd48a71240cb16c9f50468478c92,2018-07-02 14:43:25,129.9,21,2018-07-01 21:00:45
6b90f847357d8981edd79a1eb1bf0acb,70e534acd4ff3f46956f7b4b36418474,2018-07-03 16:51:33,69.9,22,2018-07-02 14:43:25
6b90f847357d8981edd79a1eb1bf0acb,4e5d55d40118f10ac43d483e9094246a,2018-07-04 16:35:50,75.5,23,2018-07-03 16:51:33
6b90f847357d8981edd79a1eb1bf0acb,c7a7200ede6d21b5eac67705000af954,2018-07-05 07:50:34,76.9,24,2018-07-04 16:35:50
6b90f847357d8981edd79a1eb1bf0acb,32c1eb77cf7ceaa6358640e4cad0d14c,2018-07-05 22:39:59,85.5,25,2018-07-05 07:50:34
6b90f847357d8981edd79a1eb1bf0acb,adc34e61cc1a93fc2c76f9193190249a,2018-07-08 13:31:54,85.5,26,2018-07-05 22:39:59
6b90f847357d8981edd79a1eb1bf0acb,ace3b21c5c57456d2e2215452829073b,2018-07-19 08:44:59,15.9,27,2018-07-08 13:31:54
6b90f847357d8981edd79a1eb1bf0acb,0e2cb01a7fe8e20a0dc09ee72a5d8346,2018-07-23 11:18:49,210.0,28,2018-07-19 08:44:59
6b90f847357d8981edd79a1eb1bf0acb,56065795dbb3836e5698286b78306226,2018-07-24 08:08:00,59.9,29,2018-07-23 11:18:49
6b90f847357d8981edd79a1eb1bf0acb,524802fb3df670ef6612573f2d434b10,2018-07-26 18:59:43,210.0,30,2018-07-24 08:08:00
6b90f847357d8981edd79a1eb1bf0acb,aafb89f11bef342ec3ca3571428ab77b,2018-07-30 18:43:26,109.9,31,2018-07-26 18:59:43
6b90f847357d8981edd79a1eb1bf0acb,9321ce4aafa9151ff2b57775c8d1ff70,2018-08-02 19:51:25,15.9,32,2018-07-30 18:43:26
6b90f847357d8981edd79a1eb1bf0acb,acee82e21828ddd887e48ad3afc6704e,2018-08-06 23:07:45,88.99,33,2018-08-02 19:51:25
6b90f847357d8981edd79a1eb1bf0acb,8fe825d77766b84755ebf0c58017e4ea,2018-08-12 23:34:08,15.9,34,2018-08-06 23:07:45
6b90f847357d8981edd79a1eb1bf0acb,2eaa9442b80b5a4698a0635ebbb65dbc,2018-08-14 00:22:38,109.9,35,2018-08-12 23:34:08
6b90f847357d8981edd79a1eb1bf0acb,14475bfb58d520ab74383d026390abfa,2018-08-15 00:19:02,29.9,36,2018-08-14 00:22:38
6b90f847357d8981edd79a1eb1bf0acb,b8ccf087dea4fc431e71277cf66ed793,2018-08-15 11:29:28,159.8,37,2018-08-15 00:19:02
6b90f847357d8981edd79a1eb1bf0acb,f22994b30f7ab7b86eacb2ea99e61a86,2018-08-16 10:30:31,79.9,38,2018-08-15 11:29:28
6b90f847357d8981edd79a1eb1bf0acb,cd38eeff6b0ebffe1200329846d83987,2018-08-20 08:02:20,15.9,39,2018-08-16 10:30:31
6b90f847357d8981edd79a1eb1bf0acb,4a17b2645f4598da6cdcd43f785b9b1f,2018-08-22 13:06:17,59.9,40,2018-08-20 08:02:20
6b90f847357d8981edd79a1eb1bf0acb,f358900ce6c3997929cb9758ae638a16,2018-08-24 08:45:38,109.9,41,2018-08-22 13:06:17
6b90f847357d8981edd79a1eb1bf0acb,48337f7180cd174b07c0560ca8941dce,2018-08-24 20:41:12,109.9,42,2018-08-24 08:45:38
6b90f847357d8981edd79a1eb1bf0acb,3676b8a38151270ac285f2fa3c564772,2018-08-25 17:52:00,31.8,43,2018-08-24 20:41:12
6b90f847357d8981edd79a1eb1bf0acb,4c867c2aac81653679eff07e922441a0,2018-08-28 22:51:54,29.99,44,2018-08-25 17:52:00
6b90f847357d8981edd79a1eb1bf0acb,d03ca98f59480e7e76c71fa83ecd8fb6,2018-08-29 11:06:11,109.9,45,2018-08-28 22:51:54
6bd503a8230299c9316fb0f726933927,853e167f64c749528b3b531bef12850c,2018-07-13 18:59:31,178.2,1,
6bd503a8230299c9316fb0f726933927,036c6f5c3d6a81192f4896ddb2c00c83,2018-07-22 17:08:05,53.8,2,2018-07-13 18:59:31
6bd503a8230299c9316fb0f726933927,e979a3bd2f7e22a805e38dd992d5defe,2018-08-06 19:57:39,42.3,3,2018-07-22 17:08:05
6bd503a8230299c9316fb0f726933927,73e47be0498a4d9f19d88a0113af23fd,2018-08-17 15:11:32,49.99,4,2018-08-06 19:57:39
6c99c983ce3b6ba0ab813e6790e81691,d7ad2df000aead4e9ad0ff7e9118990f,2018-05-31 22:54:21,82.64,1,
6c99c983ce3b6ba0ab813e6790e81691,0cb67a1f07ecacac318a6eb35cf4928f,2018-06-09 06:23:04,42.2,2,2018-05-31 22:54:21
6c99c983ce3b6ba0ab813e6790e81691,d266e87fb98640ecbbe91425c76e72f3,2018-06-26 18:03:15,82.64,3,2018-06-09 06:23:04
6c99c983ce3b6ba0ab813e6790e81691,6917e117776da5f60f8403c2120ecb68,2018-06-28 17:57:37,42.2,4,2018-06-26 18:03:15
6c99c983ce3b6ba0ab813e6790e81691,05e6d57ea1f64b4e9a0b37c669515cfc,2018-07-03 23:29:36,42.2,5,2018-06-28 17:57:37
6c99c983ce3b6ba0ab813e6790e81691,e5c7ad83fffff48754bc2696e1ea59fb,2018-07-05 07:52:09,109.9,6,2018-07-03 23:29:36
6c99c983ce3b6ba0ab813e6790e81691,dfe408de79271298c68699286c267169,2018-07-18 14:55:44,60.59,7,2018-07-05 07:52:09
6c99c983ce3b6ba0ab813e6790e81691,5cf4f1db71ef2896c0c286637f7dffd1,2018-07-25 13:20:53,9.99,8,2018-07-18 14:55:44
6c99c983ce3b6ba0ab813e6790e81691,0b49ef15b00408f4b3cc8c7ac0c5ae19,2018-08-07 11:15:11,74.39,9,2018-07-25 13:20:53
6e4a902d1054e4e17aa6eab87fac1c75,a9cd6a8565b10d36007e7a68f48af097,2018-08-06 23:49:14,48.89,1,
6e4a902d1054e4e17aa6eab87fac1c75,441c5a5da055ac9043e37bc8b976654f,2018-08-10 12:48:27,92.9,2,2018-08-06 23:49:14
6e4a902d1054e4e17aa6eab87fac1c75,086f617d66181efa193629791e0a9076,2018-08-10 12:48:28,92.9,3,2018-08-10 12:48:27
6e4a902d1054e4e17aa6eab87fac1c75,90ee67e34c9289cc136a3677fc118253,2018-08-12 19:59:57,56.1,4,2018-08-10 12:48:28
6e4a902d1054e4e17aa6eab87fac1c75,06bd4e8d281ae8780eadabe2f8886368,2018-08-15 11:24:01,99.0,5,2018-08-12 19:59:57
6e4a902d1054e4e17aa6eab87fac1c75,d62354cddc18720cf8a24b521570a8f7,2018-08-17 22:52:18,97.78,6,2018-08-15 11:24:01
6e4a902d1054e4e17aa6eab87fac1c75,a2538594406c450266b29fb9a0338424,2018-08-21 21:15:52,99.0,7,2018-08-17 22:52:18
6ebf4eceee4dd9847201c82e77ef8123,c5f664e73dcc25378764b81c1de812d9,2018-04-04 23:21:54,59.9,1,
6eeed17989b0ae47c9f11ece6f38ea90,89d5f92a293efac0b96497f3c0ad19e5,2018-07-03 18:58:41,119.0,1,
6eeed17989b0ae47c9f11ece6f38ea90,c21fcb36121a9b1c65eed7b20f0862bd,2018-07-23 12:20:12,279.0,2,2018-07-03 18:58:41
6eeed17989b0ae47c9f11ece6f38ea90,06914a88cb181e922cc58fed3d198c98,2018-08-27 21:28:43,159.0,3,2018-07-23 12:20:12
6f835fd4be26989b1b064399da346143,e5b203174e16a24326eca2118bf82a94,2018-05-26 08:26:02,97.9,1,
6f835fd4be26989b1b064399da346143,32638cca2927b1658ac8e3e154ed4a66,2018-06-18 22:59:35,99.9,2,2018-05-26 08:26:02
6f83d9e4da896daae20b9b6b2d3ff8d2,9463979a72f79c0324a07095d572007e,2018-03-22 10:15:19,57.9,1,
6f83d9e4da896daae20b9b6b2d3ff8d2,917e10fa00bd5acea0532dac72f09e68,2018-03-22 14:57:57,57.9,2,2018-03-22 10:15:19
6f83d9e4da896daae20b9b6b2d3ff8d2,16aa7d10b833ccd4307a1159ba08d071,2018-03-24 06:41:33,79.9,3,2018-03-22 14:57:57
6f83d9e4da896daae20b9b6b2d3ff8d2,bea86cb4ad19aaeb7bb4bd8f06066c03,2018-03-25 19:15:10,56.89,4,2018-03-24 06:41:33
6f83d9e4da896daae20b9b6b2d3ff8d2,e65454e1b3cf3efc00f09c7508245f4c,2018-04-05 20:58:59,86.5,5,2018-03-25 19:15:10
6f83d9e4da896daae20b9b6b2d3ff8d2,fa2b14e880fc41311f519c101f30da3f,2018-05-10 14:57:14,35.9,6,2018-04-05 20:58:59
6f83d9e4da896daae20b9b6b2d3ff8d2,d877b306ef910af8ed6dc15022dbbc65,2018-05-14 21:04:37,86.5,7,2018-05-10 14:57:14
6f83d9e4da896daae20b9b6b2d3ff8d2,a56a69de5d08abcdd997b45a40cdbeed,2018-05-28 02:16:38,62.9,8,2018-05-14 21:04:37
6f83d9e4da896daae20b9b6b2d3ff8d2,f53432b147736e0b2c2ee32ba00709c6,2018-06-14 08:30:25,86.5,9,2018-05-28 02:16:38
6f83d9e4da896daae20b9b6b2d3ff8d2,0e87c108dff0cd2a475fc00da95a50f0,2018-06-14 19:15:36,86.5,10,2018-06-14 08:30:25
6f83d9e4da896daae20b9b6b2d3ff8d2,ef0ce2dff39f4a5251eef4f5194deaea,2018-07-31 17:24:44,67.8,11,2018-06-14 19:15:36
70bf57d811208f8923b41bbd499a67a4,64a812d3c23a4c2da0e1fb5a70e2a23f,2018-06-26 20:41:56,179.4,1,
70bf57d811208f8923b41bbd499a67a4,a6e7a9c6f4effc360a418d5bba41ba03,2018-07-09 18:54:52,99.4,2,2018-06-26 20:41:56
70bf57d811208f8923b41bbd499a67a4,b83bcc2e6111826562978d06d5de4e7e,2018-08-02 16:26:56,95.4,3,2018-07-09 18:54:52
70bf57d811208f8923b41bbd499a67a4,7217572256d0fb150b86021f70d421fe,2018-08-03 16:54:39,95.4,4,2018-08-02 16:26:56
70bf57d811208f8923b41bbd499a67a4,d9e5efc8095789e6ed44f7419f794928,2018-08-16 09:59:14,120.4,5,2018-08-03 16:54:39
70bf57d811208f8923b41bbd499a67a4,8c65d56ff533ea4260692ba747aebc7b,2018-08-25 14:23:47,95.4,6,2018-08-16 09:59:14
70bf57d811208f8923b41bbd499a67a4,2812dbf450ac5dd26b952cfc6db60529,2018-08-27 17:24:25,95.4,7,2018-08-25 14:23:47
70c27847eca8195c983ed7e798c56743,88d845f17b3dbf8c5d642a0ffcea2e48,2018-04-03 09:02:42,148.0,1,
70c27847eca8195c983ed7e798c56743,f1fbc76b5a7cfbf5170cba46cbc93c24,2018-04-03 10:38:15,148.0,2,2018-04-03 09:02:42
70c27847eca8195c983ed7e798c56743,a9fa4232de4a87398cfab2a5bcbecc56,2018-04-04 21:49:52,190.0,3,2018-04-03 10:38:15
70c27847eca8195c983ed7e798c56743,ef32d0ec67bd0ab2ea40c31c3f44571a,2018-04-05 07:46:23,190.0,4,2018-04-04 21:49:52
70c27847eca8195c983ed7e798c56743,fb69c7597d5c2d0f839030ab8618f54c,2018-04-05 10:50:36,134.0,5,2018-04-05 07:46:23
70c27847eca8195c983ed7e798c56743,cdd7d95ef2e9701ad29741c3f827bcd4,2018-04-07 13:51:40,134.0,6,2018-04-05 10:50:36
70c27847eca8195c983ed7e798c56743,ace58598846c21f25ac62b735a436731,2018-04-09 22:40:40,134.0,7,2018-04-07 13:51:40
70c27847eca8195c983ed7e798c56743,70613a4d0fcc3ad95dd80f90a7d05a59,2018-04-10 04:29:02,190.0,8,2018-04-09 22:40:40
70c27847eca8195c983ed7e798c56743,e01fc3338c40dc94ef890089c8deeffc,2018-04-10 18:04:06,359.96999999999997,9,2018-04-10 04:29:02
70c27847eca8195c983ed7e798c56743,e9ed35393653f0ebbc1d792ba5ed1447,2018-04-13 09:15:41,197.0,10,2018-04-10 18:04:06
70c27847eca8195c983ed7e798c56743,07d60a76803db63f0ca6708011e8cf9b,2018-04-13 13:45:45,168.8,11,2018-04-13 09:15:41
70c27847eca8195c983ed7e798c56743,54e6d56639c48dcd78037b9ad99178f8,2018-04-14 17:40:48,147.0,12,2018-04-13 13:45:45
70c27847eca8195c983ed7e798c56743,6d04d37febb3507a35abc6f37bf14d97,2018-04-16 09:58:44,191.0,13,2018-04-14 17:40:48
70c27847eca8195c983ed7e798c56743,e29f9529525910e5629fdf7a2e569dbf,2018-04-18 11:26:25,134.0,14,2018-04-16 09:58:44
70c27847eca8195c983ed7e798c56743,d6c486ebb46b4882e3ea353fcff04ff6,2018-04-24 16:00:09,104.99,15,2018-04-18 11:26:25
70c27847eca8195c983ed7e798c56743,00335f75ea6a4455b524a8dd177067f5,2018-04-25 21:47:26,168.8,16,2018-04-24 16:00:09
70c27847eca8195c983ed7e798c56743,7449c09ba5f15012c1927e8230c8fd07,2018-05-02 09:12:02,114.99,17,2018-04-25 21:47:26
70c27847eca8195c983ed7e798c56743,5f153c3049d1a1a368e43348928a8047,2018-05-11 17:09:38,235.98,18,2018-05-02 09:12:02
70c27847eca8195c983ed7e798c56743,aca32a744ead78cb64a902170bf3147e,2018-05-21 11:49:15,124.99,19,2018-05-11 17:09:38
70c27847eca8195c983ed7e798c56743,53ae9aaa6ba9fefffe3c0db94f4d2c43,2018-05-28 12:44:25,158.99,20,2018-05-21 11:49:15
70c27847eca8195c983ed7e798c56743,4b4c7655aadab4cf1eb81eddf40afcaf,2018-05-28 17:31:06,217.8,21,2018-05-28 12:44:25
70c27847eca8195c983ed7e798c56743,cc56a1a4acaf02f1c4732ca37b83ca9c,2018-05-30 14:53:39,169.99,22,2018-05-28 17:31:06
70c27847eca8195c983ed7e798c56743,176047e99b8d67f011ec8cf606497f41,2018-05-30 16:12:32,168.49,23,2018-05-30 14:53:39
70c27847eca8195c983ed7e798c56743,fe9ee959acb4aa3fd81440e75ccbe0cf,2018-06-01 07:29:26,123.99,24,2018-05-30 16:12:32
70c27847eca8195c983ed7e798c56743,17f12788b667e6b9af13a3f11ae1db08,2018-06-01 14:50:42,336.98,25,2018-06-01 07:29:26
70c27847eca8195c983ed7e798c56743,fee76720d4d707fc12d7e5a40cd5c18d,2018-06-02 11:04:02,249.99,26,2018-06-01 14:50:42
70c27847eca8195c983ed7e798c56743,b553c2eaaf7ce5f82361ae904f3dbb4d,2018-06-03 16:07:20,139.99,27,2018-06-02 11:04:02
70c27847eca8195c983ed7e798c56743,bac2a0865fcd2f0a6d08ea425fd888c3,2018-06-04 13:27:54,154.89,28,2018-06-03 16:07:20
70c27847eca8195c983ed7e798c56743,fa65d721b5cd6f9f0576b0e17c1998fa,2018-06-04 23:54:39,56.99,29,2018-06-04 13:27:54
70c27847eca8195c983ed7e798c56743,83c0700d6e42c5b6cd1fbf3e593ea4ca,2018-06-08 14:50:54,143.99,30,2018-06-04 23:54:39
70c27847eca8195c983ed7e798c56743,251290bd4ffaeb9e5e29158f3ea21c93,2018-06-10 22:27:15,43.0,31,2018-06-08 14:50:54
70c27847eca8195c983ed7e798c56743,d83704206184936b569352ae7f704788,2018-06-13 00:45:05,133.99,32,2018-06-10 22:27:15
70c27847eca8195c983ed7e798c56743,8210bb31459a84e6b7e5c42367d1c127,2018-06-13 22:45:42,56.99,33,2018-06-13 00:45:05
70c27847eca8195c983ed7e798c56743,0a8b3b277ffe67981af7d4a14e7f98d5,2018-06-14 07:01:36,217.8,34,2018-06-13 22:45:42
70c27847eca8195c983ed7e798c56743,80d2f4b0e0fb1b8385d270a2d585a1e4,2018-06-14 21:37:00,47.99,35,2018-06-14 07:01:36
70c27847eca8195c983ed7e798c56743,bc03012724b4db8837684e376b6eeacd,2018-06-16 20:50:28,113.98,36,2018-06-14 21:37:00
70c27847eca8195c983ed7e798c56743,fd846a883eef31061d47f7d1da654880,2018-06-17 10:15:13,329.96999999999997,37,2018-06-16 20:50:28
70c27847eca8195c983ed7e798c56743,353dd28caf3128fc754969ad49548d6b,2018-06-21 21:01:12,110.89,38,2018-06-17 10:15:13
70c27847eca8195c983ed7e798c56743,517764046d20478235016a57ee3d7f4f,2018-06-22 15:13:36,43.0,39,2018-06-21 21:01:12
70c27847eca8195c983ed7e798c56743,800287d237dce4a18b42741b52bd4390,2018-06-29 16:04:57,110.89,40,2018-06-22 15:13:36
70c27847eca8195c983ed7e798c56743,275725b6f36bbcb5524f2f7b704cfb3a,2018-06-29 17:25:43,109.99,41,2018-06-29 16:04:57
70c27847eca8195c983ed7e798c56743,fa4a23d3eacd4f1794252ef37ff4e999,2018-07-02 10:51:58,109.99,42,2018-06-29 17:25:43
70c27847eca8195c983ed7e798c56743,0eec617eceb2ecbaec84cb904530b048,2018-07-03 14:28:36,110.89,43,2018-07-02 10:51:58
70c27847eca8195c983ed7e798c56743,0bb6d291f1488ae4922e89c2f6105f33,2018-07-11 10:49:57,211.98,44,2018-07-03 14:28:36
70c27847eca8195c983ed7e798c56743,e44a2113e6f06206c4ae9134ab3f6074,2018-07-13 15:32:27,215.98,45,2018-07-11 10:49:57
70c27847eca8195c983ed7e798c56743,ec22a18f14eba260f8f395dfc96fa72c,2018-07-15 20:37:57,106.99,46,2018-07-13 15:32:27
70c27847eca8195c983ed7e798c56743,bb645512c737c47f7bb875b67153b3f4,2018-07-17 14:35:00,229.98,47,2018-07-15 20:37:57
70c27847eca8195c983ed7e798c56743,3ab3084e2fd91af8e021237e7bf08cac,2018-07-18 10:59:37,107.99,48,2018-07-17 14:35:00
70c27847eca8195c983ed7e798c56743,d6af6233aac78108f824d75f4461fa14,2018-07-20 09:18:39,323.96999999999997,49,2018-07-18 10:59:37
70c27847eca8195c983ed7e798c56743,f43f30b7f0ab764f863d9340e06c3f25,2018-07-23 10:18:13,114.99,50,2018-07-20 09:18:39
70c27847eca8195c983ed7e798c56743,49e6f4ed0034a19d7c8051244c8d64ba,2018-07-23 10:20:16,194.99,51,2018-07-23 10:18:13
70c27847eca8195c983ed7e798c56743,97d6ed0a050dac6d990b16908ce0a5fa,2018-07-25 21:24:26,229.98,52,2018-07-23 10:20:16
70c27847eca8195c983ed7e798c56743,7a944e7886782c8767505df5fcdc0604,2018-07-26 08:44:57,323.96999999999997,53,2018-07-25 21:24:26
70c27847eca8195c983ed7e798c56743,c17ecfaa63fd9b920c822d5361a8dbb0,2018-07-26 10:26:23,107.99,54,2018-07-26 08:44:57
70c27847eca8195c983ed7e798c56743,675d6533ed09bea158fd932431474b82,2018-07-28 21:10:25,238.99,55,2018-07-26 10:26:23
70c27847eca8195c983ed7e798c56743,b33010cda5cc0e6573b4eecafeb14082,2018-07-30 17:57:51,238.99,56,2018-07-28 21:10:25
70c27847eca8195c983ed7e798c56743,f66ab2fcf6eb4fbb8c027f16de902cdc,2018-08-01 13:21:58,315.98,57,2018-07-30 17:57:51
70c27847eca8195c983ed7e798c56743,4f88a7f264d48920c4f0762d160212ca,2018-08-02 12:07:00,229.98,58,2018-08-01 13:21:58
70c27847eca8195c983ed7e798c56743,33621dd1b751a02342dc065c32f1c96c,2018-08-02 19:39:53,107.99,59,2018-08-02 12:07:00
70c27847eca8195c983ed7e798c56743,e5c0172ee0cef526f88bc189213a5070,2018-08-04 23:12:13,146.99,60,2018-08-02 19:39:53
70c27847eca8195c983ed7e798c56743,078f6e79012194cd9eb77b10f6753d77,2018-08-05 15:07:09,139.98,61,2018-08-04 23:12:13
70c27847eca8195c983ed7e798c56743,fbacb2717f779ec85691cc7fcec4f1d7,2018-08-07 22:09:21,238.99,62,2018-08-05 15:07:09
70c27847eca8195c983ed7e798c56743,f73f8b967be6b99c1a6aa84ace884e28,2018-08-08 15:52:44,107.99,63,2018-08-07 22:09:21
70c27847eca8195c983ed7e798c56743,fe52796ecc672e9bd061049987e19829,2018-08-09 18:12:13,107.99,64,2018-08-08 15:52:44
70c27847eca8195c983ed7e798c56743,ab34db6c283d8f91f11773a52711c317,2018-08-10 15:02:34,168.99,65,2018-08-09 18:12:13
70c27847eca8195c983ed7e798c56743,95be8cd93b77a78622e9a813b31cc0df,2018-08-10 22:51:30,69.99,66,2018-08-10 15:02:34
70c27847eca8195c983ed7e798c56743,8f723b9103b44257ac35a1e9b9e49fbf,2018-08-13 10:55:44,107.99,67,2018-08-10 22:51:30
70c27847eca8195c983ed7e798c56743,5fa643060454c5e14a75113a3800b787,2018-08-13 14:35:48,107.99,68,2018-08-13 10:55:44
70c27847eca8195c983ed7e798c56743,be5855d64fcac12e1e9c036a4932ff7d,2018-08-15 11:05:02,107.99,69,2018-08-13 14:35:48
70c27847eca8195c983ed7e798c56743,a5bf7b210e4e59a0a786e88355cc8657,2018-08-15 19:13:57,107.99,70,2018-08-15 11:05:02
70c27847eca8195c983ed7e798c56743,4155cce59e4c6284e17f9143818b2906,2018-08-15 21:08:32,105.99,71,2018-08-15 19:13:57
70c27847eca8195c983ed7e798c56743,97ae631fa495a9b1e3a4b4f14379846c,2018-08-16 14:01:17,37.99,72,2018-08-15 21:08:32
70c27847eca8195c983ed7e798c56743,ab1565bce2736095e4b347db4cfc071f,2018-08-19 17:16:52,229.98,73,2018-08-16 14:01:17
70c27847eca8195c983ed7e798c56743,2d4128c16198542b771a2487095657c3,2018-08-20 21:06:24,69.99,74,2018-08-19 17:16:52
70c27847eca8195c983ed7e798c56743,750cb0e4a410a52a77ea1718a489393e,2018-08-21 22:39:49,69.99,75,2018-08-20 21:06:24
70c27847eca8195c983ed7e798c56743,32ddbd4844f4963945fcecc9129d6fb8,2018-08-22 11:54:29,112.99,76,2018-08-21 22:39:49
70c27847eca8195c983ed7e798c56743,bafef85881303806cc2d726bda04dfd7,2018-08-22 21:34:37,59.99,77,2018-08-22 11:54:29
7210cd29727d674c00741e5e387b3ccd,d4783ba848b3f01d54e6ad0fd20b5f0c,2018-06-10 13:08:26,64.99,1,
7210cd29727d674c00741e5e387b3ccd,b1e7ea6ef4104c3bcd94c0b9260717b2,2018-07-10 14:29:23,64.99,2,2018-06-10 13:08:26
7210cd29727d674c00741e5e387b3ccd,b42c3979ca033193016394e37f74d668,2018-07-11 13:32:53,129.89,3,2018-07-10 14:29:23
7210cd29727d674c00741e5e387b3ccd,e460863b51f5cd5e40996ef493df7d31,2018-07-20 19:43:30,129.89,4,2018-07-11 13:32:53
7210cd29727d674c00741e5e387b3ccd,4461b95e70e309fde34dd20048ecc0dd,2018-07-25 16:47:19,64.99,5,2018-07-20 19:43:30
7210cd29727d674c00741e5e387b3ccd,50bfdb0627807130b8f989106c985a75,2018-08-07 09:54:16,63.0,6,2018-07-25 16:47:19
7210cd29727d674c00741e5e387b3ccd,f8924deb5600bb1368e603e9205e7949,2018-08-07 20:13:54,45.8,7,2018-08-07 09:54:16
7210cd29727d674c00741e5e387b3ccd,00526a9d4ebde463baee25f386963ddc,2018-08-07 22:03:44,135.56,8,2018-08-07 20:13:54
7210cd29727d674c00741e5e387b3ccd,a9a6b38d59cf5f6c56d86dc3513a9bb9,2018-08-20 14:31:33,29.98,9,2018-08-07 22:03:44
7238a95bb63ef7e498389fb863b834a1,ff96d596c25445650eee60b94fa62244,2018-04-27 14:01:01,329.0,1,
7238a95bb63ef7e498389fb863b834a1,3edc1d26d1bd92c3c56e12bf85979f87,2018-05-31 18:28:14,329.0,2,2018-04-27 14:01:01
7238a95bb63ef7e498389fb863b834a1,af6962e783e8c05ad856fde27aefc00b,2018-06-08 01:41:36,329.0,3,2018-05-31 18:28:14
7238a95bb63ef7e498389fb863b834a1,d8665f349c8a92546c754a7e84627c52,2018-06-21 21:24:28,330.0,4,2018-06-08 01:41:36
7238a95bb63ef7e498389fb863b834a1,46f3c8f0f9ca12fb198779b7f99a0e0a,2018-07-01 07:27:07,39.9,5,2018-06-21 21:24:28
7238a95bb63ef7e498389fb863b834a1,7e4781e7b053db140ebba2ed6e3fde99,2018-07-02 08:36:24,89.0,6,2018-07-01 07:27:07
7238a95bb63ef7e498389fb863b834a1,ad0c8220f99f61bf17c26f4732bda83a,2018-07-05 14:46:33,39.9,7,2018-07-02 08:36:24
7238a95bb63ef7e498389fb863b834a1,89a7352733b3aeb0fc18bb034b52cc5d,2018-07-17 17:39:51,76.0,8,2018-07-05 14:46:33
7238a95bb63ef7e498389fb863b834a1,c1eab54ad584ff7acf4b8f5e4020c005,2018-07-19 18:49:17,76.0,9,2018-07-17 17:39:51
7238a95bb63ef7e498389fb863b834a1,de64325a3ec242c2264f553d946274ae,2018-07-23 10:38:59,128.0,10,2018-07-19 18:49:17
7238a95bb63ef7e498389fb863b834a1,a437e36732c69e10d37e63bacbb1fe38,2018-07-23 19:21:09,128.0,11,2018-07-23 10:38:59
7238a95bb63ef7e498389fb863b834a1,3f156a4b06647bd900a87618d08a860e,2018-07-25 21:29:05,76.0,12,2018-07-23 19:21:09
7238a95bb63ef7e498389fb863b834a1,9e7076697b77903d67c852e3d2dbcdae,2018-07-29 08:05:41,128.0,13,2018-07-25 21:29:05
7238a95bb63ef7e498389fb863b834a1,d8d4e1a57a139526d78c7713a4eed523,2018-08-02 20:27:24,39.9,14,2018-07-29 08:05:41
7238a95bb63ef7e498389fb863b834a1,109dfb5756c526e783783356f4384b4e,2018-08-16 15:13:00,128.0,15,2018-08-02 20:27:24
723cd880edaacdb998898b67c8f9da30,cfeabbe55161aacebc485e4fed2ec234,2018-03-27 12:41:26,306.59,1,
723cd880edaacdb998898b67c8f9da30,7792343581cd5fc0e1956c59b543afc8,2018-04-13 18:40:31,181.99,2,2018-03-27 12:41:26
723cd880edaacdb998898b67c8f9da30,26343e0890fb597a7d91a607455a44fa,2018-04-23 09:30:14,330.0,3,2018-04-13 18:40:31
723cd880edaacdb998898b67c8f9da30,1594012ccc1b0770373ce691d697e5ae,2018-04-23 19:05:57,330.0,4,2018-04-23 09:30:14
723cd880edaacdb998898b67c8f9da30,3bad88adde3b0947e92cdeca75800f58,2018-06-28 11:35:44,99.99,5,2018-04-23 19:05:57
723cd880edaacdb998898b67c8f9da30,7f62ff42160c8f3c778b5f4e16ef552c,2018-07-13 15:20:53,99.99,6,2018-06-28 11:35:44
723cd880edaacdb998898b67c8f9da30,6ac314f1970b39cf3b7760803caf3c23,2018-07-16 16:37:13,112.99,7,2018-07-13 15:20:53
723cd880edaacdb998898b67c8f9da30,5148463bdbc74b975746afa3149a03c9,2018-07-20 18:36:31,99.99,8,2018-07-16 16:37:13
723cd880edaacdb998898b67c8f9da30,a445af0d83713885b6b576796191b1fa,2018-07-23 19:07:01,99.99,9,2018-07-20 18:36:31
723cd880edaacdb998898b67c8f9da30,ab30819331b8ee6115370bcfa01a8350,2018-08-09 14:58:57,396.0,10,2018-07-23 19:07:01
723cd880edaacdb998898b67c8f9da30,e699670c160ced1a5e73cab03b0e1899,2018-08-20 14:00:12,79.0,11,2018-08-09 14:58:57
72c38a04bd6a1c3dbc5298425a0db86d,e1db59871010ccacfb63f6cc3f0db76f,2018-05-13 22:30:46,214.6,1,
72c38a04bd6a1c3dbc5298425a0db86d,fa09bf06f137e4496f69f730fd93dcaf,2018-06-12 19:03:16,92.0,2,2018-05-13 22:30:46
72c38a04bd6a1c3dbc5298425a0db86d,1308ad90597fb922916cd20eda3d53b2,2018-06-25 17:18:17,284.9,3,2018-06-12 19:03:16
72c38a04bd6a1c3dbc5298425a0db86d,da53168e1e12e3408d193c03604f260d,2018-07-05 10:00:59,55.8,4,2018-06-25 17:18:17
74636e24f01da9268b0ed88dacd8513e,b00bfb424800f2b8208beced23e67c63,2018-04-25 14:50:27,189.0,1,
74636e24f01da9268b0ed88dacd8513e,4cad7da3634c4f5d4bb0c35b4c056f73,2018-05-08 18:10:03,209.0,2,2018-04-25 14:50:27
74636e24f01da9268b0ed88dacd8513e,e781bc7ac959969446407858e838fe56,2018-08-08 14:37:18,189.0,3,2018-05-08 18:10:03
74636e24f01da9268b0ed88dacd8513e,2555b76d4dee02026ccde36884f09c84,2018-08-14 07:54:20,189.0,4,2018-08-08 14:37:18
751e274377499a8503fd6243ad9c56f6,70462ebcf26934be8bd0327d2e6103d3,2018-08-20 22:06:10,218.0,1,
761681a821d8275bc79f552116d06869,dba025e9db06809a86eb497cbdf12dca,2018-04-23 19:27:59,101.19,1,
761681a821d8275bc79f552116d06869,9acd6aac847c79db40c68153b6b4d915,2018-06-14 14:23:43,102.49,2,2018-04-23 19:27:59
761681a821d8275bc79f552116d06869,4218242a28cc771a5fbcd7f4e56dd02d,2018-07-25 12:02:27,151.24,3,2018-06-14 14:23:43
762fafdaa57a532ee0119731697579dd,a506cff68ad939f030138d38c2350dd0,2018-06-08 02:18:40,33.9,1,
762fafdaa57a532ee0119731697579dd,b46eafc0b21e1cddcd5f94167c67c729,2018-06-18 11:03:18,89.9,2,2018-06-08 02:18:40
762fafdaa57a532ee0119731697579dd,89f4eeb50c7a4ccda70e82cfd0145c89,2018-07-09 16:49:23,33.9,3,2018-06-18 11:03:18
762fafdaa57a532ee0119731697579dd,c633513c5486bd512a2a23de725cd7cd,2018-08-01 11:38:20,24.5,4,2018-07-09 16:49:23
762fafdaa57a532ee0119731697579dd,47106caf7707ccc0552581877874349f,2018-08-11 11:01:19,24.5,5,2018-08-01 11:38:20
76ea5315acb3f5f7ade3cd261faf922a,9973f9740bab3248c510c83fb2a8960f,2018-05-18 09:49:56,62.9,1,
76ea5315acb3f5f7ade3cd261faf922a,3955f590b7e19ddd367c089f1268bc17,2018-05-18 15:55:05,299.0,2,2018-05-18 09:49:56
76ea5315acb3f5f7ade3cd261faf922a,0870e65cf1b3551a87735b85ee9dd147,2018-05-23 23:17:40,62.9,3,2018-05-18 15:55:05
76ea5315acb3f5f7ade3cd261faf922a,8df8c3199fb229a1472b0a47e3b106ae,2018-05-24 13:50:33,62.9,4,2018-05-23 23:17:40
76ea5315acb3f5f7ade3cd261faf922a,896f988855a09982ee61d501ef6543a3,2018-05-29 14:51:00,24.99,5,2018-05-24 13:50:33
76ea5315acb3f5f7ade3cd261faf922a,fe5f4fa1c18761b398e46c402c067ddf,2018-06-06 08:07:13,50.9,6,2018-05-29 14:51:00
76ea5315acb3f5f7ade3cd261faf922a,3eaa38ceecb7aa8a13c72b571236041d,2018-06-06 17:32:40,67.99,7,2018-06-06 08:07:13
76ea5315acb3f5f7ade3cd261faf922a,dc2e682924e6b1dcd20240a5a45f4b8b,2018-06-10 12:42:00,148.99,8,2018-06-06 17:32:40
76ea5315acb3f5f7ade3cd261faf922a,9798002938de9acb5883e90411ded034,2018-06-15 19:24:37,36.9,9,2018-06-10 12:42:00
76ea5315acb3f5f7ade3cd261faf922a,dd33f743f8af5bb74051a4e3935388ba,2018-06-19 23:23:53,40.3,10,2018-06-15 19:24:37
76ea5315acb3f5f7ade3cd261faf922a,36b29d751a3c14a1b9be3bf8321412ff,2018-06-22 13:52:32,67.99,11,2018-06-19 23:23:53
76ea5315acb3f5f7ade3cd261faf922a,f785d080775c235e41c1bd3326841a93,2018-06-26 17:21:03,43.2,12,2018-06-22 13:52:32
76ea5315acb3f5f7ade3cd261faf922a,96908b69c6dfbc8e2c29c2a2142a93a1,2018-07-08 09:34:45,29.8,13,2018-06-26 17:21:03
76ea5315acb3f5f7ade3cd261faf922a,59690ecbdac87cae29f8959cc4233c47,2018-07-16 15:00:42,40.8,14,2018-07-08 09:34:45
76ea5315acb3f5f7ade3cd261faf922a,2c039eca196d1a548fd739e82713a1b1,2018-08-19 11:28:18,47.5,15,2018-07-16 15:00:42
77a515caa36327151d1cc6c32a9f00e1,d699f9002b554ba113242e137107125a,2018-02-28 23:30:36,76.0,1,
77a515caa36327151d1cc6c32a9f00e1,5bbe7f112bd14e57a504dd0fd237e362,2018-03-03 21:30:29,76.0,2,2018-02-28 23:30:36
77a515caa36327151d1cc6c32a9f00e1,7b5781a478434239a4f7a1d32292b159,2018-03-04 19:53:56,110.0,3,2018-03-03 21:30:29
77a515caa36327151d1cc6c32a9f00e1,3a37c2a63fa3597713318ab40e3495de,2018-05-04 19:54:04,57.4,4,2018-03-04 19:53:56
77a515caa36327151d1cc6c32a9f00e1,01f48b2a27229e667db384b5b9d5dfa4,2018-05-16 22:32:50,59.9,5,2018-05-04 19:54:04
77a515caa36327151d1cc6c32a9f00e1,58b99a93ab6127501faa09a1c8878dc4,2018-05-20 16:20:04,79.9,6,2018-05-16 22:32:50
77a515caa36327151d1cc6c32a9f00e1,c4451307baafd35a8fbd349339881a10,2018-06-01 10:15:58,65.0,7,2018-05-20 16:20:04
77a515caa36327151d1cc6c32a9f00e1,2b34aa550445c67c852be463eaad083a,2018-06-02 00:44:48,89.9,8,2018-06-01 10:15:58
77a515caa36327151d1cc6c32a9f00e1,1f1d34c2ba3f3ae5f852175df49f079c,2018-06-03 16:35:41,105.0,9,2018-06-02 00:44:48
77a515caa36327151d1cc6c32a9f00e1,f5f04dd481f2adae96df163474755163,2018-06-05 19:58:26,98.0,10,2018-06-03 16:35:41
77a515caa36327151d1cc6c32a9f00e1,92ba7c89244ceee45a169b86da9fcada,2018-06-06 15:11:03,79.9,11,2018-06-05 19:58:26
77a515caa36327151d1cc6c32a9f00e1,6513ea5bc339ea05486f92db1405a522,2018-06-09 21:26:38,78.0,12,2018-06-06 15:11:03
77a515caa36327151d1cc6c32a9f00e1,f90185ee34b0b34c876b408aa6a5686b,2018-06-10 12:11:41,78.0,13,2018-06-09 21:26:38
77a515caa36327151d1cc6c32a9f00e1,6415d4ce478df9002b52aab8158a1526,2018-06-12 22:03:01,78.0,14,2018-06-10 12:11:41
77a515caa36327151d1cc6c32a9f00e1,8b1b41b9f2da33a80000016c2bb902a1,2018-06-13 22:08:02,79.9,15,2018-06-12 22:03:01
77a515caa36327151d1cc6c32a9f00e1,c6cb31f8b07b595bf517c4bc1e86d35d,2018-06-24 20:33:41,94.5,16,2018-06-13 22:08:02
77a515caa36327151d1cc6c32a9f00e1,b2ff3ece711737a6009cbb7513ab9ac4,2018-06-26 00:05:15,78.0,17,2018-06-24 20:33:41
77a515caa36327151d1cc6c32a9f00e1,b82cf5fe4911adae1a6d2c4b171ec237,2018-06-29 21:56:38,83.0,18,2018-06-26 00:05:15
77a515caa36327151d1cc6c32a9f00e1,bafb7839993d401fc28cbd78488ea03a,2018-07-01 20:07:18,105.0,19,2018-06-29 21:56:38
77a515caa36327151d1cc6c32a9f00e1,1f75a7630a802a5ca4b723d03b2560b4,2018-07-04 20:54:18,76.0,20,2018-07-01 20:07:18
77a515caa36327151d1cc6c32a9f00e1,dcc3610bd6745b8ec0d84354631fbd3d,2018-07-22 20:04:02,120.0,21,2018-07-04 20:54:18
77a515caa36327151d1cc6c32a9f00e1,6fa1b046e2e8e336c8350c7e1600bb32,2018-07-27 20:05:31,98.0,22,2018-07-22 20:04:02
77a515caa36327151d1cc6c32a9f00e1,93f09cc1052604f96116493cbf93606b,2018-07-29 20:40:06,93.6,23,2018-07-27 20:05:31
77a515caa36327151d1cc6c32a9f00e1,fb3ea316744c112147796dcd168a18f3,2018-08-15 12:18:05,99.5,24,2018-07-29 20:40:06
77a515caa36327151d1cc6c32a9f00e1,076d0f6917a8b9325bd7de62ef6c8c73,2018-08-23 14:33:11,99.0,25,2018-08-15 12:18:05
77a515caa36327151d1cc6c32a9f00e1,70f814478ea3019fff8677f0aca6a54b,2018-08-23 15:58:16,59.89,26,2018-08-23 14:33:11
7816cd9c5b1238e320545f5bf7eb80e8,d23bad02674f52678ad46e2ada237286,2018-05-24 21:30:11,489.0,1,
788e857f317e53de488d393e65a80f45,1e73ecf14966e33e06e79c339fb3f7cd,2018-05-28 16:37:29,110.0,1,
788e857f317e53de488d393e65a80f45,e6e4672e14ca0ff3cbdf2e23e1d6cc30,2018-06-01 19:28:15,110.0,2,2018-05-28 16:37:29
788e857f317e53de488d393e65a80f45,8883ff5e64a8932fe566679fb325988a,2018-06-08 23:38:33,110.0,3,2018-06-01 19:28:15
788e857f317e53de488d393e65a80f45,dcdf7dd18209c50593d1b6cdf2392e18,2018-08-07 08:12:54,110.0,4,2018-06-08 23:38:33
788e857f317e53de488d393e65a80f45,eea61355af8b855cb3b052efc66b588c,2018-08-07 16:28:00,110.0,5,2018-08-07 08:12:54
788e857f317e53de488d393e65a80f45,e3d651007ef1548b71b4285ca0f484e4,2018-08-11 12:41:01,110.0,6,2018-08-07 16:28:00
788e857f317e53de488d393e65a80f45,0754d33c0d259d6851e811948048324a,2018-08-15 17:15:46,110.0,7,2018-08-11 12:41:01
788e857f317e53de488d393e65a80f45,36c2be04c43db09655628dc1658e5c97,2018-08-19 00:13:28,110.0,8,2018-08-15 17:15:46
788e857f317e53de488d393e65a80f45,dd21ec42c62a6f0292861be657c2286e,2018-08-19 13:49:43,110.0,9,2018-08-19 00:13:28
788e857f317e53de488d393e65a80f45,5890259dc546292bd43919d8a284222b,2018-08-20 11:25:57,110.0,10,2018-08-19 13:49:43
788e857f317e53de488d393e65a80f45,b98252d2e216325a07a67e38b1762bcc,2018-08-22 11:16:54,110.0,11,2018-08-20 11:25:57
7adbd3210a7b3cc2235e225eef33574d,736fa605c3ae7ebfa61d3fc8caa49b47,2018-06-30 21:39:57,26.5,1,
7adbd3210a7b3cc2235e225eef33574d,a275bfdfd07b6503afeea57892d3976f,2018-08-11 19:54:45,26.5,2,2018-06-30 21:39:57
7adbd3210a7b3cc2235e225eef33574d,4cc22fa6b7267027aac4151271636112,2018-08-14 19:39:04,78.9,3,2018-08-11 19:54:45
7ade73f1b9b4e965f9009a4c3a7e2c15,97eb8123f2508dda8d9234f0aca79572,2018-04-13 14:54:22,69.9,1,
7ade73f1b9b4e965f9009a4c3a7e2c15,bbc448e5b131e7b862e4a165fccacfaa,2018-04-23 19:35:39,79.9,2,2018-04-13 14:54:22
7ade73f1b9b4e965f9009a4c3a7e2c15,d7b1b205f635a07e904e5c4069b6859d,2018-04-24 15:51:09,79.9,3,2018-04-23 19:35:39
7ade73f1b9b4e965f9009a4c3a7e2c15,eff7cafa6042969690223d33c833fd00,2018-04-25 15:31:51,79.9,4,2018-04-24 15:51:09
7ade73f1b9b4e965f9009a4c3a7e2c15,fc8396075ce143601c2d9e44e8e7777d,2018-04-25 16:50:39,79.9,5,2018-04-25 15:31:51
7ade73f1b9b4e965f9009a4c3a7e2c15,a2f79ba97c95b2708f14e8e66ae525b0,2018-04-26 12:09:20,79.9,6,2018-04-25 16:50:39
7ade73f1b9b4e965f9009a4c3a7e2c15,b0b61472cd1ff0e9f1450c6ae4c8d5a4,2018-05-01 19:00:26,79.9,7,2018-04-26 12:09:20
7ade73f1b9b4e965f9009a4c3a7e2c15,095d64baca2fe257a3dfe98da12f0460,2018-05-03 13:51:07,39.0,8,2018-05-01 19:00:26
7ade73f1b9b4e965f9009a4c3a7e2c15,7189222fd475388e5619a2bcc20352f5,2018-05-04 00:24:14,79.9,9,2018-05-03 13:51:07
7ade73f1b9b4e965f9009a4c3a7e2c15,85eef2d342b0de363c45c1bc324729c5,2018-05-04 12:41:25,79.9,10,2018-05-04 00:24:14
7ade73f1b9b4e965f9009a4c3a7e2c15,bb67a1014c3abbea2865926f91a66e26,2018-05-08 19:32:00,79.9,11,2018-05-04 12:41:25
7ade73f1b9b4e965f9009a4c3a7e2c15,31237045dc3ee5243375baaaa729188e,2018-05-12 23:26:04,39.0,12,2018-05-08 19:32:00
7ade73f1b9b4e965f9009a4c3a7e2c15,edbacb2d42b406befd1d4802a1ddf0d6,2018-05-15 13:20:15,79.9,13,2018-05-12 23:26:04
7ade73f1b9b4e965f9009a4c3a7e2c15,53f691559a46605daffc49da7f178bee,2018-05-18 18:07:57,39.0,14,2018-05-15 13:20:15
7ade73f1b9b4e965f9009a4c3a7e2c15,8577cf04e1ae13cbd94ada332b03fca7,2018-05-21 16:29:43,79.9,15,2018-05-18 18:07:57
7ade73f1b9b4e965f9009a4c3a7e2c15,89db4ab2c03e2a83b490e5dc7302c5a7,2018-05-23 23:46:24,39.0,16,2018-05-21 16:29:43
7ade73f1b9b4e965f9009a4c3a7e2c15,b151fe5e854b99ee8ff6186d8e67a0c5,2018-05-25 11:11:47,79.9,17,2018-05-23 23:46:24
7ade73f1b9b4e965f9009a4c3a7e2c15,7b70ed12304671aecd4d8fef24017f5b,2018-06-05 10:21:06,39.0,18,2018-05-25 11:11:47
7ade73f1b9b4e965f9009a4c3a7e2c15,1b3f223f58c9bc6eb519696b4ac16cd5,2018-06-05 18:17:58,78.0,19,2018-06-05 10:21:06
7ade73f1b9b4e965f9009a4c3a7e2c15,48a957d6e7477f9bce68d7b419f91515,2018-06-08 22:18:12,50.0,20,2018-06-05 18:17:58
7ade73f1b9b4e965f9009a4c3a7e2c15,98a09776f1286cbe1bfaa2379e33ba8d,2018-06-18 19:01:08,79.9,21,2018-06-08 22:18:12
7ade73f1b9b4e965f9009a4c3a7e2c15,9a3581c4e55c2447416ca021ccfd98e1,2018-06-18 22:50:14,89.9,22,2018-06-18 19:01:08
7ade73f1b9b4e965f9009a4c3a7e2c15,da01eb83df2aafd16872ab0c5f24d5b6,2018-07-01 09:24:46,39.0,23,2018-06-18 22:50:14
7ade73f1b9b4e965f9009a4c3a7e2c15,87088bdc1540ebbba402377ce8cfbbb6,2018-07-30 19:49:47,89.9,24,2018-07-01 09:24:46
7ade73f1b9b4e965f9009a4c3a7e2c15,1ac975a2e0caad3a89c4c5bbdc8f996a,2018-08-06 13:04:26,85.0,25,2018-07-30 19:49:47
7ade73f1b9b4e965f9009a4c3a7e2c15,8d7ec00a7df1f84149ee7f5ea8a73c41,2018-08-11 13:27:25,99.9,26,2018-08-06 13:04:26
7b98de631987e26dd6d803490c43a13c,f1b0d27b392edf2469778d8885fc2375,2018-05-22 15:14:41,76.9,1,
7b98de631987e26dd6d803490c43a13c,cd1734bd80ae0e3a91f16ea6e3ded326,2018-06-14 02:01:44,69.9,2,2018-05-22 15:14:41
7b98de631987e26dd6d803490c43a13c,2f8a0fdae3cce1713cab2298e46c534b,2018-06-15 10:29:59,69.9,3,2018-06-14 02:01:44
7b98de631987e26dd6d803490c43a13c,3ae9e8770c3e0d0f1248cee90d8f43b2,2018-07-02 12:39:59,109.9,4,2018-06-15 10:29:59
7b98de631987e26dd6d803490c43a13c,6e094f9da57fda90223610bbba3d4c6a,2018-07-08 19:58:06,73.9,5,2018-07-02 12:39:59
7b98de631987e26dd6d803490c43a13c,2ae00ff32b724a74e37b8264ac4fb85e,2018-07-24 10:13:55,93.9,6,2018-07-08 19:58:06
7b98de631987e26dd6d803490c43a13c,a54a65531feecee80712fac10405795e,2018-07-27 12:14:31,69.9,7,2018-07-24 10:13:55
7b98de631987e26dd6d803490c43a13c,da29ecf90246ba3404fab5ad9febafac,2018-08-02 12:07:34,69.9,8,2018-07-27 12:14:31
7c51de0ab286204ce75ff42bf7c10d92,d4f373442b0a496652c35a6138a6bdcb,2018-07-22 10:11:35,228.0,1,
7c51de0ab286204ce75ff42bf7c10d92,56e434b038a40c8b9b03a9b9dcede8f9,2018-07-26 12:06:26,114.0,2,2018-07-22 10:11:35
7c51de0ab286204ce75ff42bf7c10d92,749890e9e1720de87c27367481a3d111,2018-07-30 13:39:33,189.0,3,2018-07-26 12:06:26
7c51de0ab286204ce75ff42bf7c10d92,ea6ce509b0aa60471f0b6c0029797d6c,2018-08-12 17:52:19,228.0,4,2018-07-30 13:39:33
7c9130f5f3729edd32aa059141d92484,7a778b7745be3f801b6bdbd8d54da6fe,2018-06-20 18:53:42,31.5,1,
7c9130f5f3729edd32aa059141d92484,fd83748fe6056c1759777f41c19a742a,2018-08-02 18:20:01,31.5,2,2018-06-20 18:53:42
7c9130f5f3729edd32aa059141d92484,71a9b0571a7e3a1094faefdd6be2a999,2018-08-23 11:30:22,63.0,3,2018-08-02 18:20:01
7d13fca15225358621be4086e1eb0964,e520f0510b121c81ee4602e3851642af,2018-02-14 21:11:44,277.99,1,
7d13fca15225358621be4086e1eb0964,69c1121bb28647d665ed2ead39aecfdd,2018-02-15 16:37:23,190.82,2,2018-02-14 21:11:44
7d13fca15225358621be4086e1eb0964,c5ef3528eb12fb5bef1ecfcd6f72843c,2018-02-17 01:25:38,600.0,3,2018-02-15 16:37:23
7d13fca15225358621be4086e1eb0964,e82a0445876919a068e9a6101a00b14f,2018-02-17 12:11:03,285.99,4,2018-02-17 01:25:38
7d13fca15225358621be4086e1eb0964,32a9917a34f07cd1a2c04102e4989e4f,2018-02-17 12:44:07,590.0,5,2018-02-17 12:11:03
7d13fca15225358621be4086e1eb0964,9781e9a5064f50e5bb4ce028b9f1963b,2018-02-17 18:33:00,600.0,6,2018-02-17 12:44:07
7d13fca15225358621be4086e1eb0964,ebaa5eb35a303a3a68afc58ede4f5661,2018-02-20 20:04:54,100.0,7,2018-02-17 18:33:00
7d13fca15225358621be4086e1eb0964,8711e162ef4e4e3a2e036a5ea880b844,2018-02-22 09:05:27,100.0,8,2018-02-20 20:04:54
7d13fca15225358621be4086e1eb0964,134383561b50fa8eca9c19b2c792d74c,2018-02-22 14:21:59,145.0,9,2018-02-22 09:05:27
7d13fca15225358621be4086e1eb0964,add8925a882ced65862ec18298e38f3e,2018-02-22 22:56:20,145.0,10,2018-02-22 14:21:59
7d13fca15225358621be4086e1eb0964,c206348085f589eaf3bcd60a005bb15c,2018-02-23 14:15:53,145.0,11,2018-02-22 22:56:20
7d13fca15225358621be4086e1eb0964,6966b21d5a0ca10f795dc14508c1b7bf,2018-02-24 11:41:05,280.1,12,2018-02-23 14:15:53
7d13fca15225358621be4086e1eb0964,72a055afec5322997eace70e9f743482,2018-02-24 20:04:09,260.0,13,2018-02-24 11:41:05
7d13fca15225358621be4086e1eb0964,a8b287712f97be514752ebf62271b2a2,2018-02-24 21:08:50,260.0,14,2018-02-24 20:04:09
7d13fca15225358621be4086e1eb0964,c10600160de02ce63a426cc0e410e7a7,2018-02-24 22:12:32,125.0,15,2018-02-24 21:08:50
7d13fca15225358621be4086e1eb0964,2fcd7fa5d8729fd6dddd51369b36edcd,2018-02-25 05:15:59,110.0,16,2018-02-24 22:12:32
7d13fca15225358621be4086e1eb0964,8a098e4e3159f7d2618ce9617622973b,2018-02-26 09:38:00,145.0,17,2018-02-25 05:15:59
7d13fca15225358621be4086e1eb0964,29e0119d96b893bbfd5ecea741a06835,2018-02-26 12:57:10,260.0,18,2018-02-26 09:38:00
7d13fca15225358621be4086e1eb0964,3580fbd460098a41fb19ad93e010e638,2018-02-26 17:40:12,145.0,19,2018-02-26 12:57:10
7d13fca15225358621be4086e1eb0964,34e974a7933cdef65a81519b29e3bb26,2018-02-26 23:33:36,128.89,20,2018-02-26 17:40:12
7d13fca15225358621be4086e1eb0964,049c844d7707d97ba1600196919474f4,2018-02-27 15:31:49,128.89,21,2018-02-26 23:33:36
7d13fca15225358621be4086e1eb0964,517defb33f093024e769619f4e9a0d5f,2018-02-28 11:25:33,145.0,22,2018-02-27 15:31:49
7d13fca15225358621be4086e1eb0964,f4efba146388fcb18269422b1a903e86,2018-02-28 12:04:20,128.89,23,2018-02-28 11:25:33
7d13fca15225358621be4086e1eb0964,95f7c9a70e61538871a0c98ac42654d7,2018-02-28 18:05:46,128.89,24,2018-02-28 12:04:20
7d13fca15225358621be4086e1eb0964,543ab3128139efe78bf5e8006ae25087,2018-02-28 22:42:01,510.0,25,2018-02-28 18:05:46
7d13fca15225358621be4086e1eb0964,9366be6384383da91896d6477efe17e7,2018-03-01 18:10:33,510.0,26,2018-02-28 22:42:01
7d13fca15225358621be4086e1eb0964,5771faae60a2852e55b8cd938a0dab30,2018-03-01 20:02:47,128.89,27,2018-03-01 18:10:33
7d13fca15225358621be4086e1eb0964,95e8e7edf6d02da861e93170a9953465,2018-03-01 20:39:11,350.0,28,2018-03-01 20:02:47
7d13fca15225358621be4086e1eb0964,bc8040ec215e524e30722602d813a804,2018-03-01 20:46:25,128.89,29,2018-03-01 20:39:11
7d13fca15225358621be4086e1eb0964,982a2255031a99176b6786069e8fa1ae,2018-03-02 13:00:16,240.0,30,2018-03-01 20:46:25
7d13fca15225358621be4086e1eb0964,86fc1ff8e36ed9aa98ba49bca26d44c3,2018-03-02 14:33:10,499.99,31,2018-03-02 13:00:16
7d13fca15225358621be4086e1eb0964,35e836760fcb033c916131ff094d1d21,2018-03-02 15:57:44,499.9,32,2018-03-02 14:33:10
7d13fca15225358621be4086e1eb0964,ed3641039dfd0e24abc6ecef17cb01e2,2018-03-02 23:28:34,148.99,33,2018-03-02 15:57:44
7d13fca15225358621be4086e1eb0964,ddf7e19dc4d5ff4be22e808142f35e5d,2018-03-03 09:07:44,499.99,34,2018-03-02 23:28:34
7d13fca15225358621be4086e1eb0964,67f2267a555a1794c011883d8fd86430,2018-03-03 23:14:57,148.99,35,2018-03-03 09:07:44
7d13fca15225358621be4086e1eb0964,80c7b4c9343d57c6f4e84201ba70063c,2018-03-04 09:51:23,539.0,36,2018-03-03 23:14:57
7d13fca15225358621be4086e1eb0964,f1f77c2644fb432824a8e7183f325b11,2018-03-04 10:33:55,148.99,37,2018-03-04 09:51:23
7d13fca15225358621be4086e1eb0964,7e7ce1bc81b9dfd761f11ce02aa3b5c6,2018-03-04 15:28:54,228.0,38,2018-03-04 10:33:55
7d13fca15225358621be4086e1eb0964,e4b5604780e8b0ba35b9335194254b33,2018-03-04 15:34:39,148.99,39,2018-03-04 15:28:54
7d13fca15225358621be4086e1eb0964,b1d03262cf81d5151e15a73bbde8e22e,2018-03-04 15:38:01,149.9,40,2018-03-04 15:34:39
7d13fca15225358621be4086e1eb0964,94a224f03c816cd9a1d94b886e26da80,2018-03-04 18:31:38,149.9,41,2018-03-04 15:38:01
7d13fca15225358621be4086e1eb0964,6db6009ebbcd3dd392a0b9fdc4cec226,2018-03-05 03:46:57,125.0,42,2018-03-04 18:31:38
7d13fca15225358621be4086e1eb0964,4c7e0a5ac91085b463608e9c32589610,2018-03-05 06:17:17,125.0,43,2018-03-05 03:46:57
7d13fca15225358621be4086e1eb0964,52af753a3f7bef8c2802da99f6a57751,2018-03-05 12:37:23,219.0,44,2018-03-05 06:17:17
7d13fca15225358621be4086e1eb0964,1b50601ff6fbdeff70999a4a988c1eca,2018-03-05 18:11:35,487.9,45,2018-03-05 12:37:23
7d13fca15225358621be4086e1eb0964,c95614cc539582d4d37f7effd5aa7375,2018-03-05 18:22:49,219.0,46,2018-03-05 18:11:35
7d13fca15225358621be4086e1eb0964,f54d7a7d7d2b4f925572eb66bed8e52c,2018-03-05 23:51:28,155.55,47,2018-03-05 18:22:49
7d13fca15225358621be4086e1eb0964,b0afae22d864d70e1af1d87a017c71d0,2018-03-06 01:05:27,155.55,48,2018-03-05 23:51:28
7d13fca15225358621be4086e1eb0964,6a90f6f5f3a52b4316054b51a53f4d4a,2018-03-06 08:00:24,155.55,49,2018-03-06 01:05:27
7d13fca15225358621be4086e1eb0964,de9a3a4892ed94ca9e82655bdae1b840,2018-03-06 08:19:25,219.0,50,2018-03-06 08:00:24
7d13fca15225358621be4086e1eb0964,af5135a5de31b24d91e4e3b75b44b896,2018-03-06 14:35:51,499.99,51,2018-03-06 08:19:25
7d13fca15225358621be4086e1eb0964,224b7d52ebfd7da97a6396f5a1585606,2018-03-08 15:37:50,219.0,52,2018-03-06 14:35:51
7d13fca15225358621be4086e1eb0964,006127b8b9a1681a982313ed7129c3c0,2018-03-08 16:01:59,540.0,53,2018-03-08 15:37:50
7d13fca15225358621be4086e1eb0964,7ed08db0f0302d934302bda48741ea6a,2018-03-08 16:12:06,170.0,54,2018-03-08 16:01:59
7d13fca15225358621be4086e1eb0964,6c6611e4aee0751993e7d535c51ecb68,2018-03-08 20:16:50,219.0,55,2018-03-08 16:12:06
7d13fca15225358621be4086e1eb0964,0bc39bd28c890bfc209ed033de71bbd4,2018-03-08 23:48:42,170.0,56,2018-03-08 20:16:50
7d13fca15225358621be4086e1eb0964,0dab9a07f01db0bee87c3affed50eccd,2018-03-09 09:28:30,219.0,57,2018-03-08 23:48:42
7d13fca15225358621be4086e1eb0964,23cc7aa90e16bd6d589dcc92c67c914e,2018-03-09 13:03:17,545.0,58,2018-03-09 09:28:30
7d13fca15225358621be4086e1eb0964,b56c08deae453133c59a527bb26c1a0c,2018-03-09 13:45:03,539.0,59,2018-03-09 13:03:17
7d13fca15225358621be4086e1eb0964,15e8f1d0967f04f82bb45fad40cc1e9b,2018-03-10 08:45:33,540.0,60,2018-03-09 13:45:03
7d13fca15225358621be4086e1eb0964,315b408ea2b172afb8ed00e598158e62,2018-03-11 21:28:28,225.0,61,2018-03-10 08:45:33
7d13fca15225358621be4086e1eb0964,410e41c4507bab680c202520e09d0f45,2018-03-12 09:38:11,178.99,62,2018-03-11 21:28:28
7d13fca15225358621be4086e1eb0964,dd1240d12bb27a5516e0bfe172c26d0b,2018-03-12 19:04:03,230.0,63,2018-03-12 09:38:11
7d13fca15225358621be4086e1eb0964,559d6842e0a3468f1941683ca901b582,2018-03-12 22:25:18,569.0,64,2018-03-12 19:04:03
7d13fca15225358621be4086e1eb0964,6e005ed6792ec5ba81274fcf6ca4ec74,2018-03-12 22:59:07,487.9,65,2018-03-12 22:25:18
7d13fca15225358621be4086e1eb0964,7f2b0346e93196f248181eccd7cba58d,2018-03-15 11:13:23,467.0,66,2018-03-12 22:59:07
7d13fca15225358621be4086e1eb0964,30a32ef5d1bec6fd2e4aaea4dbd3d944,2018-03-15 12:38:17,220.0,67,2018-03-15 11:13:23
7d13fca15225358621be4086e1eb0964,79fb3469650c71775d1b5cb29fb207ec,2018-03-15 16:53:42,165.0,68,2018-03-15 12:38:17
7d13fca15225358621be4086e1eb0964,1e320b8dbbc014bc3b5c7b82156df80c,2018-03-15 23:28:33,350.0,69,2018-03-15 16:53:42
7d13fca15225358621be4086e1eb0964,9e81d4269968920518a1fe5a8a96505c,2018-03-16 13:24:27,165.0,70,2018-03-15 23:28:33
7d13fca15225358621be4086e1eb0964,cf3b1dd0779afd4864077711786dbe2b,2018-03-16 15:22:36,467.0,71,2018-03-16 13:24:27
7d13fca15225358621be4086e1eb0964,60bdf7e8da96474e3d6d9da649ec0141,2018-03-16 19:36:22,570.0,72,2018-03-16 15:22:36
7d13fca15225358621be4086e1eb0964,3c5d259b3ebc0be37007e40161e87808,2018-03-16 21:13:49,165.0,73,2018-03-16 19:36:22
7d13fca15225358621be4086e1eb0964,a7b8a8948215052693fd30a5c9ab6736,2018-03-17 11:33:32,115.0,74,2018-03-16 21:13:49
7d13fca15225358621be4086e1eb0964,67ece27598962c6f6fd57bc19a8eba0f,2018-03-17 13:16:18,165.0,75,2018-03-17 11:33:32
7d13fca15225358621be4086e1eb0964,c14280403027095676ce13109d5e2864,2018-03-17 16:38:49,467.0,76,2018-03-17 13:16:18
7d13fca15225358621be4086e1eb0964,e1f0272dec25a81bbba4b92a50e83cba,2018-03-17 22:22:34,165.0,77,2018-03-17 16:38:49
7d13fca15225358621be4086e1eb0964,f4eadb63785a85c5624767458b5f5cc6,2018-03-18 09:31:32,115.0,78,2018-03-17 22:22:34
7d13fca15225358621be4086e1eb0964,f80418398916bd31aed5238ba6efe9b7,2018-03-18 14:28:22,550.0,79,2018-03-18 09:31:32
7d13fca15225358621be4086e1eb0964,9263d44e38972f77bc8c17ad8c063fa1,2018-03-18 15:17:37,123.0,80,2018-03-18 14:28:22
7d13fca15225358621be4086e1eb0964,44e578be804a15b9c4be4b6e91eedf48,2018-03-19 01:56:52,123.0,81,2018-03-18 15:17:37
7d13fca15225358621be4086e1eb0964,540189de73b7d465867e105be0ebf507,2018-03-19 09:07:37,115.0,82,2018-03-19 01:56:52
7d13fca15225358621be4086e1eb0964,be97eee4de1bfb3280324360aafea3cb,2018-03-19 09:32:58,115.0,83,2018-03-19 09:07:37
7d13fca15225358621be4086e1eb0964,d9206b6df475ed69a1f7de7ecc2d9401,2018-03-19 10:17:09,115.0,84,2018-03-19 09:32:58
7d13fca15225358621be4086e1eb0964,03bf6a245a6dfdc3cea6bb75ae4fa3d7,2018-03-19 10:27:42,467.0,85,2018-03-19 10:17:09
7d13fca15225358621be4086e1eb0964,71605d625856f93b1ef29569d3cb9c87,2018-03-19 10:57:52,115.0,86,2018-03-19 10:27:42
7d13fca15225358621be4086e1eb0964,37138848f84d12fc4015d8b261f905b7,2018-03-19 14:28:12,165.0,87,2018-03-19 10:57:52
7d13fca15225358621be4086e1eb0964,592acf1c0b9009209dc5aa920c851eb1,2018-03-19 14:51:55,165.0,88,2018-03-19 14:28:12
7d13fca15225358621be4086e1eb0964,85ee0b549c2d6696190c17f5b9be6991,2018-03-19 17:25:53,123.0,89,2018-03-19 14:51:55
7d13fca15225358621be4086e1eb0964,a55faa0a62ca4a533d69b48af1f9c74a,2018-03-19 18:32:30,115.0,90,2018-03-19 17:25:53
7d13fca15225358621be4086e1eb0964,39a484e6a644f8edeb11c2c8ed218069,2018-03-19 22:58:15,590.0,91,2018-03-19 18:32:30
7d13fca15225358621be4086e1eb0964,c410904a63a021b7cc16816947ea4769,2018-03-20 14:04:25,467.0,92,2018-03-19 22:58:15
7d13fca15225358621be4086e1eb0964,7a25a77da8e700b5a2e22d19e0bf7696,2018-03-20 15:31:04,680.0,93,2018-03-20 14:04:25
7d13fca15225358621be4086e1eb0964,0fe0304e435117f8e45fe2b298ed25bd,2018-03-20 16:16:56,467.0,94,2018-03-20 15:31:04
7d13fca15225358621be4086e1eb0964,5c4ec0b02d869e3ebd5468a344b99268,2018-03-20 19:53:27,115.0,95,2018-03-20 16:16:56
7d13fca15225358621be4086e1eb0964,97e3bf34d95ce7f035c0262f89a2f9d3,2018-03-21 09:39:02,115.0,96,2018-03-20 19:53:27
7d13fca15225358621be4086e1eb0964,251541a25df1711d076ab99d854e23d3,2018-03-21 12:05:37,165.0,97,2018-03-21 09:39:02
7d13fca15225358621be4086e1eb0964,5403c98d48610456dc07a78bdfc4ef9e,2018-03-21 21:34:07,590.0,98,2018-03-21 12:05:37
7d13fca15225358621be4086e1eb0964,c130ce426e4cd480fb71381c3535a0af,2018-03-22 08:09:24,165.0,99,2018-03-21 21:34:07
7d13fca15225358621be4086e1eb0964,caa35247989b88633f114300d557a468,2018-03-23 10:22:33,115.0,100,2018-03-22 08:09:24
7d13fca15225358621be4086e1eb0964,2b893cbdb971f40adfed4b7c9cee6cb5,2018-03-24 16:49:31,115.0,101,2018-03-23 10:22:33
7d13fca15225358621be4086e1eb0964,39deb3539d110b3b863fe3c055395969,2018-03-24 17:14:27,166.66,102,2018-03-24 16:49:31
7d13fca15225358621be4086e1eb0964,b024fdd2d489610af375a0ae22124264,2018-03-24 18:01:37,115.0,103,2018-03-24 17:14:27
7d13fca15225358621be4086e1eb0964,39079435e23220a9ac9488f15e35e408,2018-03-24 19:59:27,115.0,104,2018-03-24 18:01:37
7d13fca15225358621be4086e1eb0964,e02abba86c2340a09ce002e3dcff5229,2018-03-25 13:09:10,178.99,105,2018-03-24 19:59:27
7d13fca15225358621be4086e1eb0964,8c392f89aecdbec13f3871c27f677835,2018-03-25 16:55:38,590.0,106,2018-03-25 13:09:10
7d13fca15225358621be4086e1eb0964,f7c14483b0baaae57ea57152605b3b2f,2018-03-26 08:27:19,115.0,107,2018-03-25 16:55:38
7d13fca15225358621be4086e1eb0964,536ce58ce3bc99b96b26bdd987cd683d,2018-03-27 14:14:03,115.0,108,2018-03-26 08:27:19
7d13fca15225358621be4086e1eb0964,182fa9505d1a70df89f74950a4e9369c,2018-03-27 22:16:03,550.0,109,2018-03-27 14:14:03
7d13fca15225358621be4086e1eb0964,d3c45d7784ed004c4ed67e4dd0f1cf38,2018-03-28 06:03:07,123.0,110,2018-03-27 22:16:03
7d13fca15225358621be4086e1eb0964,a22760d8e93ddd9acb9c47bc99118853,2018-03-28 08:09:37,115.0,111,2018-03-28 06:03:07
7d13fca15225358621be4086e1eb0964,00cf2b04c59f0ecaf822bf3f334d5c3b,2018-03-28 09:20:37,320.0,112,2018-03-28 08:09:37
7d13fca15225358621be4086e1eb0964,04af63a78c7e84943b8377fe1b7871aa,2018-03-28 10:37:40,115.0,113,2018-03-28 09:20:37
7d13fca15225358621be4086e1eb0964,ba9ec6bfbbe8454a533f194e8cd420f8,2018-03-28 16:09:21,123.0,114,2018-03-28 10:37:40
7d13fca15225358621be4086e1eb0964,b17c37c07ccd370cd72a1884f380c532,2018-03-28 17:54:13,240.0,115,2018-03-28 16:09:21
7d13fca15225358621be4086e1eb0964,bbc796bc3e529de379f16c90fc437a82,2018-03-29 00:40:59,115.0,116,2018-03-28 17:54:13
7d13fca15225358621be4086e1eb0964,217b8ba86d0c37dc9dcedacb5bb1dd94,2018-03-29 01:30:21,178.99,117,2018-03-29 00:40:59
7d13fca15225358621be4086e1eb0964,bad29fab02c3d830ea834ff60207cda7,2018-03-29 08:54:45,115.0,118,2018-03-29 01:30:21
7d13fca15225358621be4086e1eb0964,114483c2698c3681197da8cbb87204b8,2018-03-29 14:02:04,115.0,119,2018-03-29 08:54:45
7d13fca15225358621be4086e1eb0964,1a21e73a0315ba67c5e45cbcd1abd95d,2018-03-29 14:24:24,499.99,120,2018-03-29 14:02:04
7d13fca15225358621be4086e1eb0964,618db255ea9978349362f2f0e3ec1aff,2018-03-29 23:22:37,499.99,121,2018-03-29 14:24:24
7d13fca15225358621be4086e1eb0964,f87e6a448c7194cbe50fa937efad03ba,2018-03-30 14:45:24,499.99,122,2018-03-29 23:22:37
7d13fca15225358621be4086e1eb0964,11b0d2ca29a268561114f01ff9571c96,2018-03-30 16:12:40,489.0,123,2018-03-30 14:45:24
7d13fca15225358621be4086e1eb0964,0ac7165ffdfae2004f48cf07156a3644,2018-03-31 09:54:42,240.0,124,2018-03-30 16:12:40
7d13fca15225358621be4086e1eb0964,c21b52965ab8bbc3d27579c093386807,2018-03-31 18:56:46,499.99,125,2018-03-31 09:54:42
7d13fca15225358621be4086e1eb0964,24dd6883219c3c70aa4d84d059d279a0,2018-04-01 02:35:02,550.0,126,2018-03-31 18:56:46
7d13fca15225358621be4086e1eb0964,3d7de5d37ece096e7130ead701ee9951,2018-04-01 16:12:42,550.0,127,2018-04-01 02:35:02
7d13fca15225358621be4086e1eb0964,2ffda1267c5facd329521f983872a4bd,2018-04-02 11:02:07,223.0,128,2018-04-01 16:12:42
7d13fca15225358621be4086e1eb0964,e35f0336aa72b7e4c72417d79c385960,2018-04-02 11:59:40,320.0,129,2018-04-02 11:02:07
7d13fca15225358621be4086e1eb0964,a707874e5cdbc85cc3c63f60f28a413a,2018-04-02 20:52:06,499.99,130,2018-04-02 11:59:40
7d13fca15225358621be4086e1eb0964,44569e91b30111309ef6cdca8bfaaca9,2018-04-02 21:44:34,223.0,131,2018-04-02 20:52:06
7d13fca15225358621be4086e1eb0964,c9c25c5398564d49b8e1db3c3e620d4d,2018-04-03 14:14:35,550.0,132,2018-04-02 21:44:34
7d13fca15225358621be4086e1eb0964,cdd6677f7c680eaddf4183ec4780e65d,2018-04-03 15:07:20,550.0,133,2018-04-03 14:14:35
7d13fca15225358621be4086e1eb0964,69d4b792fad7f4acff2e38e426f5e3ea,2018-04-04 22:14:05,569.0,134,2018-04-03 15:07:20
7d13fca15225358621be4086e1eb0964,53007e0777fa3fb5e536c05a83b50198,2018-04-05 12:29:29,550.0,135,2018-04-04 22:14:05
7d13fca15225358621be4086e1eb0964,a7d73128b7dc2644c342e7495ebe8e3f,2018-04-05 15:59:54,600.0,136,2018-04-05 12:29:29
7d13fca15225358621be4086e1eb0964,4134453ac6de03395610be89e3e305c2,2018-04-07 11:47:56,123.0,137,2018-04-05 15:59:54
7d13fca15225358621be4086e1eb0964,df3774a3a04f388e00a94784ecfdfaf0,2018-04-07 14:48:30,589.0,138,2018-04-07 11:47:56
7d13fca15225358621be4086e1eb0964,8752bda3e45c2207f9dc0f94146cd228,2018-04-07 19:20:42,220.0,139,2018-04-07 14:48:30
7d13fca15225358621be4086e1eb0964,6c028cbba2a22fd7c9430fe9ab249faa,2018-04-09 12:12:47,189.99,140,2018-04-07 19:20:42
7d13fca15225358621be4086e1eb0964,69c3c3c160e3c97d69fc07a52b4d98d2,2018-04-10 11:36:41,178.99,141,2018-04-09 12:12:47
7d13fca15225358621be4086e1eb0964,638f79643fd5681c6e6c6ef1f1ab700d,2018-04-10 14:58:16,178.99,142,2018-04-10 11:36:41
7d13fca15225358621be4086e1eb0964,9773679828d39baca17c7cfd64090070,2018-04-10 20:26:29,499.99,143,2018-04-10 14:58:16
7d13fca15225358621be4086e1eb0964,8ace197d57084cf99d770809ef26dab7,2018-04-11 08:54:56,499.99,144,2018-04-10 20:26:29
7d13fca15225358621be4086e1eb0964,c7c0573cccba9f9162671f96f5f12e60,2018-04-11 09:08:40,499.99,145,2018-04-11 08:54:56
7d13fca15225358621be4086e1eb0964,521fac667299475d5d3de647d23c681b,2018-04-11 11:03:27,499.99,146,2018-04-11 09:08:40
7d13fca15225358621be4086e1eb0964,3ea85b54f4c54ccc998b38bebf6c2c15,2018-04-11 13:27:29,499.99,147,2018-04-11 11:03:27
7d13fca15225358621be4086e1eb0964,38db3f25d229356a18d8edf5a7bb4227,2018-04-11 14:38:48,220.0,148,2018-04-11 13:27:29
7d13fca15225358621be4086e1eb0964,1990de8a3c2672af049d7330b7ca9a2c,2018-04-14 12:10:32,110.0,149,2018-04-11 14:38:48
7d13fca15225358621be4086e1eb0964,095f058cc1daeb1e7ba1c133473090a3,2018-04-14 18:14:42,499.99,150,2018-04-14 12:10:32
7d13fca15225358621be4086e1eb0964,fb4b0b0096d14fc21dd9baf7881283bf,2018-04-15 11:21:00,110.0,151,2018-04-14 18:14:42
7d13fca15225358621be4086e1eb0964,a96994cc8ff50d8980c6f69f62f4bba7,2018-04-15 19:27:49,550.0,152,2018-04-15 11:21:00
7d13fca15225358621be4086e1eb0964,a2a4c95d100c7e658d167a0d989407e5,2018-04-15 22:04:17,550.0,153,2018-04-15 19:27:49
7d13fca15225358621be4086e1eb0964,af498b81b4ce487752ac7ed4650ce5a4,2018-04-15 22:25:10,110.0,154,2018-04-15 22:04:17
7d13fca15225358621be4086e1eb0964,fc6d96687311cbd6670c447e7eea25dc,2018-04-16 12:35:01,110.0,155,2018-04-15 22:25:10
7d13fca15225358621be4086e1eb0964,83b288a846ce150bfa3f13571457b4c2,2018-04-16 14:22:34,110.0,156,2018-04-16 12:35:01
7d13fca15225358621be4086e1eb0964,e4d2316908e7852424fa2c997f0e3283,2018-04-16 14:25:45,110.0,157,2018-04-16 14:22:34
7d13fca15225358621be4086e1eb0964,8b8eff044126a94388def4b95db32ccf,2018-04-16 16:06:10,199.99,158,2018-04-16 14:25:45
7d13fca15225358621be4086e1eb0964,460e04c3cfd044ed625de3225dd24d4b,2018-04-16 19:07:53,199.99,159,2018-04-16 16:06:10
7d13fca15225358621be4086e1eb0964,ea3ae6fbee484133e325f4e1b984d108,2018-04-16 22:16:26,499.99,160,2018-04-16 19:07:53
7d13fca15225358621be4086e1eb0964,0e5c1cacfc470555872819fae01e07ae,2018-04-16 22:44:14,110.0,161,2018-04-16 22:16:26
7d13fca15225358621be4086e1eb0964,ba9db9fb21617fd062fee898664e4996,2018-04-16 23:22:47,110.0,162,2018-04-16 22:44:14
7d13fca15225358621be4086e1eb0964,5f9bce13c005ed8b257d26c484455d58,2018-04-17 07:59:55,123.0,163,2018-04-16 23:22:47
7d13fca15225358621be4086e1eb0964,7416cd841f14bf1c92f1b57253035aef,2018-04-18 16:56:06,110.0,164,2018-04-17 07:59:55
7d13fca15225358621be4086e1eb0964,fa89b2c9bc90956a517714880dfeb6ac,2018-04-18 18:53:22,110.0,165,2018-04-18 16:56:06
7d13fca15225358621be4086e1eb0964,8900d15492ac0e3b382fd3bd53c17e81,2018-04-18 19:45:24,123.0,166,2018-04-18 18:53:22
7d13fca15225358621be4086e1eb0964,ea5cec9447a41351dabd449056d1992a,2018-04-19 09:53:03,110.0,167,2018-04-18 19:45:24
7d13fca15225358621be4086e1eb0964,a849dc1b351c9075b4d4b00c45375016,2018-04-19 10:59:31,319.99,168,2018-04-19 09:53:03
7d13fca15225358621be4086e1eb0964,68a193c5ade3226e202ea60680255fe3,2018-04-19 13:51:50,110.0,169,2018-04-19 10:59:31
7d13fca15225358621be4086e1eb0964,c04c6951e6206fd810d0ea3a673d4aa8,2018-04-19 21:22:22,110.0,170,2018-04-19 13:51:50
7d13fca15225358621be4086e1eb0964,c3d40727f60424d81739c4647fab72aa,2018-04-19 22:19:19,110.0,171,2018-04-19 21:22:22
7d13fca15225358621be4086e1eb0964,b05ccefa0dbc75b1e0307c4da1cdb772,2018-04-20 09:05:41,110.0,172,2018-04-19 22:19:19
7d13fca15225358621be4086e1eb0964,7423b4cc85c866b575901e064a27c5e1,2018-04-20 09:36:10,110.0,173,2018-04-20 09:05:41
7d13fca15225358621be4086e1eb0964,e3f63d695cfe84fa1e2631900ff2b456,2018-04-20 10:57:14,110.0,174,2018-04-20 09:36:10
7d13fca15225358621be4086e1eb0964,38b6f49502e64935521c6add952c4b84,2018-04-20 11:43:05,220.0,175,2018-04-20 10:57:14
7d13fca15225358621be4086e1eb0964,d0a75d6eda61b8a7261946b34ffb350c,2018-04-20 14:44:50,220.0,176,2018-04-20 11:43:05
7d13fca15225358621be4086e1eb0964,8caa77ff40d44d6d22eb8b3079c3c324,2018-04-20 19:57:54,499.99,177,2018-04-20 14:44:50
7d13fca15225358621be4086e1eb0964,57f49d7a95cd831411b2ccf01fb36b67,2018-04-22 19:32:20,240.0,178,2018-04-20 19:57:54
7d13fca15225358621be4086e1eb0964,a64f4e02e9b09024e0d90529473a8748,2018-04-24 14:32:51,178.99,179,2018-04-22 19:32:20
7d13fca15225358621be4086e1eb0964,152e3e1d1cd5a952b1f4049ff29ab695,2018-04-24 18:40:22,109.99,180,2018-04-24 14:32:51
7d13fca15225358621be4086e1eb0964,776dacaa12837ac069fdb198f46c7a78,2018-04-24 20:42:28,99.9,181,2018-04-24 18:40:22
7d13fca15225358621be4086e1eb0964,beb6927ba358d62ba446c803a6a4d815,2018-04-24 22:16:57,99.9,182,2018-04-24 20:42:28
7d13fca15225358621be4086e1eb0964,35490431b95a5ac679998ad3d2de2d9a,2018-04-24 22:50:44,99.9,183,2018-04-24 22:16:57
7d13fca15225358621be4086e1eb0964,5fb90fed46dfc44305e1c3ecb5f16a2d,2018-04-24 23:00:56,99.9,184,2018-04-24 22:50:44
7d13fca15225358621be4086e1eb0964,84f89b4f4b956843277c6b990bd06b2f,2018-04-24 23:25:11,499.5,185,2018-04-24 23:00:56
7d13fca15225358621be4086e1eb0964,ce2ecdcbc1e28b1dc89e733087c941ed,2018-04-25 00:15:18,230.0,186,2018-04-24 23:25:11
7d13fca15225358621be4086e1eb0964,44cf3a952d8e1d64780add94ffd74dfe,2018-04-25 01:19:54,123.0,187,2018-04-25 00:15:18
7d13fca15225358621be4086e1eb0964,4b26fbc3d9dab4bb7bed35fbe2746f26,2018-04-25 10:25:41,499.99,188,2018-04-25 01:19:54
7d13fca15225358621be4086e1eb0964,7bf6f797177e1c8cf1954065ec72d5b2,2018-04-25 10:38:36,99.9,189,2018-04-25 10:25:41
7d13fca15225358621be4086e1eb0964,a673d797cc8f5076e53e3b08a5512bb2,2018-04-25 15:46:56,99.9,190,2018-04-25 10:38:36
7d13fca15225358621be4086e1eb0964,ecadbb1baca4ac613473d62989309321,2018-04-25 16:37:09,99.9,191,2018-04-25 15:46:56
7d13fca15225358621be4086e1eb0964,d77c01a7f1b1ea093949dbc6fe3cc2fa,2018-04-25 17:25:13,99.9,192,2018-04-25 16:37:09
7d13fca15225358621be4086e1eb0964,3b10c12d389da3bd306ab31f1867c754,2018-04-25 20:03:13,99.9,193,2018-04-25 17:25:13
7d13fca15225358621be4086e1eb0964,3de337ef9b7afb31444752b9b6383b1f,2018-04-26 08:52:17,99.9,194,2018-04-25 20:03:13
7d13fca15225358621be4086e1eb0964,de3af37c394d28dbda628ece8f1997ab,2018-04-26 09:05:30,99.9,195,2018-04-26 08:52:17
7d13fca15225358621be4086e1eb0964,3223fda0de8d832b8e1224f6add1245d,2018-04-26 09:10:07,99.9,196,2018-04-26 09:05:30
7d13fca15225358621be4086e1eb0964,f1227685cb32bc990c13a7c5df91005b,2018-04-26 09:48:57,99.9,197,2018-04-26 09:10:07
7d13fca15225358621be4086e1eb0964,c767c6e164464c133c309cd34b800997,2018-04-26 10:06:10,99.9,198,2018-04-26 09:48:57
7d13fca15225358621be4086e1eb0964,7d1e050da99b169a0b03e4b80b608c17,2018-04-26 12:50:03,99.9,199,2018-04-26 10:06:10
7d13fca15225358621be4086e1eb0964,5986af0c84c245048bb86d39d66fe3c1,2018-04-26 13:52:26,99.9,200,2018-04-26 12:50:03
7d13fca15225358621be4086e1eb0964,8fe2e00c742ffd8ef837c0651c76166c,2018-04-26 17:03:00,99.9,201,2018-04-26 13:52:26
7d13fca15225358621be4086e1eb0964,3e6a8242ed19ca13a5da5659bc36030f,2018-04-26 18:20:03,99.9,202,2018-04-26 17:03:00
7d13fca15225358621be4086e1eb0964,0517a3e68dac3308995edca2144db36e,2018-04-26 18:53:02,99.9,203,2018-04-26 18:20:03
7d13fca15225358621be4086e1eb0964,041e2854aac3d7cc5af940995ac6be0b,2018-04-26 21:23:34,230.0,204,2018-04-26 18:53:02
7d13fca15225358621be4086e1eb0964,107f796f9c1e10edb137ba137996d18b,2018-04-26 21:49:13,99.9,205,2018-04-26 21:23:34
7d13fca15225358621be4086e1eb0964,eb26692da69e9d30670c6e364921c1d3,2018-04-26 21:53:59,99.9,206,2018-04-26 21:49:13
7d13fca15225358621be4086e1eb0964,4a7062d398b2eba9c25e6483b056df8f,2018-04-27 01:18:26,99.9,207,2018-04-26 21:53:59
7d13fca15225358621be4086e1eb0964,0bde6dfc382fc35f1a5ebf8ddf8e639d,2018-04-27 08:52:05,99.9,208,2018-04-27 01:18:26
7d13fca15225358621be4086e1eb0964,0ab73486735f114f9e844522fa9b16ec,2018-04-27 09:48:57,99.9,209,2018-04-27 08:52:05
7d13fca15225358621be4086e1eb0964,24c0b5c7e8f51f85f1bcdbe4cd0f81ac,2018-04-27 10:38:39,99.9,210,2018-04-27 09:48:57
7d13fca15225358621be4086e1eb0964,3dc986f74090ecea9081dc01fc03ddb3,2018-04-27 11:44:16,99.9,211,2018-04-27 10:38:39
7d13fca15225358621be4086e1eb0964,a47d9d942ab28a004f583312932bca8e,2018-04-27 12:55:29,499.99,212,2018-04-27 11:44:16
7d13fca15225358621be4086e1eb0964,266a198b3eba3404ac7d59f4f343b838,2018-04-27 14:58:35,99.9,213,2018-04-27 12:55:29
7d13fca15225358621be4086e1eb0964,9bd90698ab1e822ca4cb1e2a0de42fd4,2018-04-27 15:58:41,99.9,214,2018-04-27 14:58:35
7d13fca15225358621be4086e1eb0964,ae12d5e31aa2de9ee3d670d70b09e534,2018-04-27 16:05:43,99.9,215,2018-04-27 15:58:41
7d13fca15225358621be4086e1eb0964,50089a9784f34a308dc31a939b4b6b1b,2018-04-27 23:15:14,115.0,216,2018-04-27 16:05:43
7d13fca15225358621be4086e1eb0964,3e9c4deedb763bd5083a91afbc7c7257,2018-04-28 21:17:42,115.0,217,2018-04-27 23:15:14
7d13fca15225358621be4086e1eb0964,81e80c227293d804bda81c21f3defcc0,2018-04-29 04:05:56,55.0,218,2018-04-28 21:17:42
7d13fca15225358621be4086e1eb0964,3e4c4bd83f745236e4f9380b225088d5,2018-04-29 12:29:15,115.0,219,2018-04-29 04:05:56
7d13fca15225358621be4086e1eb0964,e94daa2288ba121cae2bf863fe3c7875,2018-04-29 16:10:03,178.99,220,2018-04-29 12:29:15
7d13fca15225358621be4086e1eb0964,91db217544d0eac98354b11f2f35abcb,2018-04-29 22:10:21,55.0,221,2018-04-29 16:10:03
7d13fca15225358621be4086e1eb0964,b067ce1272e65bbd38a7abc471e135c7,2018-04-30 01:00:57,115.0,222,2018-04-29 22:10:21
7d13fca15225358621be4086e1eb0964,c3446ae06c997834544dd978e2c4cf7c,2018-04-30 12:13:31,99.9,223,2018-04-30 01:00:57
7d13fca15225358621be4086e1eb0964,011c899816ea29773525bd3322dbb6aa,2018-04-30 15:02:34,99.9,224,2018-04-30 12:13:31
7d13fca15225358621be4086e1eb0964,f7fdd9291fb00404aa63adabadc61ec7,2018-04-30 18:55:29,99.9,225,2018-04-30 15:02:34
7d13fca15225358621be4086e1eb0964,963dd4dc90067e6cc40c3ddb89e991be,2018-04-30 18:56:11,99.9,226,2018-04-30 18:55:29
7d13fca15225358621be4086e1eb0964,b925a62bfdf14b152f2fb572d1aa672c,2018-05-01 02:33:53,99.9,227,2018-04-30 18:56:11
7d13fca15225358621be4086e1eb0964,562693a5d62dbe4b8b988a728efdf02e,2018-05-01 10:48:16,145.0,228,2018-05-01 02:33:53
7d13fca15225358621be4086e1eb0964,adc555665c1c9b44902b5bf42d4f4c2f,2018-05-01 10:50:28,99.9,229,2018-05-01 10:48:16
7d13fca15225358621be4086e1eb0964,94072af7dce5862d93084c2494df0a38,2018-05-01 11:07:25,99.9,230,2018-05-01 10:50:28
7d13fca15225358621be4086e1eb0964,c10214f41bb82f350a4a7f135c97f0b2,2018-05-01 11:24:21,99.9,231,2018-05-01 11:07:25
7d13fca15225358621be4086e1eb0964,93abf12999a36099e8292231caeebe18,2018-05-01 13:34:02,99.9,232,2018-05-01 11:24:21
7d13fca15225358621be4086e1eb0964,62e5680786ab7eb90e8129db68366952,2018-05-01 13:58:43,145.0,233,2018-05-01 13:34:02
7d13fca15225358621be4086e1eb0964,469872bf23abc5c0ce6db24fd6fec382,2018-05-01 14:43:35,99.9,234,2018-05-01 13:58:43
7d13fca15225358621be4086e1eb0964,95eff09285b23ea3424139fc2c71c692,2018-05-01 16:23:52,590.0,235,2018-05-01 14:43:35
7d13fca15225358621be4086e1eb0964,49e1e1379bef42e55fbaf6c699de56e9,2018-05-01 18:54:48,99.9,236,2018-05-01 16:23:52
7d13fca15225358621be4086e1eb0964,888c5dc2b24b36d92619a1dbee973da3,2018-05-01 19:06:48,145.0,237,2018-05-01 18:54:48
7d13fca15225358621be4086e1eb0964,94078496f9b59a9d885f033870393097,2018-05-01 21:34:52,99.9,238,2018-05-01 19:06:48
7d13fca15225358621be4086e1eb0964,059c0bd12954b4e72327c0ff67d9f2e8,2018-05-01 21:53:28,145.0,239,2018-05-01 21:34:52
7d13fca15225358621be4086e1eb0964,eae7cb46499add9ed7ea74952c040ddb,2018-05-01 22:49:22,99.9,240,2018-05-01 21:53:28
7d13fca15225358621be4086e1eb0964,5ae27cc40da0652f19685c5b8352c979,2018-05-01 23:03:40,489.0,241,2018-05-01 22:49:22
7d13fca15225358621be4086e1eb0964,6c6abb921625dd44d3d406ce4b890cac,2018-05-02 00:13:29,99.9,242,2018-05-01 23:03:40
7d13fca15225358621be4086e1eb0964,b905896f4348c158b97acce3bd7d97b5,2018-05-02 04:02:18,115.0,243,2018-05-02 00:13:29
7d13fca15225358621be4086e1eb0964,e2f49525c9c3c8cd854d01239a6726d7,2018-05-02 09:35:22,178.99,244,2018-05-02 04:02:18
7d13fca15225358621be4086e1eb0964,b3f179611003f752f8beaacff7c017cd,2018-05-02 09:58:15,99.9,245,2018-05-02 09:35:22
7d13fca15225358621be4086e1eb0964,91b2a010e1e45e6ba3d133fa997597be,2018-05-02 11:45:38,178.99,246,2018-05-02 09:58:15
7d13fca15225358621be4086e1eb0964,e3194d56283622975638628a739c9e84,2018-05-02 14:35:12,55.0,247,2018-05-02 11:45:38
7d13fca15225358621be4086e1eb0964,1cfd879fba2e07e64229d40d3bc2592e,2018-05-02 14:58:19,145.0,248,2018-05-02 14:35:12
7d13fca15225358621be4086e1eb0964,3b6017a55d7507badf113a558ebb9a62,2018-05-02 15:15:59,99.9,249,2018-05-02 14:58:19
7d13fca15225358621be4086e1eb0964,94d3ee0bc2a0af9d4fa47a4d63616e8d,2018-05-02 15:17:41,115.0,250,2018-05-02 15:15:59
7d13fca15225358621be4086e1eb0964,8ba70ffa9e502e40f33a3f9f59d739d5,2018-05-02 19:51:26,99.9,251,2018-05-02 15:17:41
7d13fca15225358621be4086e1eb0964,13560ce213996d123d92f607e1ed93c7,2018-05-02 20:22:11,99.9,252,2018-05-02 19:51:26
7d13fca15225358621be4086e1eb0964,eb11baac49ba71da35079fcbf17517a4,2018-05-02 20:29:29,99.9,253,2018-05-02 20:22:11
7d13fca15225358621be4086e1eb0964,2a915fd877409831a1a6372f57b3936d,2018-05-02 20:48:52,145.0,254,2018-05-02 20:29:29
7d13fca15225358621be4086e1eb0964,b92ec5e62d4f9b08ea4d6dc83f36966a,2018-05-02 22:47:42,145.0,255,2018-05-02 20:48:52
7d13fca15225358621be4086e1eb0964,9fbac5c017947f1c23fe7979ad6c4e00,2018-05-03 09:19:47,99.9,256,2018-05-02 22:47:42
7d13fca15225358621be4086e1eb0964,77baa217632fcbf3656de4ec4a66b0c4,2018-05-03 09:42:53,185.0,257,2018-05-03 09:19:47
7d13fca15225358621be4086e1eb0964,8bf6956999b0861c3191773f28806f40,2018-05-03 11:08:27,99.9,258,2018-05-03 09:42:53
7d13fca15225358621be4086e1eb0964,38bf75e72a61924fb0633cd63820f018,2018-05-03 11:50:03,178.99,259,2018-05-03 11:08:27
7d13fca15225358621be4086e1eb0964,d48863aea86f6a6ccbcf40c4d1a38a0c,2018-05-03 13:20:29,99.9,260,2018-05-03 11:50:03
7d13fca15225358621be4086e1eb0964,107c4b8b68f41c60258f21df32424c83,2018-05-03 14:54:21,99.9,261,2018-05-03 13:20:29
7d13fca15225358621be4086e1eb0964,157527bd197cc424626aa0f831302229,2018-05-03 15:54:30,145.0,262,2018-05-03 14:54:21
7d13fca15225358621be4086e1eb0964,f4e4e886a056bb9c7ed4a19c013a833d,2018-05-03 16:05:40,99.9,263,2018-05-03 15:54:30
7d13fca15225358621be4086e1eb0964,0ca64e59f59b26fb6fb2726f907bb52d,2018-05-03 16:13:44,99.9,264,2018-05-03 16:05:40
7d13fca15225358621be4086e1eb0964,12137038d3db1f38197c5d37999527dc,2018-05-03 16:59:31,99.9,265,2018-05-03 16:13:44
7d13fca15225358621be4086e1eb0964,a122cfd6bf1027781187a1fec2f24ba1,2018-05-03 18:28:52,99.9,266,2018-05-03 16:59:31
7d13fca15225358621be4086e1eb0964,e708577dce77e8e44c1bd9534419576e,2018-05-03 18:55:30,99.9,267,2018-05-03 18:28:52
7d13fca15225358621be4086e1eb0964,b4a53c6fa9bc78adf59983a160f5470f,2018-05-03 19:06:37,99.9,268,2018-05-03 18:55:30
7d13fca15225358621be4086e1eb0964,5bdef5e4235fe07e011df57d8ae8b041,2018-05-03 19:34:47,99.9,269,2018-05-03 19:06:37
7d13fca15225358621be4086e1eb0964,d9d7e5dfa3a521b26058665230c530a2,2018-05-03 22:08:30,110.0,270,2018-05-03 19:34:47
7d13fca15225358621be4086e1eb0964,061ba2e2d7544790b6ed6b5b4dd9278c,2018-05-03 22:56:36,110.0,271,2018-05-03 22:08:30
7d13fca15225358621be4086e1eb0964,19f7c2937f28a1340a7a3c5c64a26123,2018-05-04 08:25:51,118.0,272,2018-05-03 22:56:36
7d13fca15225358621be4086e1eb0964,cb926a5abfd9b91198cb1bfaea0f4fb9,2018-05-04 08:47:00,110.0,273,2018-05-04 08:25:51
7d13fca15225358621be4086e1eb0964,d778bedecb77b234aeb18dc79ff59194,2018-05-04 08:48:19,278.0,274,2018-05-04 08:47:00
7d13fca15225358621be4086e1eb0964,72057e22b4e99820f18ad51861441403,2018-05-04 10:20:52,99.9,275,2018-05-04 08:48:19
7d13fca15225358621be4086e1eb0964,21c7a9262770a699c3144f54152e0b27,2018-05-04 10:35:48,145.0,276,2018-05-04 10:20:52
7d13fca15225358621be4086e1eb0964,c54e182c8f67aed244820428d9ca9085,2018-05-04 11:19:02,99.9,277,2018-05-04 10:35:48
7d13fca15225358621be4086e1eb0964,759e09770aa64cad53817b9925e381d8,2018-05-04 16:22:34,99.9,278,2018-05-04 11:19:02
7d13fca15225358621be4086e1eb0964,909848fc22bea821de7a92b2dc614338,2018-05-04 19:23:32,99.9,279,2018-05-04 16:22:34
7d13fca15225358621be4086e1eb0964,4850125b26ca8977d47c83f60df48401,2018-05-04 20:02:03,199.8,280,2018-05-04 19:23:32
7d13fca15225358621be4086e1eb0964,3a430e3b4726aa29854e7fc28fc77761,2018-05-04 23:18:55,278.0,281,2018-05-04 20:02:03
7d13fca15225358621be4086e1eb0964,efaed69a3670eec3151a31c6f19ac699,2018-05-05 00:47:56,99.9,282,2018-05-04 23:18:55
7d13fca15225358621be4086e1eb0964,a2ea081c06c12c25c068089e4985745a,2018-05-05 09:22:24,110.0,283,2018-05-05 00:47:56
7d13fca15225358621be4086e1eb0964,4ccf6ee1044ab9f8ec63953f1f2a708d,2018-05-05 11:40:42,118.0,284,2018-05-05 09:22:24
7d13fca15225358621be4086e1eb0964,6a91d0735c577044a412845a12877d7d,2018-05-05 12:27:18,110.0,285,2018-05-05 11:40:42
7d13fca15225358621be4086e1eb0964,9292f2ff747a4f8c6580fc8377bb1c8b,2018-05-05 12:33:51,110.0,286,2018-05-05 12:27:18
7d13fca15225358621be4086e1eb0964,cc145c0ced2265574e7e11c71735b5ac,2018-05-05 13:31:09,110.0,287,2018-05-05 12:33:51
7d13fca15225358621be4086e1eb0964,100ed138d169a3f969afa5449750db73,2018-05-05 13:56:03,118.0,288,2018-05-05 13:31:09
7d13fca15225358621be4086e1eb0964,0d9ed9d101d80f2accbf309324fea494,2018-05-05 13:57:15,110.0,289,2018-05-05 13:56:03
7d13fca15225358621be4086e1eb0964,aa870603711e38df064454224e013c3a,2018-05-05 14:05:06,145.0,290,2018-05-05 13:57:15
7d13fca15225358621be4086e1eb0964,41a6e516105939d8e985a14e2f9d534d,2018-05-05 17:27:52,110.0,291,2018-05-05 14:05:06
7d13fca15225358621be4086e1eb0964,fb05a4b251a54957ff9a86d515f98289,2018-05-05 18:59:56,145.0,292,2018-05-05 17:27:52
7d13fca15225358621be4086e1eb0964,62b0c2f88f7706f4873ef50d621f3a70,2018-05-05 19:44:08,110.0,293,2018-05-05 18:59:56
7d13fca15225358621be4086e1eb0964,564cffd60596c7076932fbeadbc7b898,2018-05-05 19:50:24,110.0,294,2018-05-05 19:44:08
7d13fca15225358621be4086e1eb0964,28572ca6264628bbdcd513eb363d6b3a,2018-05-05 21:00:57,110.0,295,2018-05-05 19:50:24
7d13fca15225358621be4086e1eb0964,c1b556dfb56a3302a7d965e0da3d5e11,2018-05-05 21:14:48,110.0,296,2018-05-05 21:00:57
7d13fca15225358621be4086e1eb0964,d592b82802bd7cdce8d3e8b48e07cd58,2018-05-05 21:46:42,110.0,297,2018-05-05 21:14:48
7d13fca15225358621be4086e1eb0964,f6a14749cdfa97ee01f2fed27c0c8b3a,2018-05-06 11:38:34,223.0,298,2018-05-05 21:46:42
7d13fca15225358621be4086e1eb0964,258f8f27958fb687682f90c1e5141f0b,2018-05-06 12:55:01,110.0,299,2018-05-06 11:38:34
7d13fca15225358621be4086e1eb0964,2a0e85d19656bd0a3c61a564b010ddd1,2018-05-06 14:40:49,110.0,300,2018-05-06 12:55:01
7d13fca15225358621be4086e1eb0964,8691ef52aa97f8ba6d500780b5897e04,2018-05-06 17:07:09,145.0,301,2018-05-06 14:40:49
7d13fca15225358621be4086e1eb0964,2ffd4bf0fbadf9acf274c27d822697ca,2018-05-06 21:08:08,99.9,302,2018-05-06 17:07:09
7d13fca15225358621be4086e1eb0964,b5f13aa3a46ca3005d39389331866fe4,2018-05-06 21:38:02,299.70000000000005,303,2018-05-06 21:08:08
7d13fca15225358621be4086e1eb0964,a15e73bbba8b02796a4e55ac24ed1763,2018-05-06 22:37:01,145.0,304,2018-05-06 21:38:02
7d13fca15225358621be4086e1eb0964,96e427c3f1f84bc2ae037b8ca5d22110,2018-05-06 23:24:22,118.0,305,2018-05-06 22:37:01
7d13fca15225358621be4086e1eb0964,f9973a8e3b13fd415733a5068d58140d,2018-05-07 00:49:45,99.9,306,2018-05-06 23:24:22
7d13fca15225358621be4086e1eb0964,f07cd569c4555fbf9dd3568b7995827a,2018-05-07 08:05:30,145.0,307,2018-05-07 00:49:45
7d13fca15225358621be4086e1eb0964,5ba66d346be6e2116fed589d3d644346,2018-05-07 09:22:57,99.9,308,2018-05-07 08:05:30
7d13fca15225358621be4086e1eb0964,7f8ea9cfc45806c663bbb7cf99b530a5,2018-05-07 09:32:19,99.9,309,2018-05-07 09:22:57
7d13fca15225358621be4086e1eb0964,1997d8e0fb0e3c1ffefac2b84bde7662,2018-05-07 10:45:57,178.99,310,2018-05-07 09:32:19
7d13fca15225358621be4086e1eb0964,9c1a5eb0f1bff32a9846477115335d36,2018-05-07 11:05:20,99.9,311,2018-05-07 10:45:57
7d13fca15225358621be4086e1eb0964,180c9fcf056bcb72bbf79029ddfa0132,2018-05-07 11:19:05,144.0,312,2018-05-07 11:05:20
7d13fca15225358621be4086e1eb0964,971dae4156d63b465b28ce4e45afc849,2018-05-07 12:39:10,99.9,313,2018-05-07 11:19:05
7d13fca15225358621be4086e1eb0964,5d813e90f3a2dcc17b05e3f7fb2d4ce6,2018-05-07 13:08:51,99.9,314,2018-05-07 12:39:10
7d13fca15225358621be4086e1eb0964,9c6bf0283fbe1d66fc195f750aa3b9a3,2018-05-07 13:33:16,99.9,315,2018-05-07 13:08:51
7d13fca15225358621be4086e1eb0964,2f6c8229bb3fdf4119d15ce35c9adbd4,2018-05-07 13:51:05,118.0,316,2018-05-07 13:33:16
7d13fca15225358621be4086e1eb0964,34c2707d493d8e4ef72b5c8b9fcc76ee,2018-05-07 14:15:24,99.9,317,2018-05-07 13:51:05
7d13fca15225358621be4086e1eb0964,cd38154bf340cc6b376898bd4b82b125,2018-05-07 15:06:12,99.9,318,2018-05-07 14:15:24
7d13fca15225358621be4086e1eb0964,cb8ec27d37e47fdbc81f78fe926c7dbf,2018-05-07 15:34:29,590.0,319,2018-05-07 15:06:12
7d13fca15225358621be4086e1eb0964,eaf268a56531587a742f3fc5590999b1,2018-05-07 16:51:25,99.9,320,2018-05-07 15:34:29
7d13fca15225358621be4086e1eb0964,a7b1a54a2b2cf96cfabf303fccafbc3e,2018-05-07 17:32:05,99.9,321,2018-05-07 16:51:25
7d13fca15225358621be4086e1eb0964,ed4702d5c64be8a78291b25080218bea,2018-05-07 18:38:57,99.9,322,2018-05-07 17:32:05
7d13fca15225358621be4086e1eb0964,2cacbc4da6d979f44adb568674fe8763,2018-05-07 20:15:59,99.9,323,2018-05-07 18:38:57
7d13fca15225358621be4086e1eb0964,00404fa7a687c8c44ca69d42695aae73,2018-05-07 22:38:21,99.9,324,2018-05-07 20:15:59
7d13fca15225358621be4086e1eb0964,f233e323b22b8b7b4e522b3506ee34b7,2018-05-07 22:51:08,299.99,325,2018-05-07 22:38:21
7d13fca15225358621be4086e1eb0964,29921b6b001ba493f381f3f1d396af16,2018-05-07 22:53:53,145.0,326,2018-05-07 22:51:08
7d13fca15225358621be4086e1eb0964,50aeaf212cea852ab2cdc5034085851f,2018-05-08 06:17:06,178.99,327,2018-05-07 22:53:53
7d13fca15225358621be4086e1eb0964,4296bf3920be4eaa22d4f0cd0c3467b9,2018-05-08 07:20:00,299.70000000000005,328,2018-05-08 06:17:06
7d13fca15225358621be4086e1eb0964,84a649c5b7af51c49e0041fb5e3486d8,2018-05-08 07:25:45,99.9,329,2018-05-08 07:20:00
7d13fca15225358621be4086e1eb0964,599029e205a62a6a520d087b5f25b88f,2018-05-08 07:37:06,320.0,330,2018-05-08 07:25:45
7d13fca15225358621be4086e1eb0964,e669f037ffe4a64a1bd28bc8d9c97d34,2018-05-08 08:01:17,99.9,331,2018-05-08 07:37:06
7d13fca15225358621be4086e1eb0964,88d027f03744cd2419cc5f1a64a9b7d6,2018-05-08 08:10:26,99.9,332,2018-05-08 08:01:17
7d13fca15225358621be4086e1eb0964,d3ac7f284f550007e269b7d526bebd53,2018-05-08 08:13:01,99.9,333,2018-05-08 08:10:26
7d13fca15225358621be4086e1eb0964,9800ab70491d72cc23404e99a34986ba,2018-05-08 08:13:57,99.9,334,2018-05-08 08:13:01
7d13fca15225358621be4086e1eb0964,973548765ef313758de16c641c195baf,2018-05-08 09:15:25,145.0,335,2018-05-08 08:13:57
7d13fca15225358621be4086e1eb0964,3604c194b160cc44b8f540306dc4b644,2018-05-08 11:14:40,99.9,336,2018-05-08 09:15:25
7d13fca15225358621be4086e1eb0964,582da9422bddcddbee36fd48edfac489,2018-05-08 11:18:15,99.9,337,2018-05-08 11:14:40
7d13fca15225358621be4086e1eb0964,6f3e13f4ef62b348e815f6375cbdd675,2018-05-08 11:56:46,99.9,338,2018-05-08 11:18:15
7d13fca15225358621be4086e1eb0964,ff40f38705c95a8eceea1a0db29bff66,2018-05-08 12:27:09,173.0,339,2018-05-08 11:56:46
7d13fca15225358621be4086e1eb0964,701b6152f4772bf004cad6741981b060,2018-05-08 12:39:36,99.9,340,2018-05-08 12:27:09
7d13fca15225358621be4086e1eb0964,cef25673fc64efd9564270760806eacc,2018-05-08 14:17:22,230.0,341,2018-05-08 12:39:36
7d13fca15225358621be4086e1eb0964,0849ccbfff0e8fd7168be6a62ca74a0d,2018-05-08 14:38:21,99.9,342,2018-05-08 14:17:22
7d13fca15225358621be4086e1eb0964,b2349a3f20dfbeef62e7b31baa22f84b,2018-05-08 14:53:17,118.0,343,2018-05-08 14:38:21
7d13fca15225358621be4086e1eb0964,58673fc6f78ed538b23f278fdb461f07,2018-05-08 18:11:53,144.0,344,2018-05-08 14:53:17
7d13fca15225358621be4086e1eb0964,58700fd516967486aee98fbae1357e8e,2018-05-08 18:49:49,55.0,345,2018-05-08 18:11:53
7d13fca15225358621be4086e1eb0964,d3702a0c7d129ebdb41eb60791ea41e2,2018-05-08 19:05:19,145.0,346,2018-05-08 18:49:49
7d13fca15225358621be4086e1eb0964,90c7853be7f369fc75f40f920e13d883,2018-05-08 19:28:10,99.9,347,2018-05-08 19:05:19
7d13fca15225358621be4086e1eb0964,d62387acb3914789e712406e9882e549,2018-05-08 19:48:01,99.9,348,2018-05-08 19:28:10
7d13fca15225358621be4086e1eb0964,365929ae2a3877d3590589ad75b39d20,2018-05-08 20:00:17,99.9,349,2018-05-08 19:48:01
7d13fca15225358621be4086e1eb0964,155b201ebf7d8510e7cba0659dc01ecb,2018-05-08 20:10:20,145.0,350,2018-05-08 20:00:17
7d13fca15225358621be4086e1eb0964,e893f8f38397c526df32b5b1add8fda5,2018-05-08 20:19:02,278.0,351,2018-05-08 20:10:20
7d13fca15225358621be4086e1eb0964,f937ec3a717fd77710c5fb85cf5321d9,2018-05-08 21:00:18,99.9,352,2018-05-08 20:19:02
7d13fca15225358621be4086e1eb0964,d0bec96aad189992b278688279ba1511,2018-05-08 21:04:16,99.9,353,2018-05-08 21:00:18
7d13fca15225358621be4086e1eb0964,ce2fb547113cbecb9d645891bdb70c66,2018-05-08 22:10:54,99.9,354,2018-05-08 21:04:16
7d13fca15225358621be4086e1eb0964,d279d0537eba57893e86d387ea58d4a4,2018-05-08 22:41:09,278.0,355,2018-05-08 22:10:54
7d13fca15225358621be4086e1eb0964,e04d4af0a4a1090bf68ccfee2dd809ef,2018-05-08 22:55:20,118.0,356,2018-05-08 22:41:09
7d13fca15225358621be4086e1eb0964,22b1eef278d4416c1e867a55d1c39fea,2018-05-08 23:18:52,99.9,357,2018-05-08 22:55:20
7d13fca15225358621be4086e1eb0964,a52ce374ecd1e12480900aa9f5944e4d,2018-05-08 23:21:06,99.9,358,2018-05-08 23:18:52
7d13fca15225358621be4086e1eb0964,6ef0f9767ffbe09ebed8593fed89b73d,2018-05-09 01:38:43,118.0,359,2018-05-08 23:21:06
7d13fca15225358621be4086e1eb0964,ddc162708923f29398f06661ac27c18a,2018-05-09 06:46:24,99.9,360,2018-05-09 01:38:43
7d13fca15225358621be4086e1eb0964,cac0cf69e6b636454b35048fac095f75,2018-05-09 06:59:28,278.0,361,2018-05-09 06:46:24
7d13fca15225358621be4086e1eb0964,767ed97fc7b0133058b858a89951972a,2018-05-09 09:59:33,99.9,362,2018-05-09 06:59:28
7d13fca15225358621be4086e1eb0964,699a054a231f241e711b0ff3bdd1e250,2018-05-09 11:20:12,199.8,363,2018-05-09 09:59:33
7d13fca15225358621be4086e1eb0964,ef830fd38d5bbbd14e58c18b0459a35e,2018-05-09 12:56:56,99.9,364,2018-05-09 11:20:12
7d13fca15225358621be4086e1eb0964,f565be42bf5390f6cd98934cc4c17091,2018-05-09 15:22:58,99.9,365,2018-05-09 12:56:56
7d13fca15225358621be4086e1eb0964,2cab6eabb3eaa7f0185225e89585ffdb,2018-05-09 15:49:46,99.9,366,2018-05-09 15:22:58
7d13fca15225358621be4086e1eb0964,d8bd1a832e609b5dfb2e9ff4591720b8,2018-05-09 16:14:20,99.9,367,2018-05-09 15:49:46
7d13fca15225358621be4086e1eb0964,c38db22a86ae94a2a5a9dd2d5700f6cb,2018-05-09 17:18:11,99.9,368,2018-05-09 16:14:20
7d13fca15225358621be4086e1eb0964,e71a0fb0dee7e6d3258bf75dc67d7f2e,2018-05-09 20:15:07,144.0,369,2018-05-09 17:18:11
7d13fca15225358621be4086e1eb0964,873e00f0d09131c528f460aab0f488fb,2018-05-09 20:19:12,144.0,370,2018-05-09 20:15:07
7d13fca15225358621be4086e1eb0964,cabbda9faa21b3ae37ff649c0fec4f55,2018-05-09 21:36:13,145.0,371,2018-05-09 20:19:12
7d13fca15225358621be4086e1eb0964,cbc5205b9df432b848e1e8a2331ffeca,2018-05-09 23:01:53,144.0,372,2018-05-09 21:36:13
7d13fca15225358621be4086e1eb0964,0ad02b6f33a90fe5d09e0b416287857f,2018-05-09 23:13:39,118.0,373,2018-05-09 23:01:53
7d13fca15225358621be4086e1eb0964,cface3d9f0cffca04d1a90e042db06a3,2018-05-10 00:18:58,118.0,374,2018-05-09 23:13:39
7d13fca15225358621be4086e1eb0964,fe9d34568d9ac7651ff018def29da70f,2018-05-10 03:38:27,178.99,375,2018-05-10 00:18:58
7d13fca15225358621be4086e1eb0964,1235febb7f139ccf94d83ff97ae8e889,2018-05-10 07:40:41,115.0,376,2018-05-10 03:38:27
7d13fca15225358621be4086e1eb0964,478da79acc71487110d44b06dbd8444c,2018-05-10 09:28:35,115.0,377,2018-05-10 07:40:41
7d13fca15225358621be4086e1eb0964,831e2035989f1b9cb217e1093e2992d3,2018-05-10 09:31:46,118.0,378,2018-05-10 09:28:35
7d13fca15225358621be4086e1eb0964,912d6ebade30677cea365478156ad6d7,2018-05-10 10:19:38,320.0,379,2018-05-10 09:31:46
7d13fca15225358621be4086e1eb0964,bf25ff262495b0b876bc4f594f736ecf,2018-05-10 11:23:03,115.0,380,2018-05-10 10:19:38
7d13fca15225358621be4086e1eb0964,523156bbb727eaea16d8a2880296d26c,2018-05-10 12:34:52,145.0,381,2018-05-10 11:23:03
7d13fca15225358621be4086e1eb0964,4a6779a79e8397160e34e7e005321200,2018-05-10 12:46:02,230.0,382,2018-05-10 12:34:52
7d13fca15225358621be4086e1eb0964,a812412fc83a2f622db5e6f89e46d979,2018-05-10 13:49:40,114.99,383,2018-05-10 12:46:02
7d13fca15225358621be4086e1eb0964,55788c74967dbef64cfde7d1db11e49d,2018-05-10 15:49:24,145.0,384,2018-05-10 13:49:40
7d13fca15225358621be4086e1eb0964,e7522d7d44b7cdc7e33f08062d37d269,2018-05-10 16:51:34,144.0,385,2018-05-10 15:49:24
7d13fca15225358621be4086e1eb0964,04082ed3fe3aa0b4af00796e94ead6ba,2018-05-10 17:24:33,118.0,386,2018-05-10 16:51:34
7d13fca15225358621be4086e1eb0964,4de9f74515c35fa2eb482457a683ee14,2018-05-10 17:49:54,144.0,387,2018-05-10 17:24:33
7d13fca15225358621be4086e1eb0964,15f03e32c4f15c02ef2461951758bce9,2018-05-10 19:22:50,144.0,388,2018-05-10 17:49:54
7d13fca15225358621be4086e1eb0964,cce79f931c657237cdc1dfbbff4ba653,2018-05-10 19:53:48,118.0,389,2018-05-10 19:22:50
7d13fca15225358621be4086e1eb0964,ccc0965b6e9996d22fca63fe790a3c30,2018-05-10 20:04:34,145.0,390,2018-05-10 19:53:48
7d13fca15225358621be4086e1eb0964,2e429ae793d0065e4efbe7040c5e3203,2018-05-10 21:18:31,118.0,391,2018-05-10 20:04:34
7d13fca15225358621be4086e1eb0964,fb6fd490ceb962cb59053987c9401e81,2018-05-10 21:33:51,145.0,392,2018-05-10 21:18:31
7d13fca15225358621be4086e1eb0964,2fd0fb45a29d604441578de95e174bb1,2018-05-11 06:57:08,118.0,393,2018-05-10 21:33:51
7d13fca15225358621be4086e1eb0964,8bab7ecb4ace6bff0ac3a7cc2dee73d5,2018-05-11 08:03:25,115.0,394,2018-05-11 06:57:08
7d13fca15225358621be4086e1eb0964,21901d247ec987a042a6b89bc3a98bd5,2018-05-11 11:32:40,299.99,395,2018-05-11 08:03:25
7d13fca15225358621be4086e1eb0964,0e212b5df829280bba28382cf4aacec2,2018-05-11 12:41:47,115.0,396,2018-05-11 11:32:40
7d13fca15225358621be4086e1eb0964,a968af310ab09611023e0efd828ecbde,2018-05-11 17:31:58,115.0,397,2018-05-11 12:41:47
7d13fca15225358621be4086e1eb0964,43f6604e77ce6433e7d68dd86db73b45,2018-05-11 18:25:34,223.0,398,2018-05-11 17:31:58
7d13fca15225358621be4086e1eb0964,c237167dd6b573071accd0996f0152b6,2018-05-11 20:36:36,115.0,399,2018-05-11 18:25:34
7d13fca15225358621be4086e1eb0964,fe3ed37f8447cf637b8433c92451513a,2018-05-12 12:43:44,185.0,400,2018-05-11 20:36:36
7d13fca15225358621be4086e1eb0964,f39f43e47399ff2c70a6ff3130215663,2018-05-12 15:31:37,145.0,401,2018-05-12 12:43:44
7d13fca15225358621be4086e1eb0964,a5504f1984f84201ce8630f9b7df369d,2018-05-12 19:15:40,260.0,402,2018-05-12 15:31:37
7d13fca15225358621be4086e1eb0964,babcb908e411ea7b016add4ba7928922,2018-05-12 23:00:51,175.0,403,2018-05-12 19:15:40
7d13fca15225358621be4086e1eb0964,29120f643cc96827e25210e076335805,2018-05-13 16:54:57,145.0,404,2018-05-12 23:00:51
7d13fca15225358621be4086e1eb0964,8dba24f9985ee1c23c565330d02c5099,2018-05-13 18:02:41,500.0,405,2018-05-13 16:54:57
7d13fca15225358621be4086e1eb0964,239a0e07e6d82c443b1ac00860f30c27,2018-05-13 18:34:31,100.0,406,2018-05-13 18:02:41
7d13fca15225358621be4086e1eb0964,0a44ca66dfa067a69bc92ef82ba68acf,2018-05-13 20:05:55,145.0,407,2018-05-13 18:34:31
7d13fca15225358621be4086e1eb0964,9389b64e7d922e3b0c30f8026e418e64,2018-05-13 20:33:36,118.0,408,2018-05-13 20:05:55
7d13fca15225358621be4086e1eb0964,513f45dfe361a2cd8b5627b1414b20ae,2018-05-13 23:02:56,145.0,409,2018-05-13 20:33:36
7d13fca15225358621be4086e1eb0964,33dc68ee07456f6fa5da352d9cca5d93,2018-05-14 09:22:27,260.0,410,2018-05-13 23:02:56
7d13fca15225358621be4086e1eb0964,7ede9e815cd2aac7e60071e67117f176,2018-05-14 09:24:45,118.0,411,2018-05-14 09:22:27
7d13fca15225358621be4086e1eb0964,b92195016ab44aa92f58ccdc17cf496c,2018-05-14 12:47:30,145.0,412,2018-05-14 09:24:45
7d13fca15225358621be4086e1eb0964,0bb77e62d791c3e5b009815ac19825be,2018-05-14 14:28:23,145.0,413,2018-05-14 12:47:30
7d13fca15225358621be4086e1eb0964,61fcbde43b57103de5c19b26489b46f6,2018-05-14 16:18:02,510.0,414,2018-05-14 14:28:23
7d13fca15225358621be4086e1eb0964,c57ae5ddbc1ce170981df1880afd9dd1,2018-05-14 17:17:20,55.0,415,2018-05-14 16:18:02
7d13fca15225358621be4086e1eb0964,ac5a06cf04a02c5c5ec9f09f9db3ddb9,2018-05-14 18:37:58,115.0,416,2018-05-14 17:17:20
7d13fca15225358621be4086e1eb0964,b0631e643c8b1d98bfcade30d0e71e31,2018-05-14 21:50:14,115.0,417,2018-05-14 18:37:58
7d13fca15225358621be4086e1eb0964,3ea264e36baf2f2275cdcfbd1b96a4aa,2018-05-15 00:45:45,55.0,418,2018-05-14 21:50:14
7d13fca15225358621be4086e1eb0964,83255143f563e45be89933f0eb4759ed,2018-05-15 13:34:58,150.0,419,2018-05-15 00:45:45
7d13fca15225358621be4086e1eb0964,29c5a7f7a7e0947fa6d28f355cd28c5f,2018-05-15 13:53:23,175.0,420,2018-05-15 13:34:58
7d13fca15225358621be4086e1eb0964,585349a68c2e7d50092eb35c60f019da,2018-05-15 22:28:10,175.0,421,2018-05-15 13:53:23
7d13fca15225358621be4086e1eb0964,c77ede410bfde247ebf9220aea6ca49a,2018-05-16 00:05:40,55.0,422,2018-05-15 22:28:10
7d13fca15225358621be4086e1eb0964,4620cc7c4473f6f872e2f2b278f1c6cd,2018-05-16 06:35:28,140.0,423,2018-05-16 00:05:40
7d13fca15225358621be4086e1eb0964,bbccc293dde3a6b72a942c4117678017,2018-05-16 09:05:31,55.0,424,2018-05-16 06:35:28
7d13fca15225358621be4086e1eb0964,d9626ceed1048372a97bb68643b58410,2018-05-18 11:40:47,65.0,425,2018-05-16 09:05:31
7d13fca15225358621be4086e1eb0964,90f0e72dfebcd41e26656d079d881674,2018-05-20 22:33:40,510.0,426,2018-05-18 11:40:47
7d13fca15225358621be4086e1eb0964,7f1a619240cf71f520b13b660753f8c7,2018-05-22 22:36:54,689.0,427,2018-05-20 22:33:40
7d13fca15225358621be4086e1eb0964,e4dfdab4dc28a8727655a0f0a19224b2,2018-05-24 23:34:05,500.0,428,2018-05-22 22:36:54
7d13fca15225358621be4086e1eb0964,bb4648eb654b7296660ddcbc2ac64c0f,2018-05-27 15:56:17,500.0,429,2018-05-24 23:34:05
7d13fca15225358621be4086e1eb0964,e63271442e778d83ae9868408c1028e7,2018-05-28 17:05:02,586.0,430,2018-05-27 15:56:17
7d13fca15225358621be4086e1eb0964,64ccc97757023bd10bf48bed7f1e14e3,2018-05-31 10:42:31,245.0,431,2018-05-28 17:05:02
7d13fca15225358621be4086e1eb0964,bb5229662821e68be478acdd18eea342,2018-06-02 12:54:12,500.0,432,2018-05-31 10:42:31
7d13fca15225358621be4086e1eb0964,312c7fd8a2420002c53fee13e15c8111,2018-06-03 22:59:59,586.0,433,2018-06-02 12:54:12
7d13fca15225358621be4086e1eb0964,e29968d0d7fad6eb512591f25eca27dc,2018-06-06 20:19:46,140.0,434,2018-06-03 22:59:59
7d13fca15225358621be4086e1eb0964,b6054dd0191c75f47635c7b3512b780c,2018-06-07 13:55:19,378.0,435,2018-06-06 20:19:46
7d13fca15225358621be4086e1eb0964,a1ce0b73236e48ba5f0391017bcef89e,2018-06-08 20:05:40,240.0,436,2018-06-07 13:55:19
7d13fca15225358621be4086e1eb0964,8394892177e59c9293914e83fe4c4dfe,2018-06-08 20:40:52,180.0,437,2018-06-08 20:05:40
7d13fca15225358621be4086e1eb0964,e04f0de943db189301c0d84b50e76e1d,2018-06-09 03:16:03,240.0,438,2018-06-08 20:40:52
7d13fca15225358621be4086e1eb0964,7c4300b4566920906b3107048eabfcd7,2018-06-09 12:00:53,144.0,439,2018-06-09 03:16:03
7d13fca15225358621be4086e1eb0964,03be2f620301ed720f761e04f00270d4,2018-06-09 12:20:13,144.0,440,2018-06-09 12:00:53
7d13fca15225358621be4086e1eb0964,83924e024872f99a5ff6ba31d7161b91,2018-06-10 18:29:18,180.0,441,2018-06-09 12:20:13
7d13fca15225358621be4086e1eb0964,80288d8ccb8b1899f5377f27feebb1f0,2018-06-10 21:27:49,178.99,442,2018-06-10 18:29:18
7d13fca15225358621be4086e1eb0964,628365400ec276cda9dbce783340e906,2018-06-10 23:04:05,545.0,443,2018-06-10 21:27:49
7d13fca15225358621be4086e1eb0964,e45620eb46de3b95c078fb17e75db83e,2018-06-11 12:41:01,144.0,444,2018-06-10 23:04:05
7d13fca15225358621be4086e1eb0964,5a00ef28abf9645038a7d37c1639d2c2,2018-06-11 13:00:02,180.0,445,2018-06-11 12:41:01
7d13fca15225358621be4086e1eb0964,7229c37246dd5343775180438d13772b,2018-06-11 17:33:45,616.0,446,2018-06-11 13:00:02
7d13fca15225358621be4086e1eb0964,2ca4efdc485d435bf550022118cb95db,2018-06-11 21:36:24,180.0,447,2018-06-11 17:33:45
7d13fca15225358621be4086e1eb0964,457432689bcc0d3db0742e0e8cf87aa2,2018-06-12 00:27:30,240.0,448,2018-06-11 21:36:24
7d13fca15225358621be4086e1eb0964,f4ee4273538924bda6212f5948e80fde,2018-06-12 08:59:54,180.0,449,2018-06-12 00:27:30
7d13fca15225358621be4086e1eb0964,c76d764d0f993151eb234c324e2b09ce,2018-06-12 11:00:26,144.0,450,2018-06-12 08:59:54
7d13fca15225358621be4086e1eb0964,92026f2f1b805cb9d6b1ce692ee38313,2018-06-12 13:05:30,144.0,451,2018-06-12 11:00:26
7d13fca15225358621be4086e1eb0964,3391274af8aa8372225f9c42c63d853e,2018-06-13 12:33:49,144.0,452,2018-06-12 13:05:30
7d13fca15225358621be4086e1eb0964,518cc3d6b4d14d503ee41b6dbe4e1c70,2018-06-13 16:07:45,468.0,453,2018-06-13 12:33:49
7d13fca15225358621be4086e1eb0964,a9ae6eca3010b51cb0a83c46e7c3ed4e,2018-06-16 13:50:09,500.0,454,2018-06-13 16:07:45
7d13fca15225358621be4086e1eb0964,917c51358bf547a3796e4891113062cb,2018-06-18 10:43:08,119.0,455,2018-06-16 13:50:09
7d13fca15225358621be4086e1eb0964,f9af40e68463ab36441bae99e215e3e0,2018-06-18 11:42:48,119.0,456,2018-06-18 10:43:08
7d13fca15225358621be4086e1eb0964,ead4584d779958e7605fe628d3f253f0,2018-06-21 09:08:19,155.0,457,2018-06-18 11:42:48
7d13fca15225358621be4086e1eb0964,4530ebf341c28451b56c66fc4d70f8eb,2018-06-21 17:27:55,180.0,458,2018-06-21 09:08:19
7d13fca15225358621be4086e1eb0964,3375db82ac870955bb1bd2d561eddfd5,2018-06-21 20:04:54,155.0,459,2018-06-21 17:27:55
7d13fca15225358621be4086e1eb0964,6704e7402168366c804f2bc1cf9c2163,2018-06-23 11:04:44,119.0,460,2018-06-21 20:04:54
7d13fca15225358621be4086e1eb0964,13831f5b4e64bcef58f4a1b4cc8748d4,2018-06-24 13:41:54,155.0,461,2018-06-23 11:04:44
7d13fca15225358621be4086e1eb0964,dbc6163631edab2e963462a16fbd7e8d,2018-06-24 17:26:38,119.0,462,2018-06-24 13:41:54
7d13fca15225358621be4086e1eb0964,6b6e94314b51fb34f0f7724250d70914,2018-06-24 17:58:20,164.0,463,2018-06-24 17:26:38
7d13fca15225358621be4086e1eb0964,e8f5f9fb65db20f08e707adec28407c9,2018-06-24 20:08:48,586.0,464,2018-06-24 17:58:20
7d13fca15225358621be4086e1eb0964,a3935e4485cd7848426b3c0761728345,2018-06-24 22:14:32,155.0,465,2018-06-24 20:08:48
7d13fca15225358621be4086e1eb0964,aad88050b26c8f49d2bd3c87af5b7b19,2018-06-25 14:24:26,119.0,466,2018-06-24 22:14:32
7d13fca15225358621be4086e1eb0964,8135d95a571b0c0529ad5624a7f72ddc,2018-06-25 15:28:03,119.0,467,2018-06-25 14:24:26
7d13fca15225358621be4086e1eb0964,6d2f0dccc294bd2e21a2c8c93d0121bc,2018-06-26 17:57:15,198.99,468,2018-06-25 15:28:03
7d13fca15225358621be4086e1eb0964,0e52eaa92a794742da29c413a23a7b80,2018-06-26 21:23:04,119.0,469,2018-06-26 17:57:15
7d13fca15225358621be4086e1eb0964,b712ecb07ab1acacb5f247a01198e6b8,2018-06-27 11:04:39,155.0,470,2018-06-26 21:23:04
7d13fca15225358621be4086e1eb0964,c2911ae423d7c8d3766951c51723af34,2018-06-27 15:40:20,119.0,471,2018-06-27 11:04:39
7d13fca15225358621be4086e1eb0964,0558d3449b449e4da4a5793f542d0785,2018-06-28 22:49:45,119.0,472,2018-06-27 15:40:20
7d13fca15225358621be4086e1eb0964,70c63ecc0f8619ac9ebb83fd52466e64,2018-06-29 18:39:21,155.0,473,2018-06-28 22:49:45
7d13fca15225358621be4086e1eb0964,d896771c13346a1152e08d268514f544,2018-07-01 17:36:53,249.0,474,2018-06-29 18:39:21
7d13fca15225358621be4086e1eb0964,f5eda04cf77ec4fc17a1c7a4e8984afb,2018-07-02 09:14:07,119.0,475,2018-07-01 17:36:53
7d13fca15225358621be4086e1eb0964,c873d67cdcc79e51c21b47d8c69ada68,2018-07-02 15:38:53,119.0,476,2018-07-02 09:14:07
7d13fca15225358621be4086e1eb0964,1397417a57ad1bbfe8d639df8cdee908,2018-07-02 18:16:59,119.0,477,2018-07-02 15:38:53
7d13fca15225358621be4086e1eb0964,5fd5c981a4232eaced70a8003d560243,2018-07-02 19:28:14,119.0,478,2018-07-02 18:16:59
7d13fca15225358621be4086e1eb0964,9b015744ffb8748e8888aa87144186a1,2018-07-02 21:40:58,370.0,479,2018-07-02 19:28:14
7d13fca15225358621be4086e1eb0964,083fa2fb9d3de18eabbb3427045a1a1f,2018-07-03 10:24:56,119.0,480,2018-07-02 21:40:58
7d13fca15225358621be4086e1eb0964,3b2d986d88e983cc12154191391193ad,2018-07-03 15:33:00,119.0,481,2018-07-03 10:24:56
7d13fca15225358621be4086e1eb0964,c0a8ef94e050fd7fb74a3757be5b3da0,2018-07-03 19:00:14,119.0,482,2018-07-03 15:33:00
7d13fca15225358621be4086e1eb0964,308af2adf367ec45187f929522f6b9ac,2018-07-03 19:25:38,165.0,483,2018-07-03 19:00:14
7d13fca15225358621be4086e1eb0964,7091b998662c89051acb6bcb57cb43a2,2018-07-07 19:11:56,249.0,484,2018-07-03 19:25:38
7d13fca15225358621be4086e1eb0964,47bd07d647eeb63f437e58a1ee3b3733,2018-07-08 07:51:54,299.99,485,2018-07-07 19:11:56
7d13fca15225358621be4086e1eb0964,38d008f131c77e33467b6aee3636927a,2018-07-11 22:12:14,195.5,486,2018-07-08 07:51:54
7d13fca15225358621be4086e1eb0964,a58298b548a97e743824ca6c1dcb6b95,2018-07-16 18:05:34,200.0,487,2018-07-11 22:12:14
7d13fca15225358621be4086e1eb0964,bf0a0b465be0fe8e8e83edb5bca69a34,2018-07-19 09:29:08,549.0,488,2018-07-16 18:05:34
7d13fca15225358621be4086e1eb0964,eca9f43372e64e01322fd21afd0bb842,2018-07-19 15:26:54,180.0,489,2018-07-19 09:29:08
7d13fca15225358621be4086e1eb0964,9dfd8df84d4f07cc8da0f2fa0fe96075,2018-07-19 17:10:53,178.99,490,2018-07-19 15:26:54
7d13fca15225358621be4086e1eb0964,14dca2543b44a6699edcca2bd49b261a,2018-07-21 14:53:34,178.99,491,2018-07-19 17:10:53
7d13fca15225358621be4086e1eb0964,1a71051dfe3a0641e6feafe991adbdab,2018-07-22 10:10:57,219.0,492,2018-07-21 14:53:34
7d13fca15225358621be4086e1eb0964,8654cd8e725e48af0d843f5c60598e72,2018-07-22 13:18:56,219.0,493,2018-07-22 10:10:57
7d13fca15225358621be4086e1eb0964,d21711f4bfc26162d5a8e471d7edb25f,2018-07-22 19:37:18,178.99,494,2018-07-22 13:18:56
7d13fca15225358621be4086e1eb0964,97aeae7e7b1d8a32cf3f26c3946eab1d,2018-07-22 22:09:10,178.99,495,2018-07-22 19:37:18
7d13fca15225358621be4086e1eb0964,b6e50b69ddbd5210737d0c881056771d,2018-07-23 17:40:13,178.99,496,2018-07-22 22:09:10
7d13fca15225358621be4086e1eb0964,29dcc211b6fbfa81282284c9dc344da1,2018-07-24 10:41:56,155.0,497,2018-07-23 17:40:13
7d13fca15225358621be4086e1eb0964,5798f00aab0a4ab662bf6fcb12632d79,2018-07-24 14:50:17,219.0,498,2018-07-24 10:41:56
7d13fca15225358621be4086e1eb0964,60a7df16f9a8d8f38bd974b8a873167d,2018-07-26 01:27:57,185.0,499,2018-07-24 14:50:17
7d13fca15225358621be4086e1eb0964,cccc154ce300f1dd193065ddbf6383f9,2018-07-26 11:04:47,110.0,500,2018-07-26 01:27:57
7d13fca15225358621be4086e1eb0964,e594644501ac2bce6c65b6c21b0c625d,2018-07-26 16:51:49,245.0,501,2018-07-26 11:04:47
7d13fca15225358621be4086e1eb0964,4a9eee375aed716abf318683789faf01,2018-07-26 21:46:18,110.0,502,2018-07-26 16:51:49
7d13fca15225358621be4086e1eb0964,b89d417b1ba9f8e416b9e333ffa01a93,2018-07-28 10:11:59,112.0,503,2018-07-26 21:46:18
7d13fca15225358621be4086e1eb0964,6dca57240c5cb67c2673be12f538a2fc,2018-07-28 20:03:29,155.0,504,2018-07-28 10:11:59
7d13fca15225358621be4086e1eb0964,55af89bd3634844abc96b00c4caa76a5,2018-07-29 13:48:04,110.0,505,2018-07-28 20:03:29
7d13fca15225358621be4086e1eb0964,9035f15a94295b635575a49041ea406a,2018-07-29 16:38:12,155.0,506,2018-07-29 13:48:04
7d13fca15225358621be4086e1eb0964,c3d82084f95e12ecd6cc271e0c225175,2018-07-29 18:17:11,110.0,507,2018-07-29 16:38:12
7d13fca15225358621be4086e1eb0964,6f160d3d9d471193fdc5aa47198ce815,2018-07-30 14:11:43,185.0,508,2018-07-29 18:17:11
7d13fca15225358621be4086e1eb0964,adc3c2a7a5283d29f235da2e760b0f05,2018-07-31 10:50:07,219.0,509,2018-07-30 14:11:43
7d13fca15225358621be4086e1eb0964,0a998b0552bd0e04c7b38f0f58737c54,2018-08-01 19:01:08,112.0,510,2018-07-31 10:50:07
7d13fca15225358621be4086e1eb0964,c3f5604968d8dd5686a261e2ff17cb96,2018-08-03 10:21:35,301.0,511,2018-08-01 19:01:08
7d13fca15225358621be4086e1eb0964,25d6858f3b1d2f332623bdccb12db9eb,2018-08-04 15:23:53,155.0,512,2018-08-03 10:21:35
7d13fca15225358621be4086e1eb0964,c8223ab24b18df53e6a37eae1fd69d48,2018-08-04 15:38:44,510.99,513,2018-08-04 15:23:53
7d13fca15225358621be4086e1eb0964,ec6fad60162a199dc5aa0cbb021b26a8,2018-08-04 16:03:59,240.0,514,2018-08-04 15:38:44
7d13fca15225358621be4086e1eb0964,d9b968b9f8c464fd7941981e0ee66845,2018-08-04 19:25:09,185.0,515,2018-08-04 16:03:59
7d13fca15225358621be4086e1eb0964,b228e6b7a06468abcf8c203f8e86689c,2018-08-05 15:56:36,199.6,516,2018-08-04 19:25:09
7d13fca15225358621be4086e1eb0964,7858a830420b9bc393b55bcf268eeb36,2018-08-05 21:12:12,146.01,517,2018-08-05 15:56:36
7d13fca15225358621be4086e1eb0964,ecca6d9e70db69a20c2cca23b23fc8aa,2018-08-05 23:47:52,114.46,518,2018-08-05 21:12:12
7d13fca15225358621be4086e1eb0964,9d87d0391a942964abee51bf76befef0,2018-08-06 00:17:44,110.65,519,2018-08-05 23:47:52
7d13fca15225358621be4086e1eb0964,cbd6b0d6698b0b6018dc2f613942fd42,2018-08-06 13:23:19,146.0,520,2018-08-06 00:17:44
7d13fca15225358621be4086e1eb0964,984e49046d60b48b8253d5147b886e1b,2018-08-06 14:59:18,110.65,521,2018-08-06 13:23:19
7d13fca15225358621be4086e1eb0964,6715132837520c5934acfadb854f1735,2018-08-06 16:24:47,110.65,522,2018-08-06 14:59:18
7d13fca15225358621be4086e1eb0964,46c43fa21f04b08b446b2bd3e06ae1a8,2018-08-07 10:50:30,199.6,523,2018-08-06 16:24:47
7d13fca15225358621be4086e1eb0964,4989f3f8cec2a6f73b0d121c0e134624,2018-08-07 16:20:21,157.0,524,2018-08-07 10:50:30
7d13fca15225358621be4086e1eb0964,984d7b91d51b86ce72cbfffc2dcdb8d5,2018-08-07 17:07:34,199.6,525,2018-08-07 16:20:21
7d13fca15225358621be4086e1eb0964,d1ee985bf7378b46fd1058b35c8132da,2018-08-07 18:18:47,96.58,526,2018-08-07 17:07:34
7d13fca15225358621be4086e1eb0964,c393997142861148ab156520bb0ed1fb,2018-08-08 11:39:50,146.01,527,2018-08-07 18:18:47
7d13fca15225358621be4086e1eb0964,7368acd4c19348cd2ff9c3639f47c323,2018-08-08 11:40:02,500.0,528,2018-08-08 11:39:50
7d13fca15225358621be4086e1eb0964,a1310bb1b602cdcd8aeec03a52c4a286,2018-08-08 19:15:04,157.0,529,2018-08-08 11:40:02
7d13fca15225358621be4086e1eb0964,be9b657bc6db0ce7ee053472ae3e3fb6,2018-08-08 19:38:41,155.0,530,2018-08-08 19:15:04
7d13fca15225358621be4086e1eb0964,00b2d2f2b5f7b98e6b1828764660134e,2018-08-09 08:27:54,146.01,531,2018-08-08 19:38:41
7d13fca15225358621be4086e1eb0964,7796f39e1b16dacb03e333547d3c2252,2018-08-09 09:57:21,146.01,532,2018-08-09 08:27:54
7d13fca15225358621be4086e1eb0964,3ec5435a1c3bff282e994441ee5ee69d,2018-08-09 11:45:34,146.0,533,2018-08-09 09:57:21
7d13fca15225358621be4086e1eb0964,9c044ffd93c708557b82ad51947070b6,2018-08-10 10:42:26,155.0,534,2018-08-09 11:45:34
7d13fca15225358621be4086e1eb0964,a5477627582780f6c347026e9c8ae0eb,2018-08-10 14:48:24,146.0,535,2018-08-10 10:42:26
7d13fca15225358621be4086e1eb0964,46578f80407b94504c78f7702292e789,2018-08-10 21:34:11,185.0,536,2018-08-10 14:48:24
7d13fca15225358621be4086e1eb0964,25b07f3f8652eeb49c6badad653a014b,2018-08-11 14:20:29,550.0,537,2018-08-10 21:34:11
7d13fca15225358621be4086e1eb0964,c41800e56afef4cea003d192653b8c8e,2018-08-11 20:02:15,157.0,538,2018-08-11 14:20:29
7d13fca15225358621be4086e1eb0964,bca32e22d44a9179359d3ee73a26ce49,2018-08-12 16:14:44,143.8,539,2018-08-11 20:02:15
7d13fca15225358621be4086e1eb0964,c66e755acf913956ae3838e2c73e962b,2018-08-13 08:56:08,143.8,540,2018-08-12 16:14:44
7d13fca15225358621be4086e1eb0964,4582ccfc1e48008cde73b10eb9a6e9e2,2018-08-13 14:16:50,199.6,541,2018-08-13 08:56:08
7d13fca15225358621be4086e1eb0964,c9c382f83e175303a797ca7de7240679,2018-08-14 09:58:16,157.0,542,2018-08-13 14:16:50
7d13fca15225358621be4086e1eb0964,c9c727aec325e060789405c422a90c1d,2018-08-14 10:03:27,110.65,543,2018-08-14 09:58:16
7d13fca15225358621be4086e1eb0964,a74094da6741c43e6cdd5fc25ca3ff98,2018-08-14 15:00:32,300.0,544,2018-08-14 10:03:27
7d13fca15225358621be4086e1eb0964,d03428478ca1e760e9c5898acc54665f,2018-08-14 22:23:39,199.6,545,2018-08-14 15:00:32
7d13fca15225358621be4086e1eb0964,95149a14172495a0aef0ac5c59f95d1c,2018-08-15 18:28:37,243.0,546,2018-08-14 22:23:39
7d13fca15225358621be4086e1eb0964,f3f13f75c34a679c5006108acf61e0da,2018-08-15 19:48:47,125.46,547,2018-08-15 18:28:37
7d13fca15225358621be4086e1eb0964,789efe01c5431a828ed0f537a7057016,2018-08-15 21:56:38,510.99,548,2018-08-15 19:48:47
7d13fca15225358621be4086e1eb0964,3b4a2b377fe671156cd586637d974f3f,2018-08-15 22:41:12,146.0,549,2018-08-15 21:56:38
7d13fca15225358621be4086e1eb0964,37877918d022198d7516624a45572923,2018-08-18 06:34:01,110.65,550,2018-08-15 22:41:12
7d13fca15225358621be4086e1eb0964,ae9c1a169307f41300da36a754117779,2018-08-18 13:04:08,175.0,551,2018-08-18 06:34:01
7d13fca15225358621be4086e1eb0964,c557d8e5e437bc8ab2f3240b65a97e27,2018-08-18 15:11:40,146.01,552,2018-08-18 13:04:08
7d13fca15225358621be4086e1eb0964,00e365f4fc03d1098841af23d05c17a6,2018-08-20 09:40:45,175.0,553,2018-08-18 15:11:40
7d13fca15225358621be4086e1eb0964,29167b624a7980a896eefbf16c7c3974,2018-08-20 21:05:03,430.0,554,2018-08-20 09:40:45
7d13fca15225358621be4086e1eb0964,919baca007d9525b6668c18f79a33197,2018-08-21 12:26:53,146.01,555,2018-08-20 21:05:03
7d13fca15225358621be4086e1eb0964,685fba1a5551ac4728f304d9afc1b826,2018-08-24 16:10:44,160.0,556,2018-08-21 12:26:53
7d13fca15225358621be4086e1eb0964,bdefd25a848afe646dfd9751002facdf,2018-08-24 17:06:31,220.0,557,2018-08-24 16:10:44
7d13fca15225358621be4086e1eb0964,43204c34d259bc75adc3de4d29d26684,2018-08-25 13:51:01,110.65,558,2018-08-24 17:06:31
7d7866a99a8656a42c7ff6352a433410,ddd05f07be2e7c5c7f191e06bb0fbc70,2018-07-03 23:18:04,49.0,1,
7d7866a99a8656a42c7ff6352a433410,c623390ada8c2e0bc96506ee6d9d0667,2018-07-10 18:46:09,28.99,2,2018-07-03 23:18:04
7d7866a99a8656a42c7ff6352a433410,438d4df3e56a6ca1618791c7cd1588aa,2018-07-17 09:13:07,22.5,3,2018-07-10 18:46:09
7d7866a99a8656a42c7ff6352a433410,00faa6afcde74aaa630e1d2fda2bb0f7,2018-08-01 13:24:27,22.5,4,2018-07-17 09:13:07
7d7866a99a8656a42c7ff6352a433410,03ef5dedbe7492bdae72eec50764c43f,2018-08-29 14:52:00,24.9,5,2018-08-01 13:24:27
7d7d2b7a51328016102d4528c411d630,d889189b765c3c0257ebfbb1ddc34770,2018-04-07 18:26:07,262.0,1,
7d7d2b7a51328016102d4528c411d630,6de5a0e5c8bf990d17c674d09fbaf1fb,2018-04-16 00:10:43,49.9,2,2018-04-07 18:26:07
7d7d2b7a51328016102d4528c411d630,65bf80b7cf4363113089bc022bfef891,2018-04-22 11:47:34,52.9,3,2018-04-16 00:10:43
7d7d2b7a51328016102d4528c411d630,b987bb067d534c991de69cf0c67e9188,2018-07-18 08:41:45,95.0,4,2018-04-22 11:47:34
7d7d2b7a51328016102d4528c411d630,f86672be5bf85864e88a08f231b43c2d,2018-07-19 09:56:25,179.0,5,2018-07-18 08:41:45
7d7d2b7a51328016102d4528c411d630,ef2ae6f6dbd9a78f9634b9fe22b0bee7,2018-08-05 13:49:08,105.0,6,2018-07-19 09:56:25
7d7d2b7a51328016102d4528c411d630,90c6e60786251825a184d18d6a4718bb,2018-08-18 08:17:21,175.0,7,2018-08-05 13:49:08
7d81e74a4755b552267cd5e081563028,ed0800d9508fd0139f95a3934a4802aa,2018-08-20 13:31:30,32.5,1,
7f5e4d5efad7e44b91115dd1decb65f3,cd796930ba8c7ed14c79e469aa87c22a,2018-05-07 12:46:18,59.9,1,
7f5e4d5efad7e44b91115dd1decb65f3,a92bb0beb3fd226d50671cf17587f289,2018-07-26 14:26:07,90.0,2,2018-05-07 12:46:18
7f5e4d5efad7e44b91115dd1decb65f3,216b8ce59251043404cc3b15cff651fc,2018-07-29 05:12:32,30.0,3,2018-07-26 14:26:07
7fc87cc3e89b3d1d5cabdca32f8485aa,e4b2030986f453ba45c63a508073e3d3,2018-05-02 12:35:31,129.0,1,
7fc87cc3e89b3d1d5cabdca32f8485aa,e75ef7ac6943083f9e83d1968f127420,2018-05-06 03:24:19,129.0,2,2018-05-02 12:35:31
7fc87cc3e89b3d1d5cabdca32f8485aa,cc95eaf941bbc816437c4eb324a6709a,2018-05-20 12:30:28,210.9,3,2018-05-06 03:24:19
7fc87cc3e89b3d1d5cabdca32f8485aa,4852f370542e79ecd0ad9671dfcbc91b,2018-05-24 14:13:49,129.0,4,2018-05-20 12:30:28
7fc87cc3e89b3d1d5cabdca32f8485aa,b06d6a76d26b5692a9a6f974dde874ec,2018-05-31 04:43:44,210.9,5,2018-05-24 14:13:49
7fc87cc3e89b3d1d5cabdca32f8485aa,6d710101fb9f067dd5385ea1b6021946,2018-05-31 10:16:12,13.9,6,2018-05-31 04:43:44
7fc87cc3e89b3d1d5cabdca32f8485aa,70870c95b39ec198376912f2c1ac8aad,2018-06-28 13:33:06,189.9,7,2018-05-31 10:16:12
7fc87cc3e89b3d1d5cabdca32f8485aa,214e3e63d08a54a0670daa8ce72df870,2018-07-16 18:18:52,129.9,8,2018-06-28 13:33:06
7fc87cc3e89b3d1d5cabdca32f8485aa,9254ea56fb8aecea0b411b6a605e0ebb,2018-07-19 16:56:49,210.9,9,2018-07-16 18:18:52
7fc87cc3e89b3d1d5cabdca32f8485aa,d9952ada4955694cae66806b7d5ac6ca,2018-07-20 18:47:18,59.9,10,2018-07-19 16:56:49
7fc87cc3e89b3d1d5cabdca32f8485aa,a103620b14c5f66c4a0f9c14a1327377,2018-07-24 16:30:02,179.9,11,2018-07-20 18:47:18
7fc87cc3e89b3d1d5cabdca32f8485aa,8a7c3a3a48dbc1c76fb4e7e5844d5584,2018-07-25 13:00:01,209.9,12,2018-07-24 16:30:02
7fc87cc3e89b3d1d5cabdca32f8485aa,6fea02b03afef8797df7b9fd8efb3f5f,2018-07-30 09:31:34,210.9,13,2018-07-25 13:00:01
7fc87cc3e89b3d1d5cabdca32f8485aa,bc839831ba2010861cf9e75ed8f1306f,2018-08-02 12:06:29,139.9,14,2018-07-30 09:31:34
7ff588a03c2aeae4fbd23f9ae64b760d,4f53691b758958dca780dbbe19dad2ab,2018-06-06 08:34:53,38.67,1,
7ff588a03c2aeae4fbd23f9ae64b760d,96006ddb955ba7f1a9e86d986f6149f3,2018-06-28 02:01:20,28.56,2,2018-06-06 08:34:53
7ff588a03c2aeae4fbd23f9ae64b760d,b446a93ccd5bf1a2c97c4fe3cdfe2707,2018-07-05 10:02:18,58.019999999999996,3,2018-06-28 02:01:20
7ff588a03c2aeae4fbd23f9ae64b760d,c78b50d1c5ddfed2a5394dd0e90c4e99,2018-07-10 15:08:54,56.54,4,2018-07-05 10:02:18
7ff588a03c2aeae4fbd23f9ae64b760d,12052ac6aa067434388199224c0f11bc,2018-07-31 13:16:33,89.99,5,2018-07-10 15:08:54
7ff588a03c2aeae4fbd23f9ae64b760d,6b51309cb191abb919de57f626c06719,2018-08-02 22:00:40,545.98,6,2018-07-31 13:16:33
7ff588a03c2aeae4fbd23f9ae64b760d,efa2e42246bfe580af1b33ae96edc78b,2018-08-06 12:42:34,28.56,7,2018-08-02 22:00:40
7ff588a03c2aeae4fbd23f9ae64b760d,7c62cf0327c291a9f3d7d3394b4c0166,2018-08-12 17:13:52,58.0,8,2018-08-06 12:42:34
7ff588a03c2aeae4fbd23f9ae64b760d,25461ae3c4bf9bf6e41a3a163f763c8f,2018-08-12 20:52:52,56.54,9,2018-08-12 17:13:52
7ff588a03c2aeae4fbd23f9ae64b760d,ffc0249fed109d5d056d7c79b7fa7dd9,2018-08-13 14:32:07,24.99,10,2018-08-12 20:52:52
7ff588a03c2aeae4fbd23f9ae64b760d,c7c04230198e37566eee8abf31314112,2018-08-13 22:26:53,24.99,11,2018-08-13 14:32:07
7ff588a03c2aeae4fbd23f9ae64b760d,9afb4dbb97ba2e4b69f72df48c4cf901,2018-08-14 10:01:17,69.7,12,2018-08-13 22:26:53
7ff588a03c2aeae4fbd23f9ae64b760d,f3d1138add2934e968eaa91ce26da835,2018-08-20 19:44:22,62.99,13,2018-08-14 10:01:17
7ff588a03c2aeae4fbd23f9ae64b760d,ebac8364f6f97c06df19ad674a12b359,2018-08-26 21:47:50,38.67,14,2018-08-20 19:44:22
83c465a786b06574376909b35ef6752a,ddc18af6ae773bf05e10a4f26aaf0b33,2018-06-25 20:24:55,93.8,1,
83c465a786b06574376909b35ef6752a,5ded6a13b2bbe76839104c57159463b3,2018-07-06 16:27:29,93.8,2,2018-06-25 20:24:55
83c465a786b06574376909b35ef6752a,1a7a280eca13140d779d2f43ea48c15f,2018-08-16 18:56:19,93.8,3,2018-07-06 16:27:29
845e8036c3f7bf62099352f5ed910240,4087849bcc671e4fd0e10770daa7bff2,2018-05-25 22:07:54,51.9,1,
845e8036c3f7bf62099352f5ed910240,bee8e1ed5119e2f2a4bfb408ab6ab177,2018-05-27 22:26:57,197.8,2,2018-05-25 22:07:54
845e8036c3f7bf62099352f5ed910240,06bb67936cfa5ac3f449e4f6733de4b1,2018-06-10 17:36:44,69.9,3,2018-05-27 22:26:57
845e8036c3f7bf62099352f5ed910240,51de77120c854253873cebe912d4d46b,2018-06-10 22:58:41,49.9,4,2018-06-10 17:36:44
845e8036c3f7bf62099352f5ed910240,30dbde4bdf3bc12594c469bc67159a8d,2018-06-21 19:29:33,139.8,5,2018-06-10 22:58:41
845e8036c3f7bf62099352f5ed910240,e46cc1d437cb15e5f95230f2eabaca67,2018-07-01 19:53:27,49.9,6,2018-06-21 19:29:33
845e8036c3f7bf62099352f5ed910240,711394bfbb9d7d943d8de2ddc5f59f23,2018-07-02 17:11:15,74.9,7,2018-07-01 19:53:27
845e8036c3f7bf62099352f5ed910240,cfac0d6ffa23400c25da017e69a17370,2018-07-20 10:07:02,98.9,8,2018-07-02 17:11:15
845e8036c3f7bf62099352f5ed910240,897885c5e0c8df643675e163c1af79f8,2018-07-23 11:24:22,49.9,9,2018-07-20 10:07:02
845e8036c3f7bf62099352f5ed910240,05f5cfec67106e59d6280f62c4792d25,2018-07-26 10:20:44,49.9,10,2018-07-23 11:24:22
845e8036c3f7bf62099352f5ed910240,fd0d8a359529c8fc086392d5b309d9ba,2018-07-28 04:57:48,49.9,11,2018-07-26 10:20:44
845e8036c3f7bf62099352f5ed910240,2f469266d0a5336ac76d2068ef1c9f2f,2018-07-30 09:52:40,49.9,12,2018-07-28 04:57:48
845e8036c3f7bf62099352f5ed910240,07808f3f87407774955a7ceb2f4fe5d2,2018-08-01 18:54:32,85.9,13,2018-07-30 09:52:40
845e8036c3f7bf62099352f5ed910240,ec3a30c1155fb62e7f0067107c94b83e,2018-08-01 19:38:31,149.9,14,2018-08-01 18:54:32
845e8036c3f7bf62099352f5ed910240,dc54f7ab58e8feced89cf7f0bb97fc77,2018-08-05 13:36:14,49.9,15,2018-08-01 19:38:31
845e8036c3f7bf62099352f5ed910240,848cde78cd7e1fb3095502b79217a7ce,2018-08-09 15:53:34,99.8,16,2018-08-05 13:36:14
845e8036c3f7bf62099352f5ed910240,4ed418ef4e45eb8f9b22aee4366e9541,2018-08-10 18:04:14,48.9,17,2018-08-09 15:53:34
845e8036c3f7bf62099352f5ed910240,31f8013402a0749b3ab433b1aee11754,2018-08-14 21:20:19,26.9,18,2018-08-10 18:04:14
845e8036c3f7bf62099352f5ed910240,674ad026128b13d3d0c0bd4a6e0b66c6,2018-08-16 20:55:38,44.9,19,2018-08-14 21:20:19
845e8036c3f7bf62099352f5ed910240,3d256d368580c4cc0dc2b5fc606f1e57,2018-08-18 12:20:25,59.9,20,2018-08-16 20:55:38
845e8036c3f7bf62099352f5ed910240,ccec592b58e122dc2bfc2305152d9603,2018-08-24 16:35:15,85.9,21,2018-08-18 12:20:25
8476243f92442881ddd5b578975cf115,6b3138748728fe92cf423b0abf199c8b,2018-03-14 10:12:48,829.0,1,
8476243f92442881ddd5b578975cf115,5e53ec687d157b73f86dba72cbb74056,2018-03-14 15:24:06,829.0,2,2018-03-14 10:12:48
8476243f92442881ddd5b578975cf115,525c4dbcaecd35a5fac2e4053589df08,2018-03-15 11:54:21,829.0,3,2018-03-14 15:24:06
8476243f92442881ddd5b578975cf115,a731c3a7a6915d1e0a711b745f73bc49,2018-04-06 23:50:19,1129.0,4,2018-03-15 11:54:21
8476243f92442881ddd5b578975cf115,515ad53b1bdf1d9da25e0c1079a1b242,2018-05-17 00:18:46,79.0,5,2018-04-06 23:50:19
8476243f92442881ddd5b578975cf115,db423937d76a5fd5863a04a19d564449,2018-05-20 17:57:38,849.0,6,2018-05-17 00:18:46
8476243f92442881ddd5b578975cf115,79265dc37c62974d65c0675a5501e127,2018-07-17 17:26:36,649.0,7,2018-05-20 17:57:38
8476243f92442881ddd5b578975cf115,c8a213120beabf236f804ec4212fe950,2018-07-23 10:12:13,79.0,8,2018-07-17 17:26:36
8476243f92442881ddd5b578975cf115,d762e245b7d93fe1fc56d6ed89782027,2018-08-04 11:44:26,649.0,9,2018-07-23 10:12:13
8476243f92442881ddd5b578975cf115,35bc592a16d6706d14d29f07ed1d13c1,2018-08-11 15:41:42,639.0,10,2018-08-04 11:44:26
8476243f92442881ddd5b578975cf115,3552fddd13638d37dc6749a36ac7e589,2018-08-11 19:20:35,639.0,11,2018-08-11 15:41:42
8476243f92442881ddd5b578975cf115,1612ae3dcb046a0628552c76e5462632,2018-08-14 17:50:05,639.0,12,2018-08-11 19:20:35
85044848b1b767db2a4a58526adef4b4,5f2f3348a05e38d5f31b04f858c606f4,2018-04-07 19:30:17,104.9,1,
85044848b1b767db2a4a58526adef4b4,28bd33366e2139b089b6a34b70176d15,2018-05-11 14:21:33,19.9,2,2018-04-07 19:30:17
85044848b1b767db2a4a58526adef4b4,d6f81c5ff8389221e5c1d73ba937d7f9,2018-06-11 18:27:03,19.9,3,2018-05-11 14:21:33
85044848b1b767db2a4a58526adef4b4,1f42f4d540bb667dcd3bde1a50c9e442,2018-07-13 14:02:37,95.9,4,2018-06-11 18:27:03
850913d59ce317156b00f3705f1c3edb,793353e9c611a9aab6769fecbc7c65fd,2018-03-07 12:24:36,135.0,1,
850913d59ce317156b00f3705f1c3edb,dcd34cfe646e335b341fe9be82eddfee,2018-03-09 02:12:03,49.0,2,2018-03-07 12:24:36
850913d59ce317156b00f3705f1c3edb,cc1ddc7d7f30076a8cf87d86eecd6606,2018-03-09 21:08:50,49.0,3,2018-03-09 02:12:03
850913d59ce317156b00f3705f1c3edb,de1f63780a06d4800d094e9875c89ac5,2018-03-10 10:04:03,98.0,4,2018-03-09 21:08:50
850913d59ce317156b00f3705f1c3edb,2526fad09d8d63162755823fcf8d610f,2018-03-11 20:08:03,42.0,5,2018-03-10 10:04:03
850913d59ce317156b00f3705f1c3edb,4bea7c11bcf3f690cb3feee7b57a1e98,2018-03-13 14:16:12,59.0,6,2018-03-11 20:08:03
850913d59ce317156b00f3705f1c3edb,653a2ccc6028ee6e10f893c52c4201d0,2018-03-15 09:29:49,42.0,7,2018-03-13 14:16:12
850913d59ce317156b00f3705f1c3edb,44b7e745838a4567bea39348717073cb,2018-03-15 19:25:20,42.0,8,2018-03-15 09:29:49
850913d59ce317156b00f3705f1c3edb,dfb7ad2750d51f15a654d8734414a6f4,2018-03-17 20:00:51,42.0,9,2018-03-15 19:25:20
850913d59ce317156b00f3705f1c3edb,0b573ab05f5976a357a60e0d981b4327,2018-03-21 15:37:53,42.0,10,2018-03-17 20:00:51
850913d59ce317156b00f3705f1c3edb,cfeeea2d9febd146693ff38c33b0b2b8,2018-03-30 15:54:59,42.0,11,2018-03-21 15:37:53
850913d59ce317156b00f3705f1c3edb,bbf8379df25b807eb1dabc84d060f8a2,2018-04-03 13:49:05,155.0,12,2018-03-30 15:54:59
850913d59ce317156b00f3705f1c3edb,dee19a9ea2f63ca372aed6147e959b0c,2018-04-04 11:32:04,42.0,13,2018-04-03 13:49:05
850913d59ce317156b00f3705f1c3edb,736781fe643ac5d2d2b468bcfe193adc,2018-04-07 10:40:01,70.0,14,2018-04-04 11:32:04
850913d59ce317156b00f3705f1c3edb,0cd0056af7a12a71349c17f4114acb3f,2018-04-07 15:08:55,195.0,15,2018-04-07 10:40:01
850913d59ce317156b00f3705f1c3edb,bf4224a194089b88ebdaeda0a49ca9ea,2018-04-13 14:50:08,42.0,16,2018-04-07 15:08:55
850913d59ce317156b00f3705f1c3edb,dfbd932bdc2738f490b6969edb6f6919,2018-04-14 16:20:24,42.0,17,2018-04-13 14:50:08
850913d59ce317156b00f3705f1c3edb,87cb6bc6178f0a340e40123b7b042243,2018-04-14 20:19:07,42.0,18,2018-04-14 16:20:24
850913d59ce317156b00f3705f1c3edb,d73917ec36e8910a0bcaae1bd54ee0d4,2018-04-15 19:23:38,195.0,19,2018-04-14 20:19:07
850913d59ce317156b00f3705f1c3edb,6f51907687d51529d5d0a147cf761f0c,2018-04-17 08:45:43,65.0,20,2018-04-15 19:23:38
850913d59ce317156b00f3705f1c3edb,a1bb68068326efb8e9c0bfa0e0a02466,2018-04-24 16:29:58,42.0,21,2018-04-17 08:45:43
850913d59ce317156b00f3705f1c3edb,96d88a64577266cc2aad81a6ec153d72,2018-04-27 16:49:08,195.0,22,2018-04-24 16:29:58
850913d59ce317156b00f3705f1c3edb,ce92e21e5a1332b68afdf06370bc6657,2018-05-02 11:34:39,42.0,23,2018-04-27 16:49:08
850913d59ce317156b00f3705f1c3edb,dc92d883dd189c16557a2d1cea609de3,2018-05-02 14:31:59,49.0,24,2018-05-02 11:34:39
850913d59ce317156b00f3705f1c3edb,0bcb914e60bb0de6160699483722bc0d,2018-05-06 19:50:08,42.0,25,2018-05-02 14:31:59
850913d59ce317156b00f3705f1c3edb,d4236cd9c71d25ffcca42552d55db6f3,2018-06-10 14:33:44,42.0,26,2018-05-06 19:50:08
850913d59ce317156b00f3705f1c3edb,42bfc988bbf084b1a7931003522a3ba6,2018-06-20 21:00:41,42.0,27,2018-06-10 14:33:44
850913d59ce317156b00f3705f1c3edb,2130488399245a8d0444111813b29d86,2018-06-22 00:30:59,190.0,28,2018-06-20 21:00:41
850913d59ce317156b00f3705f1c3edb,1b7120c62e8d21f1ee396c4c465101ed,2018-07-27 16:20:49,49.0,29,2018-06-22 00:30:59
85ecf03781da592876b7844acc1b729f,6370f4288632ef7c6da3672d12f5ba40,2018-07-18 15:14:15,92.0,1,
85ecf03781da592876b7844acc1b729f,3ba790c8d2e841929c346e8da5c6abed,2018-08-04 22:12:46,159.0,2,2018-07-18 15:14:15
86ff3eaef0267069cc891a2ed9d10a17,68cb8888858976265e5e4110f76574b3,2018-04-17 15:19:13,22.49,1,
86ff3eaef0267069cc891a2ed9d10a17,cd2a97948b841f4702799b800b8e5b29,2018-04-19 15:00:32,82.49,2,2018-04-17 15:19:13
86ff3eaef0267069cc891a2ed9d10a17,dba2f75a725a75eb4c18afc504088084,2018-04-30 12:08:11,34.9,3,2018-04-19 15:00:32
86ff3eaef0267069cc891a2ed9d10a17,16bdfd2bf4770d0648de769d3fc71cda,2018-05-02 20:39:23,34.9,4,2018-04-30 12:08:11
86ff3eaef0267069cc891a2ed9d10a17,bc7de38480db075d6d2688333888e8f5,2018-05-31 09:04:01,169.99,5,2018-05-02 20:39:23
86ff3eaef0267069cc891a2ed9d10a17,ed31c8b147c3a1c2c9e0eabf0f441605,2018-06-20 03:18:34,19.99,6,2018-05-31 09:04:01
86ff3eaef0267069cc891a2ed9d10a17,da9e241d42acffe7f3a590e13f030df0,2018-07-08 21:08:26,44.99,7,2018-06-20 03:18:34
87d3c3aeb3ead335511b3ce315eb341e,eaa57ad5c8ee40c146f63a96ebe98295,2018-06-13 14:35:29,14.99,1,
87d3c3aeb3ead335511b3ce315eb341e,ecc8938463a0c1e33dc2b5d4e1139146,2018-06-18 23:25:55,25.99,2,2018-06-13 14:35:29
87d3c3aeb3ead335511b3ce315eb341e,fbea1a61473aa3cc30e0a617aa72b70c,2018-06-19 19:36:57,27.49,3,2018-06-18 23:25:55
87d3c3aeb3ead335511b3ce315eb341e,4048feff4f2e6e394bcaf4981d27a9bd,2018-06-25 11:59:16,101.99,4,2018-06-19 19:36:57
87d3c3aeb3ead335511b3ce315eb341e,e4272316e0c554e6648e2148434abd44,2018-06-28 10:31:49,30.99,5,2018-06-25 11:59:16
87d3c3aeb3ead335511b3ce315eb341e,cea25ef7695cbbf27888da010e3ddd2a,2018-06-29 14:24:39,46.99,6,2018-06-28 10:31:49
87d3c3aeb3ead335511b3ce315eb341e,1d2c5463089cdcd251914b1c08a4d103,2018-06-30 11:10:38,105.99,7,2018-06-29 14:24:39
87d3c3aeb3ead335511b3ce315eb341e,cd152c10c2b137322bd87555c0553c16,2018-07-04 15:22:38,79.99,8,2018-06-30 11:10:38
87d3c3aeb3ead335511b3ce315eb341e,d8477e03a0b0c97723a5221b2044f68e,2018-07-15 22:36:39,99.99,9,2018-07-04 15:22:38
87d3c3aeb3ead335511b3ce315eb341e,4055525efb230dfd940236b7888f2012,2018-07-19 11:18:36,19.99,10,2018-07-15 22:36:39
87d3c3aeb3ead335511b3ce315eb341e,f2b150da2994a9a654a8af90977b9cc9,2018-07-20 11:28:01,79.99,11,2018-07-19 11:18:36
87d3c3aeb3ead335511b3ce315eb341e,32dd7913bfe4d7f0647e7d5a5e711f2d,2018-07-28 22:50:20,14.99,12,2018-07-20 11:28:01
87d3c3aeb3ead335511b3ce315eb341e,115faf732ae2a6adbc96dc35069621e5,2018-08-05 16:01:47,14.99,13,2018-07-28 22:50:20
87d3c3aeb3ead335511b3ce315eb341e,710ad9913c5b4fc7c5d5a890082b1029,2018-08-07 10:11:57,69.99,14,2018-08-05 16:01:47
87d3c3aeb3ead335511b3ce315eb341e,a306afa8587ad4c42f5a1c62184673a8,2018-08-17 07:44:54,14.99,15,2018-08-07 10:11:57
87d73636a3acf123e842bb890a4db036,a5546177a26b3a3c1f39c7c7225a0e75,2018-07-25 15:17:58,269.9,1,
880ce4951cf857ab1d9e0b75c1d856f4,f94765982f45d2bae74c9cbf55d37387,2018-02-13 21:06:34,178.9,1,
88cd3681e0a2ba85e190f7d817629c4c,3ffa506c19577dce30f9dbce07028c38,2018-08-15 21:09:19,180.0,1,
88cf19ec1fc2c58f161aee259d57142c,ea64e33ee8ce74c882574ddc97a4f10e,2018-05-20 17:16:24,130.0,1,
88cf19ec1fc2c58f161aee259d57142c,5e833b9eafdac5a15f42dc98f8753607,2018-05-31 09:59:14,20.0,2,2018-05-20 17:16:24
88cf19ec1fc2c58f161aee259d57142c,6eea01cfbca90a278819c163602d0a69,2018-07-11 20:39:49,65.0,3,2018-05-31 09:59:14
88cf19ec1fc2c58f161aee259d57142c,4cc5e8564e986df9c0189d125236a10a,2018-07-22 11:48:27,200.0,4,2018-07-11 20:39:49
88cf19ec1fc2c58f161aee259d57142c,964d7960d6a2fad0dbe19f9365bfac2d,2018-07-24 09:46:25,134.99,5,2018-07-22 11:48:27
88cf19ec1fc2c58f161aee259d57142c,9c957591bcb898e6250cde437b938d95,2018-07-24 09:46:25,134.99,6,2018-07-24 09:46:25
88cf19ec1fc2c58f161aee259d57142c,082730bdb06cc2b755fbb33becd6ccec,2018-07-24 23:00:55,30.0,7,2018-07-24 09:46:25
88cf19ec1fc2c58f161aee259d57142c,aef6b0710f2fdb5f533cb64fc94f2fe4,2018-07-25 14:46:54,134.99,8,2018-07-24 23:00:55
88cf19ec1fc2c58f161aee259d57142c,67660568d9fc745c94e03b88efcf3571,2018-08-05 14:31:25,90.0,9,2018-07-25 14:46:54
88cf19ec1fc2c58f161aee259d57142c,6fd7aad38ed11be7812e861b8947f7d4,2018-08-08 13:12:51,55.0,10,2018-08-05 14:31:25
88cf19ec1fc2c58f161aee259d57142c,80e623f868d3e6dfcdbd8d68b1f02227,2018-08-14 11:45:20,60.0,11,2018-08-08 13:12:51
88cf19ec1fc2c58f161aee259d57142c,94895f7d1c2013757411b7ea098bd37e,2018-08-14 16:06:30,43.0,12,2018-08-14 11:45:20
88cf19ec1fc2c58f161aee259d57142c,104b23439f7dc2291659a26f2237abdc,2018-08-17 14:54:57,200.0,13,2018-08-14 16:06:30
88cf19ec1fc2c58f161aee259d57142c,6cc8ea41e721d4a32913da4bb2179069,2018-08-20 18:44:49,75.0,14,2018-08-17 14:54:57
88ef59b51bdaa941d10a853429f2b6ce,1534266375dc7e304dd7e81942cb25cd,2018-07-04 14:05:12,229.0,1,
88ef59b51bdaa941d10a853429f2b6ce,6d5b02afa38b0682ac9c0ca1cc98b463,2018-08-18 20:16:45,23.9,2,2018-07-04 14:05:12
89757206b887aed36f3e18d858460fea,30eeb34e0eedff2e265d8e144a3b8c51,2018-05-03 11:45:49,81.0,1,
89757206b887aed36f3e18d858460fea,89ca163ca854eaee18b4ba6110f524fe,2018-07-04 21:45:50,39.5,2,2018-05-03 11:45:49
89a51f50b8095ea78d5768f34c13a76f,675b1c40d6b0d4397714c1087eeafb01,2018-04-24 15:34:42,14.8,1,
89a51f50b8095ea78d5768f34c13a76f,8ee5be155201411ad345c45727c600d4,2018-04-24 21:49:57,19.9,2,2018-04-24 15:34:42
89a51f50b8095ea78d5768f34c13a76f,54f3086920092b6c1d80c5db5361e937,2018-04-30 11:07:12,193.5,3,2018-04-24 21:49:57
89a51f50b8095ea78d5768f34c13a76f,0f3358d8ff329783796c1876bf8aa920,2018-05-03 19:56:11,77.96,4,2018-04-30 11:07:12
89a51f50b8095ea78d5768f34c13a76f,15ac0c27c404a6601dc7a613faddc813,2018-05-14 15:06:35,10.0,5,2018-05-03 19:56:11
89a51f50b8095ea78d5768f34c13a76f,c9076d0a5b9df9fd2e5e808fff91f425,2018-05-15 17:51:09,34.9,6,2018-05-14 15:06:35
89a51f50b8095ea78d5768f34c13a76f,28d14a9fb1c0c5e0667fd9ed3834eb5e,2018-05-18 13:56:53,70.9,7,2018-05-15 17:51:09
89a51f50b8095ea78d5768f34c13a76f,dcb36b511fcac050b97cd5c05de84dc3,2018-06-07 19:03:12,132.4,8,2018-05-18 13:56:53
89a51f50b8095ea78d5768f34c13a76f,161e8319860a634de1d366b52f246f8e,2018-06-12 12:08:29,70.9,9,2018-06-07 19:03:12
89a51f50b8095ea78d5768f34c13a76f,29215b35ce6dc3c65c05c30d6e736e65,2018-07-31 20:54:09,51.9,10,2018-06-12 12:08:29
8a432f4e5b471f8da497d7dc517666e2,b16d1a2fcbe45897eb78950e1b542c63,2018-04-05 11:05:44,59.0,1,
8a432f4e5b471f8da497d7dc517666e2,9eefad52e5b37dc3e94fc823d63057b5,2018-04-13 09:32:23,89.0,2,2018-04-05 11:05:44
8a432f4e5b471f8da497d7dc517666e2,8559fd18b5af843c5ee613c3b4b1bb95,2018-04-13 17:38:50,110.0,3,2018-04-13 09:32:23
8a432f4e5b471f8da497d7dc517666e2,28a132c45555139dcd554dfcf6d21ef9,2018-04-14 12:19:21,55.0,4,2018-04-13 17:38:50
8a432f4e5b471f8da497d7dc517666e2,dbc3e6a2a3c9316533f1bdf9f915b132,2018-04-14 16:53:48,55.0,5,2018-04-14 12:19:21
8a432f4e5b471f8da497d7dc517666e2,4020cb1ac77d7c6009ac62522296521b,2018-04-16 19:41:15,297.0,6,2018-04-14 16:53:48
8a432f4e5b471f8da497d7dc517666e2,16a10c94dc005b8e19195327eb853b21,2018-04-20 19:47:03,39.0,7,2018-04-16 19:41:15
8a432f4e5b471f8da497d7dc517666e2,7fc19fa60f9bb0d99b980a47eee3ec28,2018-04-20 20:42:38,69.0,8,2018-04-20 19:47:03
8a432f4e5b471f8da497d7dc517666e2,08ba140da4dd8ad477f0f3e9793edcec,2018-04-23 16:04:18,89.0,9,2018-04-20 20:42:38
8a432f4e5b471f8da497d7dc517666e2,7fd35dbb2e6b19af4c9e7814a650597d,2018-04-26 10:55:15,64.0,10,2018-04-23 16:04:18
8a432f4e5b471f8da497d7dc517666e2,6768cd1c4f84a44f988f7e03ceff5699,2018-05-01 08:29:23,89.0,11,2018-04-26 10:55:15
8a432f4e5b471f8da497d7dc517666e2,6213bd5294a3f8af566aac1eb0b5bce7,2018-05-01 20:35:51,64.0,12,2018-05-01 08:29:23
8a432f4e5b471f8da497d7dc517666e2,1c19fe562ab8176385b8e5fb6566aea2,2018-05-02 22:40:22,110.0,13,2018-05-01 20:35:51
8a432f4e5b471f8da497d7dc517666e2,25329aedc3217909f194254caa1e2bb1,2018-05-03 12:05:59,43.0,14,2018-05-02 22:40:22
8a432f4e5b471f8da497d7dc517666e2,5a87e8c67abd6328a86c6165a91a547d,2018-05-03 16:43:36,59.0,15,2018-05-03 12:05:59
8a432f4e5b471f8da497d7dc517666e2,32df72b9f8dee31b9b3b8b8e31f2ba1d,2018-05-07 20:45:59,89.0,16,2018-05-03 16:43:36
8a432f4e5b471f8da497d7dc517666e2,5a56d595adbe321751c4f42b708ccc35,2018-05-08 13:37:09,64.0,17,2018-05-07 20:45:59
8a432f4e5b471f8da497d7dc517666e2,1367467fb1eec22652fb5bc05c72a73a,2018-05-09 11:38:03,89.0,18,2018-05-08 13:37:09
8a432f4e5b471f8da497d7dc517666e2,562759780fcad12cd40fa0b1311a4ade,2018-05-09 21:31:17,39.0,19,2018-05-09 11:38:03
8a432f4e5b471f8da497d7dc517666e2,9cd2255ff41cdabee2e24bd9ec5b2084,2018-05-10 16:06:01,39.0,20,2018-05-09 21:31:17
8a432f4e5b471f8da497d7dc517666e2,a6b58794fd2ba533359a76c08df576e3,2018-05-14 15:18:23,138.0,21,2018-05-10 16:06:01
8a432f4e5b471f8da497d7dc517666e2,bb459de681cfef5d3484ec88dc2b508f,2018-05-14 15:42:44,89.0,22,2018-05-14 15:18:23
8a432f4e5b471f8da497d7dc517666e2,073049331da5458f61598e5d221f4928,2018-05-15 09:39:35,89.0,23,2018-05-14 15:42:44
8a432f4e5b471f8da497d7dc517666e2,99edc58dc1d02b11403a10338c3a696c,2018-05-15 14:21:56,64.0,24,2018-05-15 09:39:35
8a432f4e5b471f8da497d7dc517666e2,7f42ca48939d07a27919a2a3241ce9a5,2018-05-15 16:03:03,64.0,25,2018-05-15 14:21:56
8a432f4e5b471f8da497d7dc517666e2,16b2fea16c665281ed07933ee9b9f095,2018-05-15 18:11:48,69.0,26,2018-05-15 16:03:03
8a432f4e5b471f8da497d7dc517666e2,72924fab02f94a383308f2c45c916ee8,2018-05-16 00:30:39,39.0,27,2018-05-15 18:11:48
8a432f4e5b471f8da497d7dc517666e2,a8bbfc92aa07f8d418960d1afcaad4c2,2018-05-17 18:51:22,118.0,28,2018-05-16 00:30:39
8a432f4e5b471f8da497d7dc517666e2,890b21d0a6f89b73074c93af0c1c6eec,2018-05-18 13:30:55,55.0,29,2018-05-17 18:51:22
8a432f4e5b471f8da497d7dc517666e2,15f4f97ef2c059f0bbc1da0dd6675532,2018-05-18 15:31:00,46.0,30,2018-05-18 13:30:55
8a432f4e5b471f8da497d7dc517666e2,15b801b0d323da81c4b78fb9b74e7a0e,2018-05-20 21:13:33,49.0,31,2018-05-18 15:31:00
8a432f4e5b471f8da497d7dc517666e2,5b6d41acb7c2e60bf82df4d27888b501,2018-05-25 19:55:32,189.0,32,2018-05-20 21:13:33
8a432f4e5b471f8da497d7dc517666e2,4087849bcc671e4fd0e10770daa7bff2,2018-05-25 22:07:54,110.0,33,2018-05-25 19:55:32
8a432f4e5b471f8da497d7dc517666e2,370cfb4244f1a15b8d60d32fce42c3fd,2018-05-26 12:49:25,89.0,34,2018-05-25 22:07:54
8a432f4e5b471f8da497d7dc517666e2,811c07cfc688fdcbdc6802617db18822,2018-05-28 11:14:09,129.0,35,2018-05-26 12:49:25
8a432f4e5b471f8da497d7dc517666e2,b6ee22c53f26ef8d97d96465c8899e16,2018-05-28 18:47:46,59.0,36,2018-05-28 11:14:09
8a432f4e5b471f8da497d7dc517666e2,bbfb6afc6b09bb994e0093a008ec7675,2018-06-02 18:37:23,64.0,37,2018-05-28 18:47:46
8a432f4e5b471f8da497d7dc517666e2,fb782978193f7e29ff62d9b64c93ff54,2018-06-07 20:42:19,69.0,38,2018-06-02 18:37:23
8a432f4e5b471f8da497d7dc517666e2,c7911a821f0816b0c1345016668c7752,2018-06-08 16:47:20,64.0,39,2018-06-07 20:42:19
8a432f4e5b471f8da497d7dc517666e2,b1b1b0b5750f064412720744d890eaf0,2018-06-11 14:00:46,39.0,40,2018-06-08 16:47:20
8a432f4e5b471f8da497d7dc517666e2,9df989b3f2e35193ee15acb0a5c6964c,2018-06-12 11:45:41,158.0,41,2018-06-11 14:00:46
8a432f4e5b471f8da497d7dc517666e2,c88dcb67671acd5a7aeef76f77cc16f5,2018-06-13 09:40:31,69.0,42,2018-06-12 11:45:41
8a432f4e5b471f8da497d7dc517666e2,97be7604e2c6e1cbccaa1103dbac25ca,2018-06-16 16:01:11,39.0,43,2018-06-13 09:40:31
8a432f4e5b471f8da497d7dc517666e2,812f5bd0b8bf2c0b7a1ca7589cefac73,2018-06-18 08:40:19,89.0,44,2018-06-16 16:01:11
8a432f4e5b471f8da497d7dc517666e2,67295f84fa8af9e57a89d851ccd9cec9,2018-06-18 14:19:46,66.0,45,2018-06-18 08:40:19
8a432f4e5b471f8da497d7dc517666e2,bb3164e0236b64b580d475215f1004d2,2018-06-19 15:12:47,69.0,46,2018-06-18 14:19:46
8a432f4e5b471f8da497d7dc517666e2,593854837f11564ca02e6406198b42c6,2018-06-21 17:39:17,147.0,47,2018-06-19 15:12:47
8a432f4e5b471f8da497d7dc517666e2,3975a2d7a39b69a8af9b8433ad7a4088,2018-06-26 10:35:45,49.0,48,2018-06-21 17:39:17
8a432f4e5b471f8da497d7dc517666e2,c0b467fc5a41347b9e8e6000e3526d21,2018-06-27 09:38:40,59.0,49,2018-06-26 10:35:45
8a432f4e5b471f8da497d7dc517666e2,eb3def506468a28e922792bce17156b0,2018-07-01 13:07:10,49.0,50,2018-06-27 09:38:40
8a432f4e5b471f8da497d7dc517666e2,dde8f1a1964c338a90b168c7fdfa075f,2018-07-02 10:21:34,55.0,51,2018-07-01 13:07:10
8a432f4e5b471f8da497d7dc517666e2,7bda7db3336fe81423dded5d342d4115,2018-07-03 17:57:12,118.0,52,2018-07-02 10:21:34
8a432f4e5b471f8da497d7dc517666e2,ebc45391c3d191ea75a52f6e2201d311,2018-07-04 13:51:48,39.0,53,2018-07-03 17:57:12
8a432f4e5b471f8da497d7dc517666e2,cdf7511b632d2a9b53d70b1e24a45e70,2018-07-04 16:35:27,69.0,54,2018-07-04 13:51:48
8a432f4e5b471f8da497d7dc517666e2,b3298cf726e74882e77238c731e53f30,2018-07-05 11:10:10,89.0,55,2018-07-04 16:35:27
8a432f4e5b471f8da497d7dc517666e2,93ef5624aaaeded1aa197fd63116d902,2018-07-05 20:33:55,43.0,56,2018-07-05 11:10:10
8a432f4e5b471f8da497d7dc517666e2,b93a19a84516997a69f59da9b871d109,2018-07-05 23:42:31,89.0,57,2018-07-05 20:33:55
8a432f4e5b471f8da497d7dc517666e2,6d55fe3b32304e2b54494df5d44379e8,2018-07-19 00:43:16,64.0,58,2018-07-05 23:42:31
8a432f4e5b471f8da497d7dc517666e2,84cedab09d15fbd3bb87956434d61573,2018-07-20 15:57:07,49.0,59,2018-07-19 00:43:16
8a432f4e5b471f8da497d7dc517666e2,7730e06abd27a0f67b9f462ad9bad838,2018-07-20 23:03:32,64.0,60,2018-07-20 15:57:07
8a432f4e5b471f8da497d7dc517666e2,704e4951f9087aea88ee9be9b6188b96,2018-07-23 04:22:07,46.0,61,2018-07-20 23:03:32
8a432f4e5b471f8da497d7dc517666e2,11c9715759819d9b4a3b7708111b3a74,2018-07-25 16:09:10,89.0,62,2018-07-23 04:22:07
8a432f4e5b471f8da497d7dc517666e2,b512ddc51c7e887830f3e11d3a4d0f9f,2018-07-28 21:59:02,59.0,63,2018-07-25 16:09:10
8a432f4e5b471f8da497d7dc517666e2,c39b6a1fcbbad48578181950509b1330,2018-07-29 00:43:55,55.0,64,2018-07-28 21:59:02
8a432f4e5b471f8da497d7dc517666e2,feb78522c340542b5481b11a97a301e1,2018-07-29 23:26:09,89.0,65,2018-07-29 00:43:55
8a432f4e5b471f8da497d7dc517666e2,5fc25db83662b2660bd61440ba3ec9b8,2018-07-31 14:50:52,137.0,66,2018-07-29 23:26:09
8a432f4e5b471f8da497d7dc517666e2,8237160b16b119b5390f8072691974f0,2018-08-01 13:37:13,89.0,67,2018-07-31 14:50:52
8a432f4e5b471f8da497d7dc517666e2,8006b152280a7ed38378fc8eaa989a7c,2018-08-03 14:20:29,64.0,68,2018-08-01 13:37:13
8a432f4e5b471f8da497d7dc517666e2,f0dabde4fd77bc24990f7107e4c46474,2018-08-03 17:17:33,59.0,69,2018-08-03 14:20:29
8a432f4e5b471f8da497d7dc517666e2,1f06e0b20a4b5a839950bf1f9f779957,2018-08-04 21:52:27,69.0,70,2018-08-03 17:17:33
8a432f4e5b471f8da497d7dc517666e2,908227fe95698325710fe450d4b7018c,2018-08-05 00:29:13,69.0,71,2018-08-04 21:52:27
8a432f4e5b471f8da497d7dc517666e2,9d138733c51598bbcd3ea81678facf91,2018-08-07 10:51:07,69.0,72,2018-08-05 00:29:13
8a432f4e5b471f8da497d7dc517666e2,b2d895292b5119d7d9306512de5bfe79,2018-08-07 13:03:49,69.0,73,2018-08-07 10:51:07
8a432f4e5b471f8da497d7dc517666e2,5b4101f533b7c66611b649809ff634b1,2018-08-07 14:44:15,49.0,74,2018-08-07 13:03:49
8a432f4e5b471f8da497d7dc517666e2,2f9615837f509124f0c936dbd93855ac,2018-08-08 10:25:10,69.0,75,2018-08-07 14:44:15
8a432f4e5b471f8da497d7dc517666e2,dab23a46abb860b6b4816df41eacd610,2018-08-08 15:42:27,69.0,76,2018-08-08 10:25:10
8a432f4e5b471f8da497d7dc517666e2,e8b796d802e4323ebd1f364b69141f60,2018-08-08 17:46:56,69.0,77,2018-08-08 15:42:27
8a432f4e5b471f8da497d7dc517666e2,60e04ef7b695b4d6bae420059a317028,2018-08-08 21:41:41,59.0,78,2018-08-08 17:46:56
8a432f4e5b471f8da497d7dc517666e2,013a98b3a668bcef05b98898177f6923,2018-08-11 23:17:37,63.0,79,2018-08-08 21:41:41
8a432f4e5b471f8da497d7dc517666e2,88b27cca63e8b8a0a52eabd8e17cd52c,2018-08-13 00:24:15,69.0,80,2018-08-11 23:17:37
8a432f4e5b471f8da497d7dc517666e2,51bc66830d9248438896664e31f24dec,2018-08-15 18:17:46,69.0,81,2018-08-13 00:24:15
8a432f4e5b471f8da497d7dc517666e2,97d2d4d4e4016a1ea008f1e3a3e35ea5,2018-08-15 20:57:36,46.0,82,2018-08-15 18:17:46
8a432f4e5b471f8da497d7dc517666e2,67f755ebeb35fe46f6e389a1148a0f22,2018-08-16 20:06:10,199.0,83,2018-08-15 20:57:36
8a432f4e5b471f8da497d7dc517666e2,34eb956c071a90d711a9042a0fd9f2f1,2018-08-17 08:36:26,69.0,84,2018-08-16 20:06:10
8a432f4e5b471f8da497d7dc517666e2,ef3786e4b943b9f011be07df94558161,2018-08-17 23:14:48,89.0,85,2018-08-17 08:36:26
8a432f4e5b471f8da497d7dc517666e2,cd4b3eb02a077e4c51607df950c8237b,2018-08-18 17:40:35,39.0,86,2018-08-17 23:14:48
8a432f4e5b471f8da497d7dc517666e2,30f6b446907427d28df6c87fe5ef5947,2018-08-19 15:16:58,69.0,87,2018-08-18 17:40:35
8a432f4e5b471f8da497d7dc517666e2,e151550ba97ec3c6c86f7de205371930,2018-08-19 20:45:16,138.0,88,2018-08-19 15:16:58
8a432f4e5b471f8da497d7dc517666e2,0718634f87a84ae0468224ecca3584d1,2018-08-20 17:33:26,139.0,89,2018-08-19 20:45:16
8a432f4e5b471f8da497d7dc517666e2,dfc5bd74d2e77292cdd66e032ac3cae2,2018-08-21 17:43:47,79.0,90,2018-08-20 17:33:26
8a432f4e5b471f8da497d7dc517666e2,09c55723561623b19ad72cf0299d58bc,2018-08-22 09:42:27,178.0,91,2018-08-21 17:43:47
8a432f4e5b471f8da497d7dc517666e2,7f01243bfbb619e73796571192245fce,2018-08-23 14:14:37,89.0,92,2018-08-22 09:42:27
8a432f4e5b471f8da497d7dc517666e2,ccec592b58e122dc2bfc2305152d9603,2018-08-24 16:35:15,89.0,93,2018-08-23 14:14:37
8a432f4e5b471f8da497d7dc517666e2,931ca162115da049cd8d7872b3667163,2018-08-25 08:35:56,68.0,94,2018-08-24 16:35:15
8a432f4e5b471f8da497d7dc517666e2,1776f9cc0f976e7aa0e8372a5325c41a,2018-08-28 11:16:37,69.0,95,2018-08-25 08:35:56
8a8835a43bda99fd37310ad76c457510,138f041df3644d9ad82f50c67b7bb304,2018-07-16 18:39:09,116.36,1,
8a8835a43bda99fd37310ad76c457510,a70e2a7c5779986b66893322855c4932,2018-08-02 18:50:07,107.98,2,2018-07-16 18:39:09
8b181ee5518df84f18f4e1a43fe07923,f8a9c0be5071e2ca36f561ad567b1800,2018-05-30 09:21:06,27.9,1,
8c9348f33ae3dada25c99c99ade2af78,05fad97db96406de1787c7a532c46a2b,2018-06-19 11:34:27,82.99,1,
8c9348f33ae3dada25c99c99ade2af78,8fec1057df930bcc1be865fbfef606b4,2018-07-26 20:18:26,230.0,2,2018-06-19 11:34:27
8de8fe3af4449ed695d2434c933ed73e,80db40134db34fa301d8a9c17b307a00,2018-08-04 15:52:54,2090.0,1,
8fb67a334bacec338885b4e9e1708073,1fde32a510f950891c57d6e69c9071bd,2018-07-15 12:57:04,59.9,1,
8fbd63429be6d3e5e6d1a709b6464802,a79789405ef383b5e12d9f6f6979c793,2018-04-18 00:27:01,450.0,1,
8fbd63429be6d3e5e6d1a709b6464802,b8684227da189137e8ecfd39564f85e1,2018-04-22 22:23:40,150.0,2,2018-04-18 00:27:01
8fbd63429be6d3e5e6d1a709b6464802,1fef84eb15d7b166c3e3008a8dd48ef1,2018-05-03 12:33:06,138.9,3,2018-04-22 22:23:40
8fbd63429be6d3e5e6d1a709b6464802,44f1ed5ad211cfda9d2d52cc6564a36a,2018-05-07 13:52:04,105.0,4,2018-05-03 12:33:06
8fbd63429be6d3e5e6d1a709b6464802,19f0439c31499e4b699d03dbbbf44587,2018-05-12 16:24:55,30.0,5,2018-05-07 13:52:04
8fbd63429be6d3e5e6d1a709b6464802,1b3e96e0d9948e7a2582e092b3ca9ac2,2018-06-28 09:17:04,187.5,6,2018-05-12 16:24:55
902c99f1ac505c0d18778b61bcd636f7,fb9e94685fede37314f883d0bb0c2561,2018-07-18 20:38:18,24.49,1,
902c99f1ac505c0d18778b61bcd636f7,e98d5e05f90fd6600527ab0c1156cbe5,2018-07-26 13:59:31,59.49,2,2018-07-18 20:38:18
902c99f1ac505c0d18778b61bcd636f7,650e96bb8f069e30f346534aa42860a7,2018-08-10 16:55:53,39.49,3,2018-07-26 13:59:31
9140ef75cc8211c4035935e80e567204,b494f624c631105b24fe497277085909,2018-08-01 18:58:49,49.9,1,
9261d76c62caaf0b24677c2ceb7f8f20,d5d94fa0d1e2f561eb38c08dd582cad8,2018-07-05 09:49:54,259.8,1,
9261d76c62caaf0b24677c2ceb7f8f20,ceae0f133957c3337b7f630eb8bf80d9,2018-07-15 10:46:59,138.98,2,2018-07-05 09:49:54
9261d76c62caaf0b24677c2ceb7f8f20,cf851a3ce6ce940823fdfb5b0a8eb337,2018-07-16 13:15:57,144.98,3,2018-07-15 10:46:59
9261d76c62caaf0b24677c2ceb7f8f20,d4374a2fe707b60c71f2d8932f8a93d4,2018-07-20 14:17:55,154.98,4,2018-07-16 13:15:57
9261d76c62caaf0b24677c2ceb7f8f20,bb4fde546bfa4ba7795ccc8f24750fb5,2018-07-25 15:53:58,144.98,5,2018-07-20 14:17:55
9261d76c62caaf0b24677c2ceb7f8f20,7352da47c1164cdee2f4d71e736f7253,2018-08-20 23:41:45,124.98,6,2018-07-25 15:53:58
929f342384a6607afe143d789ade1316,690a2092d1bf37549b9850423615d32a,2018-06-20 19:25:54,99.0,1,
929f342384a6607afe143d789ade1316,ee34f36dac2c39b91cad39b9c8d74be2,2018-06-25 20:39:44,38.9,2,2018-06-20 19:25:54
929f342384a6607afe143d789ade1316,e5b84cb2e43872d1757d71fb8eec54f4,2018-07-07 20:18:09,37.5,3,2018-06-25 20:39:44
929f342384a6607afe143d789ade1316,2a197a3a167970df77d91b94905578a1,2018-08-06 15:51:24,34.0,4,2018-07-07 20:18:09
94165aea8a35c3c21499cbcae239b16c,69cb0d195f5c4d7f9d4a13bfb8d65600,2018-06-07 18:01:09,180.0,1,
94d76e96eedd976258cd3278ce56d5f2,5d4a1f3fcbc44db367e18aa87b275996,2018-05-09 11:41:46,385.61,1,
964ff64dc05b13811c6d0f41e0aa5f6b,b3129a0debe3f118c75c249216364c82,2018-07-18 22:43:29,180.0,1,
968268a686aa05d1f529fb07dff08130,473db6bd9e60ec3fb425cd204fb8f4c1,2018-01-26 23:07:13,634.4,1,
968268a686aa05d1f529fb07dff08130,cf3a11ded6899d6b589a1e4a4a4308c0,2018-03-06 19:35:08,634.4,2,2018-01-26 23:07:13
968268a686aa05d1f529fb07dff08130,e6a4162f7f405ec6791befb1652846ba,2018-04-09 11:51:46,634.4,3,2018-03-06 19:35:08
968268a686aa05d1f529fb07dff08130,2f4011790ff902584d5b011f0e35ff1d,2018-05-03 11:14:13,166.6,4,2018-04-09 11:51:46
968268a686aa05d1f529fb07dff08130,567cb4e829743d8cc4dd3dc72b6d7136,2018-06-06 17:22:52,176.6,5,2018-05-03 11:14:13
968268a686aa05d1f529fb07dff08130,d905ea9eb4e5000a35cbee306bce1935,2018-06-19 18:05:41,634.4,6,2018-06-06 17:22:52
968268a686aa05d1f529fb07dff08130,8010be962c553ac2ed4a5cf591ccc971,2018-06-19 18:49:14,125.9,7,2018-06-19 18:05:41
968268a686aa05d1f529fb07dff08130,30192988070ccc8d5f5d40aad62b8ed4,2018-06-22 18:22:44,149.99,8,2018-06-19 18:49:14
968268a686aa05d1f529fb07dff08130,2dae216bbee4c8d68c31c55db7a98b71,2018-07-06 14:24:13,634.4,9,2018-06-22 18:22:44
968268a686aa05d1f529fb07dff08130,b51e7cbbbfa8be3170cd749bf5c8d2ba,2018-07-19 00:36:41,634.4,10,2018-07-06 14:24:13
968268a686aa05d1f529fb07dff08130,fd0d6e1fe406f607f6f66c3bda4de1d7,2018-08-04 16:31:49,125.9,11,2018-07-19 00:36:41
968268a686aa05d1f529fb07dff08130,a28814d7900a79b375c4f1aa2d2e1006,2018-08-10 16:12:00,125.9,12,2018-08-04 16:31:49
97e50a621f8e801f4baf69e08687c192,c5aa608be7773dfa4624ed1c239bae4f,2018-02-21 06:34:33,89.9,1,
9803a40e82e45418ab7fb84091af5231,2059a6cad3cfd50e2f7904f250eb857a,2018-05-19 10:45:27,55.5,1,
9803a40e82e45418ab7fb84091af5231,4412d97cb2093633afa85f11db46316c,2018-05-22 13:43:23,3099.75,2,2018-05-19 10:45:27
9803a40e82e45418ab7fb84091af5231,18fc3dd5faa2ffbb3d8c6b84e8a3726b,2018-06-03 19:52:10,34.75,3,2018-05-22 13:43:23
9803a40e82e45418ab7fb84091af5231,a45007bebe435ae6fb3637ede777476e,2018-06-22 19:23:44,125.0,4,2018-06-03 19:52:10
9803a40e82e45418ab7fb84091af5231,a585e716f1acad90ad2c2ac0cfbb1e3c,2018-06-28 17:47:00,125.0,5,2018-06-22 19:23:44
9803a40e82e45418ab7fb84091af5231,991703c45ec0cba840f6623e6912b2ce,2018-06-30 09:36:04,60.0,6,2018-06-28 17:47:00
9803a40e82e45418ab7fb84091af5231,0b3ca8c9e3b3199306adb467fcd0e982,2018-07-16 13:34:31,34.75,7,2018-06-30 09:36:04
9803a40e82e45418ab7fb84091af5231,d14f47d31b1e3717cd25c3876b276523,2018-07-19 20:21:23,105.0,8,2018-07-16 13:34:31
9803a40e82e45418ab7fb84091af5231,9cb69ff0cd93cb4624576397135d5b52,2018-07-21 07:47:04,29.75,9,2018-07-19 20:21:23
9803a40e82e45418ab7fb84091af5231,b198d16d5ba1cbacf02b4d54728314fa,2018-07-28 14:57:50,319.5,10,2018-07-21 07:47:04
9803a40e82e45418ab7fb84091af5231,9d47e048cd4a6ff635406a2212b0a7f0,2018-08-21 19:44:42,289.75,11,2018-07-28 14:57:50
980640c45d7a4635885491d077167e4d,3c082ca49aaf1923e87b34e1375a1413,2018-07-01 09:14:54,39.89,1,
980640c45d7a4635885491d077167e4d,735c97c58832ee67c2f23aa70deb343c,2018-07-21 19:24:09,35.9,2,2018-07-01 09:14:54
980640c45d7a4635885491d077167e4d,a87b2dc5f3c007dfa3f6ba803e332261,2018-07-23 21:02:26,39.99,3,2018-07-21 19:24:09
980640c45d7a4635885491d077167e4d,2e4950942a89079792a52127600284e5,2018-08-02 12:05:23,74.89,4,2018-07-23 21:02:26
980640c45d7a4635885491d077167e4d,90583aeed06ff85179fe55dc956ce115,2018-08-04 22:12:48,54.99,5,2018-08-02 12:05:23
980640c45d7a4635885491d077167e4d,d22e9fa5731b9e30e8b27afcdc2f8563,2018-08-04 23:25:30,99.0,6,2018-08-04 22:12:48
980640c45d7a4635885491d077167e4d,e7c5ccfc34c262f8f9240ade57e01ed7,2018-08-05 12:39:54,94.99,7,2018-08-04 23:25:30
980640c45d7a4635885491d077167e4d,964d26975fc593c3862d2478025f51cf,2018-08-05 13:08:10,74.89,8,2018-08-05 12:39:54
980640c45d7a4635885491d077167e4d,ea6cf34e28edb0228155d6cdbbe46bdc,2018-08-07 08:23:33,74.89,9,2018-08-05 13:08:10
980640c45d7a4635885491d077167e4d,63395e53d28e53559462a08ceb1b2df6,2018-08-07 14:45:43,139.99,10,2018-08-07 08:23:33
980640c45d7a4635885491d077167e4d,3915c06b1483016c7d41dc705c1b0090,2018-08-10 13:12:53,79.9,11,2018-08-07 14:45:43
980640c45d7a4635885491d077167e4d,ba4ca9935a3de9d4a25569f1ff9368e9,2018-08-14 14:43:32,89.99,12,2018-08-10 13:12:53
980640c45d7a4635885491d077167e4d,8a20690ced594f1b8937e869026ccc89,2018-08-19 18:39:49,54.99,13,2018-08-14 14:43:32
980640c45d7a4635885491d077167e4d,bd5a4522a820fc4932b422d462bd8195,2018-08-22 15:43:52,49.99,14,2018-08-19 18:39:49
985c92cc412091f8529c12d7f23d3fef,c036e48c4fbf6d2e625518af7ff23b5d,2018-05-04 13:31:43,67.88,1,
985c92cc412091f8529c12d7f23d3fef,b165a0179ee138cb24d5cffb1129afb5,2018-05-07 21:48:28,67.88,2,2018-05-04 13:31:43
985c92cc412091f8529c12d7f23d3fef,f8ba6b81969b53758b46333b85537e89,2018-05-15 10:46:28,94.3,3,2018-05-07 21:48:28
985c92cc412091f8529c12d7f23d3fef,7aafb86390ae18841bfb241252b7ee45,2018-05-17 16:59:10,84.3,4,2018-05-15 10:46:28
985c92cc412091f8529c12d7f23d3fef,9842c98fba6a3e74b785776cc72136f5,2018-05-17 18:33:00,119.9,5,2018-05-17 16:59:10
985c92cc412091f8529c12d7f23d3fef,1fc40709065a72668d4ea0a5355f7975,2018-05-31 11:30:19,93.8,6,2018-05-17 18:33:00
985c92cc412091f8529c12d7f23d3fef,0b2861128d87d7a2b9c85eb25a514d0b,2018-06-27 10:44:32,402.35,7,2018-05-31 11:30:19
985c92cc412091f8529c12d7f23d3fef,486624a60deed853a5e30a50fd5df762,2018-06-28 12:04:03,94.3,8,2018-06-27 10:44:32
985c92cc412091f8529c12d7f23d3fef,aaf493c617a22ed7648c239a820ab74c,2018-06-29 18:41:28,89.99,9,2018-06-28 12:04:03
985c92cc412091f8529c12d7f23d3fef,d28d530e6f5f2e1fb58e616b097b23b8,2018-08-05 20:26:29,84.3,10,2018-06-29 18:41:28
985c92cc412091f8529c12d7f23d3fef,079c9f53e6c3253320db701a645b0b9a,2018-08-09 20:33:45,84.3,11,2018-08-05 20:26:29
985c92cc412091f8529c12d7f23d3fef,b1127d37a7b6bdc4fadbc3e1345338dd,2018-08-20 21:03:23,85.2,12,2018-08-09 20:33:45
99cd94252748d2bdde08e17858233602,719beedd6c2193b3e1e1ea1d2706eaf1,2018-06-20 14:02:25,79.9,1,
99cd94252748d2bdde08e17858233602,747517fa441ebfa91a5cd254702353ed,2018-06-21 15:01:12,79.9,2,2018-06-20 14:02:25
9aa388272ee334b6ae07bc73706e254a,6951ff62555bae27cada94716835c9fa,2018-03-30 21:23:29,96.0,1,
9aa388272ee334b6ae07bc73706e254a,07883f86dff5e5622fe054225f176aa7,2018-05-18 20:27:58,96.0,2,2018-03-30 21:23:29
9aa388272ee334b6ae07bc73706e254a,f945e05012cd4dcbf844fde15c96df3f,2018-06-14 22:01:28,84.0,3,2018-05-18 20:27:58
9aa388272ee334b6ae07bc73706e254a,b5f7ed4633fb5be4575467a3ecd2ebc0,2018-08-04 22:31:02,168.0,4,2018-06-14 22:01:28
9aa388272ee334b6ae07bc73706e254a,f52ec1996d054ab03ddef4968ff41fa5,2018-08-12 15:13:40,84.0,5,2018-08-04 22:31:02
9aa388272ee334b6ae07bc73706e254a,bc0198f5ae1390929c3106becf240aae,2018-08-17 00:25:31,150.0,6,2018-08-12 15:13:40
9ac4f14370b1e24ddc58be041b7f99df,a9c2ab2568ed61706babd520ef82b9b2,2018-02-24 23:39:56,45.5,1,
9ac4f14370b1e24ddc58be041b7f99df,56e46d1a61ebb9b86fa914b4007d8a97,2018-04-02 12:28:44,54.88,2,2018-02-24 23:39:56
9ac4f14370b1e24ddc58be041b7f99df,7c25f223ac9fa74c9dbfa11e8a52f1e5,2018-04-16 09:04:41,73.0,3,2018-04-02 12:28:44
9ac4f14370b1e24ddc58be041b7f99df,3c8c12fed1b69b5f25e8cd9969113472,2018-06-15 11:41:31,54.88,4,2018-04-16 09:04:41
9ac4f14370b1e24ddc58be041b7f99df,7941d209e6cbcf0948afb5692536bb7c,2018-07-05 16:40:15,86.25,5,2018-06-15 11:41:31
9b1585752613ec342d03bbab9997ec48,73d60420cd1a179b2d8887d538efe4c2,2018-08-07 10:52:58,749.0,1,
9b1585752613ec342d03bbab9997ec48,fbc8e8d5591dc594ede3b88033625bd0,2018-08-16 23:24:34,1999.99,2,2018-08-07 10:52:58
9b1585752613ec342d03bbab9997ec48,1adbc05f8bb9f7f40e1566992a9b5e8d,2018-08-19 09:35:34,1499.99,3,2018-08-16 23:24:34
9b1f656ca3060f8af17a50d8a024b533,68f730bca7855a941b075dfde3e84ab9,2018-07-25 12:32:23,28.5,1,
9b1f656ca3060f8af17a50d8a024b533,780dfcd5aaf2662f3f6ce2201164394b,2018-08-22 21:26:03,12.5,2,2018-07-25 12:32:23
9c1c0c36cd23c20897e473901a8fb149,f45110f74eef472858fd944cb3c6630a,2018-05-18 18:22:51,105.0,1,
9c1c0c36cd23c20897e473901a8fb149,5cc05e57c52bebf2882278793ed1ba3a,2018-05-24 21:07:35,30.0,2,2018-05-18 18:22:51
9c1c0c36cd23c20897e473901a8fb149,04836fc7917dc0bfcfbd4456ec4156ac,2018-07-21 12:52:02,99.99,3,2018-05-24 21:07:35
9c1c0c36cd23c20897e473901a8fb149,7563e13fcf7f6c6d8db57ef0c5760c87,2018-07-29 15:25:12,60.0,4,2018-07-21 12:52:02
9c1c0c36cd23c20897e473901a8fb149,fd7f923cec63405c5df9b1f05d0572bb,2018-08-12 11:24:47,124.99,5,2018-07-29 15:25:12
9c1c0c36cd23c20897e473901a8fb149,28e5c316b9b1b1902c094ab90ea33ffd,2018-08-23 19:57:47,124.99,6,2018-08-12 11:24:47
9c7fd21e0aa159b20da593371f08ff7c,2be4f7f37164c023bcab8f6468685f35,2018-03-14 09:25:14,209.9,1,
9c7fd21e0aa159b20da593371f08ff7c,685ae4bd7f1b98a64ab9b9774889b621,2018-06-20 00:31:58,59.9,2,2018-03-14 09:25:14
9c7fd21e0aa159b20da593371f08ff7c,926f43ab78d2296edaf16b2a06af3078,2018-06-25 19:36:04,155.8,3,2018-06-20 00:31:58
9c7fd21e0aa159b20da593371f08ff7c,407ee2ab7ff5d2026801ff24b7b7cb7d,2018-06-27 10:33:34,77.9,4,2018-06-25 19:36:04
9c7fd21e0aa159b20da593371f08ff7c,01cce1175ac3c4a450e3a0f856d02734,2018-07-19 20:32:57,60.0,5,2018-06-27 10:33:34
9c7fd21e0aa159b20da593371f08ff7c,ac17fcdce65beed9ddc7473ff8150528,2018-07-27 21:49:38,174.9,6,2018-07-19 20:32:57
9c7fd21e0aa159b20da593371f08ff7c,622b9d86199a98a59cded9f26507efce,2018-08-21 16:50:51,59.9,7,2018-07-27 21:49:38
9cf787a239c1aa29dbd76f153dc13f9a,5b2f8cfd2fc117b59e6a0247d77f07d1,2018-06-05 17:11:13,79.0,1,
9cf787a239c1aa29dbd76f153dc13f9a,c4745f711938c643ef4a604576d6289e,2018-06-10 09:01:00,79.0,2,2018-06-05 17:11:13
9cf787a239c1aa29dbd76f153dc13f9a,2c35215a3c576f6e51d0012fb4a8cb3b,2018-08-13 14:33:18,79.0,3,2018-06-10 09:01:00
9cf787a239c1aa29dbd76f153dc13f9a,d9290c1449b2c21f3c4b9efe267c8173,2018-08-16 15:54:48,79.0,4,2018-08-13 14:33:18
9d213f303afae4983637247556438ede,5410087995e1ebb53c26ce8e52ff29e0,2018-07-14 00:04:42,31.8,1,
9d213f303afae4983637247556438ede,7d2f60154f0f8219ade132f874d2e500,2018-07-24 12:43:00,15.9,2,2018-07-14 00:04:42
9d681c7e12db302cb261e721040dde65,54124d9826c024b4b20d530b6bf4d6ee,2018-05-21 18:18:25,49.9,1,
9d681c7e12db302cb261e721040dde65,65555c6b04142c5f409c5d29398671f2,2018-05-31 13:11:44,59.8,2,2018-05-21 18:18:25
9d681c7e12db302cb261e721040dde65,a3c1394b2224879f15740f0ad33dcd57,2018-05-31 22:25:20,29.9,3,2018-05-31 13:11:44
9d681c7e12db302cb261e721040dde65,61af52f7cc6266b9aead2cc464aa48f0,2018-06-04 18:34:20,29.9,4,2018-05-31 22:25:20
9d681c7e12db302cb261e721040dde65,04955e4e1efe5837c88f3d4311a94fe7,2018-06-11 14:58:07,29.9,5,2018-06-04 18:34:20
9d681c7e12db302cb261e721040dde65,37ccf51b0d53c5e3916005261aa8f75e,2018-06-14 14:04:42,59.9,6,2018-06-11 14:58:07
9d681c7e12db302cb261e721040dde65,8273fd6bf6d04443265e6f244f8a6fe9,2018-06-20 00:45:58,39.9,7,2018-06-14 14:04:42
9d681c7e12db302cb261e721040dde65,049ac54eda25ad838a76c65dcfd27c9a,2018-07-26 16:16:14,139.9,8,2018-06-20 00:45:58
9d681c7e12db302cb261e721040dde65,481075dd01a45aee93425cfdf090a8ca,2018-07-27 06:35:31,139.9,9,2018-07-26 16:16:14
9d681c7e12db302cb261e721040dde65,7d3636e9d015024df69d61abc7bab409,2018-07-28 02:36:12,59.9,10,2018-07-27 06:35:31
9d681c7e12db302cb261e721040dde65,8ec26dd02af502c1a8210efc0bb02c0a,2018-07-29 21:34:26,56.9,11,2018-07-28 02:36:12
9d681c7e12db302cb261e721040dde65,c28c4378f50e09ee967e830dac65634f,2018-08-04 15:40:46,39.9,12,2018-07-29 21:34:26
9d681c7e12db302cb261e721040dde65,5f649cfbd3c5dabddf7f9ada09b90edd,2018-08-16 16:19:13,49.9,13,2018-08-04 15:40:46
9da15f4a4ea758d9eeb49000dbe57e22,80a26b4ee1a6aff31f37986403491366,2018-07-31 12:52:57,196.9,1,
9e6967d3cf386d284251784b18ccb485,3170de33866d3923448fa787230ef7d1,2018-06-12 20:43:08,87.99,1,
9e6967d3cf386d284251784b18ccb485,7954d26fa0d387724ccb30d846ebbd9f,2018-06-29 12:28:48,29.6,2,2018-06-12 20:43:08
9e6967d3cf386d284251784b18ccb485,e112dc2744c9e024795bee7be6ff73de,2018-07-02 10:19:49,87.99,3,2018-06-29 12:28:48
9e6967d3cf386d284251784b18ccb485,12e3ba822961de771f16352fe1c11ef7,2018-07-11 17:58:51,14.8,4,2018-07-02 10:19:49
9e6967d3cf386d284251784b18ccb485,115f2ca39e45b0ae938c0fbde15c145b,2018-07-15 20:42:33,59.9,5,2018-07-11 17:58:51
9e6967d3cf386d284251784b18ccb485,ecbab81179cbb13a351e75f9ba7e602d,2018-07-24 11:54:43,29.6,6,2018-07-15 20:42:33
9e6967d3cf386d284251784b18ccb485,df7133582058755527a65a8395403d26,2018-08-03 22:25:31,59.9,7,2018-07-24 11:54:43
9e6967d3cf386d284251784b18ccb485,f8fd2ac9626cada5584890581ca7e55b,2018-08-06 15:15:03,59.9,8,2018-08-03 22:25:31
9e6967d3cf386d284251784b18ccb485,09195dded6636223b79ba89aa778d5fb,2018-08-14 15:42:47,87.99,9,2018-08-06 15:15:03
9e7c5f4d7770eab65738cca38f9efccf,a3387455ec2a51ea33eb1d7557994979,2018-06-01 12:50:14,99.9,1,
9e7c5f4d7770eab65738cca38f9efccf,2060cb090f613a2c6e389e351afc8031,2018-08-07 01:27:47,84.9,2,2018-06-01 12:50:14
a11a0e0ca67423425691db355cff69b0,71359a053b02802c8974b69049cec60a,2018-07-31 10:29:51,259.9,1,
a11a0e0ca67423425691db355cff69b0,9546aa638d07ac340a91c59b0b2dee96,2018-08-10 16:05:40,189.0,2,2018-07-31 10:29:51
a213f1bd6458f4a158f3746cb2514559,b691ffb0177f480a9a5eb8772050bb2d,2018-05-30 16:20:16,41.52,1,
a414555ce331b8c8aea4a9cb8395194d,4f420928ce3031d9833981e1bd5005a0,2018-03-10 15:31:45,45.99,1,
a414555ce331b8c8aea4a9cb8395194d,978ffd045ad7d5a208393ca5bae978a6,2018-03-23 17:04:27,99.98,2,2018-03-10 15:31:45
a414555ce331b8c8aea4a9cb8395194d,48997989a21e741f0f93be9870c82b90,2018-04-02 10:27:48,385.0,3,2018-03-23 17:04:27
a414555ce331b8c8aea4a9cb8395194d,5989e29098198898f9fe8490e6040c6b,2018-04-11 21:14:26,49.99,4,2018-04-02 10:27:48
a414555ce331b8c8aea4a9cb8395194d,6ca63d606e504f859e56df4534878101,2018-04-17 21:25:46,49.99,5,2018-04-11 21:14:26
a414555ce331b8c8aea4a9cb8395194d,4caaa2c8d6544804296a156b210a8d47,2018-04-27 11:36:35,385.0,6,2018-04-17 21:25:46
a414555ce331b8c8aea4a9cb8395194d,765077a5aa4353d785afcdccc40cbfd9,2018-05-04 14:46:10,435.0,7,2018-04-27 11:36:35
a4fc6eadaff1576af888509a53420f6a,1261388c490047bbb0ea823f9b75cc29,2018-05-22 18:15:54,100.86,1,
a53f60f05f822b5c621a50ff6a5cb362,7fd5523638d14a53e83d0a9557082002,2018-06-25 16:19:23,69.9,1,
a53f60f05f822b5c621a50ff6a5cb362,a57f58fe155a76bf2ff1401b04a7ab33,2018-08-14 15:25:36,22.9,2,2018-06-25 16:19:23
a53f60f05f822b5c621a50ff6a5cb362,73a15e8fc5de8485d1f16639bc66a273,2018-08-14 18:03:56,197.70000000000002,3,2018-08-14 15:25:36
a53f60f05f822b5c621a50ff6a5cb362,4ac05edf248d6206469e17c32e52c9ac,2018-08-17 22:35:51,124.9,4,2018-08-14 18:03:56
a56e351445e5863fc8960640ba9190c7,70cca242632c1f58abe233c9ea071415,2018-04-06 21:36:54,184.22,1,
a56e351445e5863fc8960640ba9190c7,ae181b10c96125c3d1bbe9d7dfc1e830,2018-04-15 16:04:21,397.8,2,2018-04-06 21:36:54
a56e351445e5863fc8960640ba9190c7,e09b9e96eeb0f9e3351ee58b00dabfd5,2018-04-27 14:04:53,178.9,3,2018-04-15 16:04:21
a63bfbaa882c8f4542891b4e2246cc7f,7b84c60b417905af7d0237310bd48f0b,2018-06-11 23:01:49,1099.0,1,
a63bfbaa882c8f4542891b4e2246cc7f,f3dfda8fe064d227cee42eb21b73cc69,2018-06-18 11:19:25,1189.0,2,2018-06-11 23:01:49
a63bfbaa882c8f4542891b4e2246cc7f,88b24cb0678cf5b316584a332f724969,2018-07-13 18:51:55,1099.0,3,2018-06-18 11:19:25
a63bfbaa882c8f4542891b4e2246cc7f,155581701d726e5261052c3e6fa83dfe,2018-07-15 10:03:12,1099.0,4,2018-07-13 18:51:55
a63bfbaa882c8f4542891b4e2246cc7f,3e8dab241fc3468ea66691de15216895,2018-08-18 19:21:21,648.0,5,2018-07-15 10:03:12
a63bfbaa882c8f4542891b4e2246cc7f,a4725f98a7344d345bb2fab1c3c39c54,2018-08-23 18:19:17,548.0,6,2018-08-18 19:21:21
a64e44665225d19dfc0277eeeaaccc57,0b704d9bda1b350e1350d64af21b3411,2018-06-22 15:06:34,168.5,1,
a64e44665225d19dfc0277eeeaaccc57,f6c24edf013157aee2faf5ede22cf0b1,2018-07-27 09:23:39,34.5,2,2018-06-22 15:06:34
a64e44665225d19dfc0277eeeaaccc57,39f71ba799c87ce196465bad51c55d0d,2018-08-07 12:37:44,34.5,3,2018-07-27 09:23:39
a64e44665225d19dfc0277eeeaaccc57,7a92d4bffc8f086e16f610875cee431b,2018-08-19 18:54:33,34.5,4,2018-08-07 12:37:44
a64e44665225d19dfc0277eeeaaccc57,d407f6aa0355a8c511f0bbcf52259730,2018-08-20 09:52:41,28.5,5,2018-08-19 18:54:33
a64e44665225d19dfc0277eeeaaccc57,a281208da836ef2c9d23718a7a855a92,2018-08-22 14:53:45,34.5,6,2018-08-20 09:52:41
a663d9c3797e90eac99ff60939416a56,9d56875afa926ef0d9263eb003dba6e0,2018-05-16 13:31:20,235.0,1,
a69aa24cec11168e7e39a3fbc727e925,e55e8c9f6f33a8562db1430444f22092,2018-06-13 11:29:48,39.99,1,
a69aa24cec11168e7e39a3fbc727e925,b65e9f6d886f2fd5807096ed8f4a72fc,2018-06-29 11:39:04,25.99,2,2018-06-13 11:29:48
a69aa24cec11168e7e39a3fbc727e925,8a16ff3cd34e92ae56b0bdcb66dc56e3,2018-07-18 10:05:02,39.99,3,2018-06-29 11:39:04
a7a9b880c49781da66651ccf4ba9ac38,66460ca7e4dff034a9ac0ec80c7fdea8,2018-05-16 16:16:03,74.9,1,
a7a9b880c49781da66651ccf4ba9ac38,75a9fc924db699a13c8d6176c3b16a61,2018-06-13 12:48:42,142.8,2,2018-05-16 16:16:03
a7a9b880c49781da66651ccf4ba9ac38,89d32b64af005178b318f76cd60f2c3c,2018-07-06 11:54:40,89.9,3,2018-06-13 12:48:42
a7d0f8dd44f57ef6de7f7f02e3d82630,c94206a6d6698d5852b7e9e14bdc2e79,2018-06-25 12:06:07,29.89,1,
a7d0f8dd44f57ef6de7f7f02e3d82630,8fc77c04dfa38df89a157e9e81a75ac4,2018-08-19 20:26:26,43.9,2,2018-06-25 12:06:07
a8739afb32aaa45e01815ca76f76f54b,17b374e5c126d99970336dd8a72bcb91,2018-06-07 22:47:32,13.62,1,
a8739afb32aaa45e01815ca76f76f54b,7f3be76847c89f58b912a7adf2d77f3e,2018-06-08 22:25:22,19.6,2,2018-06-07 22:47:32
a8739afb32aaa45e01815ca76f76f54b,f9030dd093087acc37d712775c8797a6,2018-06-09 19:54:25,19.86,3,2018-06-08 22:25:22
a8739afb32aaa45e01815ca76f76f54b,1f1966428c44328b7f97baa1569ea5b8,2018-06-10 07:46:58,19.65,4,2018-06-09 19:54:25
a8739afb32aaa45e01815ca76f76f54b,2ce7fb3d9314c0a8e4e8c04eb1224919,2018-06-10 12:42:23,19.86,5,2018-06-10 07:46:58
a8739afb32aaa45e01815ca76f76f54b,9ccb6719fa8bca71f05094ee18873cd6,2018-06-11 10:33:52,19.65,6,2018-06-10 12:42:23
a8739afb32aaa45e01815ca76f76f54b,616105c9352a9668c38303ad44e056cd,2018-06-11 16:19:00,39.3,7,2018-06-11 10:33:52
a8739afb32aaa45e01815ca76f76f54b,486fed80178943ecdec90413036af979,2018-06-12 08:23:51,19.65,8,2018-06-11 16:19:00
a8739afb32aaa45e01815ca76f76f54b,be5b278e38c06fb98c18c6ed0554b754,2018-08-02 12:06:27,22.35,9,2018-06-12 08:23:51
a8739afb32aaa45e01815ca76f76f54b,27f01bec8fbffea109aa86d4d3364a15,2018-08-04 18:15:30,36.64,10,2018-08-02 12:06:27
a8739afb32aaa45e01815ca76f76f54b,e0657085c2b6297a32f39efa200cdf72,2018-08-04 21:12:12,18.98,11,2018-08-04 18:15:30
a8739afb32aaa45e01815ca76f76f54b,7a36ddcacbdd80a7dd8771aa4c6e465e,2018-08-06 06:42:46,25.32,12,2018-08-04 21:12:12
a8739afb32aaa45e01815ca76f76f54b,d55d5f2d92f548bd9928f3edef443395,2018-08-06 19:31:50,24.35,13,2018-08-06 06:42:46
aa2640d851ec322526f1295bbeb20092,cf53791f14dde2f6520a9af8dc72c413,2018-05-06 21:13:51,159.98,1,
aae5e7b457a3c72ee230a47d98fceda5,32c89e20288914a5f7feb879cbb0fac1,2018-04-05 14:35:51,327.0,1,
aae5e7b457a3c72ee230a47d98fceda5,0cd41d4323d14560d7b92ef270ec6a2a,2018-04-13 17:48:03,109.0,2,2018-04-05 14:35:51
aae5e7b457a3c72ee230a47d98fceda5,7ab921e3494bf8da3df2175e4370f87f,2018-06-20 21:24:53,109.0,3,2018-04-13 17:48:03
aae5e7b457a3c72ee230a47d98fceda5,5a97cb85d8737c11775451e5bcf67286,2018-07-30 15:02:13,29.9,4,2018-06-20 21:24:53
aae5e7b457a3c72ee230a47d98fceda5,62eb11cfc9c20c567f4581e0e66725c1,2018-08-17 18:21:02,29.9,5,2018-07-30 15:02:13
ade45994b717ccee333492330fbf037b,9af102143a095d583da618988ffd3557,2018-06-09 20:12:15,569.0,1,
ade45994b717ccee333492330fbf037b,5038506ec2dd435985c9a1b5a092c82a,2018-06-12 00:09:55,855.0,2,2018-06-09 20:12:15
ade45994b717ccee333492330fbf037b,3a096d99346df2d6c043165967ff011d,2018-06-12 16:59:53,809.0,3,2018-06-12 00:09:55
ade45994b717ccee333492330fbf037b,3c84ef58a24b36acb52aef0fe4200d4f,2018-06-20 18:47:35,855.0,4,2018-06-12 16:59:53
ade45994b717ccee333492330fbf037b,741657e2b9b6c4ee4cc84d86abb64158,2018-06-25 10:35:08,432.0,5,2018-06-20 18:47:35
ade45994b717ccee333492330fbf037b,5d90c606cb92f1bd781a311d5ab61a75,2018-06-26 15:38:26,809.0,6,2018-06-25 10:35:08
ade45994b717ccee333492330fbf037b,e23156a0a06f554615d0ea438a5914d0,2018-07-01 22:01:45,855.0,7,2018-06-26 15:38:26
ade45994b717ccee333492330fbf037b,6bc9f3b6522892d5b2b27203ca6caa67,2018-07-27 12:10:13,855.0,8,2018-07-01 22:01:45
ade45994b717ccee333492330fbf037b,54a51314febd38a9bfb89a9f49006289,2018-08-01 10:17:39,378.0,9,2018-07-27 12:10:13
ade45994b717ccee333492330fbf037b,d6c43cc94c51d9176828e42155f97127,2018-08-15 18:26:46,779.0,10,2018-08-01 10:17:39
ae45df84722b1d15c5f32b23a095746c,41089c08c8d6cdd2964afad8aaa8405b,2018-02-22 18:41:33,28.0,1,
ae45df84722b1d15c5f32b23a095746c,5e434db83bb70a40ee87ceafd1164700,2018-06-06 08:22:08,45.0,2,2018-02-22 18:41:33
ae45df84722b1d15c5f32b23a095746c,438c583579006d43a6e9e624a3950dac,2018-06-10 21:50:23,99.99,3,2018-06-06 08:22:08
ae45df84722b1d15c5f32b23a095746c,e399cbb0337c90fe1809b307fcbe5b36,2018-06-13 10:43:10,40.0,4,2018-06-10 21:50:23
ae45df84722b1d15c5f32b23a095746c,54fb6d834ad868ddda6fd4562d4be5a2,2018-06-14 09:31:49,99.99,5,2018-06-13 10:43:10
ae45df84722b1d15c5f32b23a095746c,ead893b6feb078f2a8f88787db56dcc7,2018-06-19 09:28:14,199.89,6,2018-06-14 09:31:49
ae45df84722b1d15c5f32b23a095746c,57490284e3524fb4b1c4112fa966cbde,2018-06-19 23:20:37,139.99,7,2018-06-19 09:28:14
ae45df84722b1d15c5f32b23a095746c,dacb857612778747b96d5afcad0adbd4,2018-07-13 18:45:16,116.97,8,2018-06-19 23:20:37
ae45df84722b1d15c5f32b23a095746c,cf18c0b77059499a99818871229ab994,2018-08-21 10:19:27,132.0,9,2018-07-13 18:45:16
ae7ab174effdead6c241e547e4ca13f0,5c3c5fb92600fb7f21312551fc1ee21e,2018-06-11 10:22:49,349.9,1,
ae7ab174effdead6c241e547e4ca13f0,aa6344864a8ba3918bc0bee0a9b0fbc3,2018-07-11 22:56:22,399.0,2,2018-06-11 10:22:49
ae7ab174effdead6c241e547e4ca13f0,70a272d1c01754b91a8709ae7efe27be,2018-07-12 17:48:39,798.0,3,2018-07-11 22:56:22
ae7ab174effdead6c241e547e4ca13f0,67f05f6d7d84bf6e1abf7d7d8e8a41e3,2018-07-27 19:46:45,415.9,4,2018-07-12 17:48:39
ae7ab174effdead6c241e547e4ca13f0,e72f85f6fe5543d0e70e5ffc67976643,2018-08-01 12:16:08,399.9,5,2018-07-27 19:46:45
ae7ab174effdead6c241e547e4ca13f0,07e85d403be2aca377eebdf6581323fc,2018-08-11 19:14:29,415.9,6,2018-08-01 12:16:08
af3ef48d0e13835e529c29ac573c63e5,c496bc3178d477c1390f52393d78d723,2018-05-16 08:11:59,69.2,1,
af3ef48d0e13835e529c29ac573c63e5,53dc49c7f7145d44eafa6c61d5f72e45,2018-05-21 16:15:30,102.62,2,2018-05-16 08:11:59
af3ef48d0e13835e529c29ac573c63e5,98ef53f8c85f44d32822ff0b857e8a16,2018-05-22 13:57:00,66.96,3,2018-05-21 16:15:30
af3ef48d0e13835e529c29ac573c63e5,afbf35931e267fd7988736eea16cdb9e,2018-05-29 22:50:33,53.0,4,2018-05-22 13:57:00
af3ef48d0e13835e529c29ac573c63e5,1135fd6920dbadb0eff2071674ab2808,2018-05-31 16:40:58,53.0,5,2018-05-29 22:50:33
af3ef48d0e13835e529c29ac573c63e5,163099b696818c7c5dd7ffb4e01209d6,2018-06-01 13:09:45,101.88,6,2018-05-31 16:40:58
af3ef48d0e13835e529c29ac573c63e5,3308880e8f58b1d2c21bd5b1bf64aad4,2018-06-04 23:42:21,53.0,7,2018-06-01 13:09:45
af3ef48d0e13835e529c29ac573c63e5,26466061ecf0630db081aea8581b871b,2018-06-05 18:50:22,53.0,8,2018-06-04 23:42:21
af3ef48d0e13835e529c29ac573c63e5,66c21fa04706b27438fe03e00ba596f0,2018-06-06 23:48:02,53.0,9,2018-06-05 18:50:22
af3ef48d0e13835e529c29ac573c63e5,852d24d230e0038f83e1337c4ab06147,2018-06-10 16:05:11,102.62,10,2018-06-06 23:48:02
af3ef48d0e13835e529c29ac573c63e5,f7c061a1028ca02063801272ba6297f2,2018-06-10 20:41:15,53.0,11,2018-06-10 16:05:11
af3ef48d0e13835e529c29ac573c63e5,89516fb171dee556ef586436687315ff,2018-06-12 10:00:27,53.84,12,2018-06-10 20:41:15
af3ef48d0e13835e529c29ac573c63e5,2408c82f4d0bc3152844a50802d332e3,2018-07-02 22:10:09,76.0,13,2018-06-12 10:00:27
af3ef48d0e13835e529c29ac573c63e5,9fcad2458d10ff81bb03d63253ac603d,2018-07-17 21:52:55,102.62,14,2018-07-02 22:10:09
af3ef48d0e13835e529c29ac573c63e5,6a78b3062a561085f98b76a5a0eea516,2018-07-25 14:28:10,69.2,15,2018-07-17 21:52:55
af3ef48d0e13835e529c29ac573c63e5,da4632747be8764c78f197a0d83b8d71,2018-07-26 16:51:15,57.83,16,2018-07-25 14:28:10
af3ef48d0e13835e529c29ac573c63e5,f35013d66cfcbe79e1bcedd6fb914278,2018-08-04 10:38:17,53.0,17,2018-07-26 16:51:15
af3ef48d0e13835e529c29ac573c63e5,1936ad02cf90caffb1558f148050521e,2018-08-06 14:39:15,53.0,18,2018-08-04 10:38:17
af3ef48d0e13835e529c29ac573c63e5,e36b754064ae37070ed35ef7a9fad5e2,2018-08-13 21:04:21,72.86,19,2018-08-06 14:39:15
af3ef48d0e13835e529c29ac573c63e5,80cfa0890f4319950ce8e5dae346a7b5,2018-08-20 15:47:56,53.0,20,2018-08-13 21:04:21
af3ef48d0e13835e529c29ac573c63e5,bbd7db7bb1fab02f393167df71863946,2018-08-22 19:43:54,53.0,21,2018-08-20 15:47:56
b16d3dadc47d4eb18be3d88bad0775ce,038862523957395d9316afa8b8b70976,2018-05-29 23:02:46,189.0,1,
b16d3dadc47d4eb18be3d88bad0775ce,38bb14b6a1e128205c524b7efa8aa007,2018-06-12 14:52:59,189.0,2,2018-05-29 23:02:46
b16d3dadc47d4eb18be3d88bad0775ce,3eee7c93497d482e7a3c335e325ea0ec,2018-06-13 07:47:48,89.8,3,2018-06-12 14:52:59
b16d3dadc47d4eb18be3d88bad0775ce,7b5f89bc09d40a73b09b4724e2680fa2,2018-06-21 22:20:42,24.9,4,2018-06-13 07:47:48
b16d3dadc47d4eb18be3d88bad0775ce,2ecc68b349bb1dbe198e18f315c4889b,2018-07-02 14:59:34,34.9,5,2018-06-21 22:20:42
b16d3dadc47d4eb18be3d88bad0775ce,98dbf8445c584d2354afd1a0ad55c033,2018-07-05 10:42:33,34.9,6,2018-07-02 14:59:34
b16d3dadc47d4eb18be3d88bad0775ce,a631b4515c67c5d6bb0555df14875938,2018-07-06 18:49:36,54.9,7,2018-07-05 10:42:33
b16d3dadc47d4eb18be3d88bad0775ce,3668477773eb5474d397777749d44f08,2018-07-10 23:16:46,24.9,8,2018-07-06 18:49:36
b16d3dadc47d4eb18be3d88bad0775ce,8c49dc4a643a15ef1db44391d2034366,2018-07-27 20:53:08,34.9,9,2018-07-10 23:16:46
b16d3dadc47d4eb18be3d88bad0775ce,bcfd2ea0ccf2b146eedf2384af0bf6ea,2018-08-16 22:06:01,44.9,10,2018-07-27 20:53:08
b3809b8d4394588a47c8470ea331e135,f5646e8203a36be7abc9ebb188926c39,2018-07-06 19:46:58,89.0,1,
b494891378bd8f4560abe576c52deacd,6e41c1b023ea08cb4744bbe97eedb35c,2018-06-28 18:50:51,124.9,1,
b494891378bd8f4560abe576c52deacd,dd804880e8bbe570f05a48fe008632e2,2018-07-01 15:38:20,89.9,2,2018-06-28 18:50:51
b494891378bd8f4560abe576c52deacd,53302305754d77daab8c64a29db8d8c4,2018-07-13 05:38:45,69.9,3,2018-07-01 15:38:20
b494891378bd8f4560abe576c52deacd,fbca6c23232528f7e627999990bbc39f,2018-07-21 20:35:15,153.9,4,2018-07-13 05:38:45
b494891378bd8f4560abe576c52deacd,a5d865e12e7e0f8952334691874959df,2018-07-31 17:01:59,418.8,5,2018-07-21 20:35:15
b494891378bd8f4560abe576c52deacd,4abba1209ac9ef2480b19c2e88391f23,2018-08-01 13:38:03,109.9,6,2018-07-31 17:01:59
b494891378bd8f4560abe576c52deacd,d6c8d8e00d2e01bca21b1638924f910a,2018-08-03 10:07:14,309.9,7,2018-08-01 13:38:03
b494891378bd8f4560abe576c52deacd,d72c87644eeb5b1c8658e9a34ad13f50,2018-08-05 23:44:51,79.9,8,2018-08-03 10:07:14
b494891378bd8f4560abe576c52deacd,08804ff605210017ad305e46cbd4e3c8,2018-08-06 12:26:08,169.9,9,2018-08-05 23:44:51
b494891378bd8f4560abe576c52deacd,83473068577d922cfe5ce5b7f409519d,2018-08-06 21:46:55,124.9,10,2018-08-06 12:26:08
b494891378bd8f4560abe576c52deacd,788fdf598d5dbd1de9c4865b1b1824bd,2018-08-07 19:38:33,99.9,11,2018-08-06 21:46:55
b494891378bd8f4560abe576c52deacd,2d5c2551306ebb8492eb8c36d062f314,2018-08-11 22:12:54,144.9,12,2018-08-07 19:38:33
b494891378bd8f4560abe576c52deacd,c97d02761ac50ebad2f99e2c4b710976,2018-08-12 18:56:34,69.9,13,2018-08-11 22:12:54
b494891378bd8f4560abe576c52deacd,fa8fe325f86ee264db13706bd82eed79,2018-08-13 11:55:34,129.9,14,2018-08-12 18:56:34
b494891378bd8f4560abe576c52deacd,b81c8d51d95fc3ddef4edbadb799c006,2018-08-14 19:48:58,226.9,15,2018-08-13 11:55:34
b494891378bd8f4560abe576c52deacd,bf63ff8d7ca75098eaba0418489ad64d,2018-08-17 13:15:40,99.9,16,2018-08-14 19:48:58
b494891378bd8f4560abe576c52deacd,260e68b2fc1a2d642a00af60af19b0aa,2018-08-19 09:51:24,127.9,17,2018-08-17 13:15:40
b494891378bd8f4560abe576c52deacd,66102db498a42db4dd18edc624df4a95,2018-08-19 18:45:02,127.9,18,2018-08-19 09:51:24
b494891378bd8f4560abe576c52deacd,faec57243cbdefccdabf032fc0bea9fc,2018-08-20 00:59:32,159.9,19,2018-08-19 18:45:02
b566ab0ef88016e00422755e305103c6,0c7a6b23056ca2e73c8b369698e1d781,2018-03-11 10:26:01,95.0,1,
b566ab0ef88016e00422755e305103c6,e1bcc5095d07604629d0bce9477d77a9,2018-03-27 10:24:28,195.0,2,2018-03-11 10:26:01
b566ab0ef88016e00422755e305103c6,6fe3414012f04c290481f594b854e6e1,2018-05-07 22:52:58,648.0,3,2018-03-27 10:24:28
b566ab0ef88016e00422755e305103c6,ec79ae97ce242a5f1ba6c9aa1dc902d9,2018-06-04 22:12:02,190.0,4,2018-05-07 22:52:58
b566ab0ef88016e00422755e305103c6,27b3b422cdb2f9f358214ae1b74c1365,2018-07-23 13:26:43,80.0,5,2018-06-04 22:12:02
b586cd24c010a13916af621b0325fbba,3dc05c1c3ad454112c2ba597457029ed,2018-06-17 21:50:12,149.99,1,
b586cd24c010a13916af621b0325fbba,2b57a0c3167cad0a95b15e00b748d5ca,2018-07-08 16:16:13,159.0,2,2018-06-17 21:50:12
b586cd24c010a13916af621b0325fbba,7999895f514b30a8de833a4b7c3dd042,2018-08-01 19:00:46,219.99,3,2018-07-08 16:16:13
b586cd24c010a13916af621b0325fbba,79e339edd187057a60d7cbe59df7526f,2018-08-14 19:59:07,139.99,4,2018-08-01 19:00:46
b586cd24c010a13916af621b0325fbba,0c6ec1022958b35c45335231ea396ad2,2018-08-21 21:09:59,149.99,5,2018-08-14 19:59:07
b586cd24c010a13916af621b0325fbba,f8a7f99695460acdbb89605f807bc78c,2018-08-23 11:27:36,289.98,6,2018-08-21 21:09:59
b64d51f0435e884e8de603b1655155ae,642999e824c9af8073453b0abf40a075,2018-04-07 11:00:35,19.99,1,
b64d51f0435e884e8de603b1655155ae,20400ea65a0eadb957f1fe55f3e1756a,2018-04-12 14:31:15,17.1,2,2018-04-07 11:00:35
b64d51f0435e884e8de603b1655155ae,86336bae769e4fb1af25f7bdb4b12cea,2018-05-20 00:10:13,16.0,3,2018-04-12 14:31:15
b64d51f0435e884e8de603b1655155ae,0a6941f89f53dc1f622f877b23601ed7,2018-06-03 10:45:31,20.4,4,2018-05-20 00:10:13
b64d51f0435e884e8de603b1655155ae,9f625a3ed898cbfe30b9f9ef44897889,2018-06-13 08:32:11,35.98,5,2018-06-03 10:45:31
b64d51f0435e884e8de603b1655155ae,f09e36e258656850b92657ac5f67b6d5,2018-07-03 12:37:02,3.0,6,2018-06-13 08:32:11
b64d51f0435e884e8de603b1655155ae,7c92284adbec8033d160303d83065dbf,2018-07-17 16:55:18,9.18,7,2018-07-03 12:37:02
b64d51f0435e884e8de603b1655155ae,dead1e90233baca62101df8aaa1f2b66,2018-07-18 17:09:11,57.0,8,2018-07-17 16:55:18
b64d51f0435e884e8de603b1655155ae,03dffd456132253d009d20fc4a228c9b,2018-07-22 23:27:13,12.99,9,2018-07-18 17:09:11
b64d51f0435e884e8de603b1655155ae,f672188ca89296f0a903617f5fca8d17,2018-08-05 17:08:02,8.45,10,2018-07-22 23:27:13
b64d51f0435e884e8de603b1655155ae,0e0170b61d0a01970751c69f238a4dc2,2018-08-07 15:58:39,95.1,11,2018-08-05 17:08:02
b64d51f0435e884e8de603b1655155ae,c4a813b981516ec9f56994ad042d9fbd,2018-08-09 18:06:55,27.99,12,2018-08-07 15:58:39
b64d51f0435e884e8de603b1655155ae,f9ccaff7267fd0cf076e795b1fae8b69,2018-08-10 13:47:16,3.0,13,2018-08-09 18:06:55
b64d51f0435e884e8de603b1655155ae,71b2f4ee75a2ad70a20e594c8638b23d,2018-08-16 08:29:20,18.55,14,2018-08-10 13:47:16
b64d51f0435e884e8de603b1655155ae,f9ea79e9f9906b0d3b9c85e8931e8efb,2018-08-16 09:13:02,45.6,15,2018-08-16 08:29:20
b64d51f0435e884e8de603b1655155ae,9014b176a3efa6ac1b06cc50cf2d3fff,2018-08-20 13:03:33,14.5,16,2018-08-16 09:13:02
b64d51f0435e884e8de603b1655155ae,3aee056d5b3555ca96a8090761a712b6,2018-08-24 10:35:52,11.35,17,2018-08-20 13:03:33
b67d6c666e8dce1d078c882825e12704,f45d4bc023494c0c4d9c67630a9d52fc,2018-07-06 12:11:22,21.6,1,
b67d6c666e8dce1d078c882825e12704,c37d41945512f0cfbcdd0f085bbd04d8,2018-07-13 14:58:58,190.54,2,2018-07-06 12:11:22
b67d6c666e8dce1d078c882825e12704,1055cb7f0f2cfc6ec8a445b1034c2546,2018-07-22 11:12:52,14.5,3,2018-07-13 14:58:58
b67d6c666e8dce1d078c882825e12704,67528c4b8b629d9cbb51da492c6a9ec4,2018-07-22 13:01:27,45.05,4,2018-07-22 11:12:52
b67d6c666e8dce1d078c882825e12704,fd5927a8b0df47e0c144562b54b228f2,2018-07-31 11:11:12,21.6,5,2018-07-22 13:01:27
b67d6c666e8dce1d078c882825e12704,1d9c55c6ee885e00633510da321b569f,2018-08-03 10:53:28,45.05,6,2018-07-31 11:11:12
b67d6c666e8dce1d078c882825e12704,a373ffc34c4613f5136ec29b5af247e4,2018-08-08 16:42:07,14.5,7,2018-08-03 10:53:28
b9ec22de23f18567de0e09d776ca0309,e05c70b1a907c3b1dd902acddb66b5ea,2018-06-22 14:30:06,199.99,1,
b9ec22de23f18567de0e09d776ca0309,48d5b6816e1f11f1272000b4af1fd7ed,2018-08-14 23:20:29,141.99,2,2018-06-22 14:30:06
ba143b05f0110f0dc71ad71b4466ce92,377696852de6926eeb2b8322d847a15b,2018-04-24 13:18:10,76.99,1,
ba143b05f0110f0dc71ad71b4466ce92,034fe9142b806fe19c1cbc1c752ab08d,2018-04-28 14:44:05,37.5,2,2018-04-24 13:18:10
ba143b05f0110f0dc71ad71b4466ce92,c1d674e39c5817a71ecd386821d865c4,2018-04-29 08:50:21,57.49,3,2018-04-28 14:44:05
ba143b05f0110f0dc71ad71b4466ce92,b82c76472b3bc51acb8f5db576ec974f,2018-04-29 16:38:27,57.49,4,2018-04-29 08:50:21
ba143b05f0110f0dc71ad71b4466ce92,dbc0a83e6165e4eed41ed8ad3007194a,2018-04-29 20:14:36,57.49,5,2018-04-29 16:38:27
ba143b05f0110f0dc71ad71b4466ce92,e5ede2994d0d9af5205331bb7b222d3e,2018-04-30 15:43:07,57.49,6,2018-04-29 20:14:36
ba143b05f0110f0dc71ad71b4466ce92,34a989b4dcc21e3151e957dfe67df824,2018-05-01 12:31:07,57.49,7,2018-04-30 15:43:07
ba143b05f0110f0dc71ad71b4466ce92,03d6e874e44c091359a3ad62f2bec233,2018-05-02 13:42:27,57.49,8,2018-05-01 12:31:07
ba143b05f0110f0dc71ad71b4466ce92,33d3d6ef8e5cb45848d12d1a05bc1d1e,2018-05-03 01:54:33,57.49,9,2018-05-02 13:42:27
ba143b05f0110f0dc71ad71b4466ce92,ec4f4f7e31b79905b7626cbbdf077813,2018-05-03 19:11:29,57.89,10,2018-05-03 01:54:33
ba143b05f0110f0dc71ad71b4466ce92,83bdd2499feae1bac3b451293f37ebf6,2018-05-04 14:57:17,57.89,11,2018-05-03 19:11:29
ba143b05f0110f0dc71ad71b4466ce92,3644a0f31cdec4bf8c4b7b9285a21c9b,2018-05-04 17:58:27,57.89,12,2018-05-04 14:57:17
ba143b05f0110f0dc71ad71b4466ce92,fc6ef99a4b7e2803585c610285aef179,2018-05-05 08:27:10,57.89,13,2018-05-04 17:58:27
ba143b05f0110f0dc71ad71b4466ce92,795c82851ecf97d34d24459d11a86a40,2018-05-05 10:11:19,83.99,14,2018-05-05 08:27:10
ba143b05f0110f0dc71ad71b4466ce92,8d197eef337470b4ef3c9d7ef80d14fb,2018-05-06 19:01:58,57.89,15,2018-05-05 10:11:19
ba143b05f0110f0dc71ad71b4466ce92,3a5e90544587e9755b94618af63ab9de,2018-05-07 18:02:15,57.89,16,2018-05-06 19:01:58
ba143b05f0110f0dc71ad71b4466ce92,157ca6af9e09fbc0742ec25ceb3f0f67,2018-05-07 18:42:24,57.89,17,2018-05-07 18:02:15
ba143b05f0110f0dc71ad71b4466ce92,79f0fd0747eee58c3980cc9cdb2afbb1,2018-05-08 15:27:23,57.89,18,2018-05-07 18:42:24
ba143b05f0110f0dc71ad71b4466ce92,a36a813c74f1991b48c5e3403bcebba5,2018-05-08 16:06:32,57.89,19,2018-05-08 15:27:23
ba143b05f0110f0dc71ad71b4466ce92,322cf8d33165964665e1529f6cbf4f28,2018-05-08 17:13:13,51.49,20,2018-05-08 16:06:32
ba143b05f0110f0dc71ad71b4466ce92,a2c0b600ee987c3536f835e83313d63b,2018-05-08 19:50:19,57.89,21,2018-05-08 17:13:13
ba143b05f0110f0dc71ad71b4466ce92,8a90aa7c88256981f18784086121349c,2018-05-09 09:58:45,83.99,22,2018-05-08 19:50:19
ba143b05f0110f0dc71ad71b4466ce92,43900dda470fa7bbf2a0bcae68491435,2018-05-09 12:45:54,115.78,23,2018-05-09 09:58:45
ba143b05f0110f0dc71ad71b4466ce92,4da1c4073a1bdbb3968cd681337f254d,2018-05-09 17:38:07,57.89,24,2018-05-09 12:45:54
ba143b05f0110f0dc71ad71b4466ce92,646484e2931fb5d965e847f865fbc26a,2018-05-10 10:30:41,57.89,25,2018-05-09 17:38:07
ba143b05f0110f0dc71ad71b4466ce92,c1c2ca16c60c1904fe27ba8b0f864855,2018-05-10 14:36:44,111.99,26,2018-05-10 10:30:41
ba143b05f0110f0dc71ad71b4466ce92,a1ab6845d58938601eb0043797e0c3be,2018-05-14 12:33:23,57.89,27,2018-05-10 14:36:44
ba143b05f0110f0dc71ad71b4466ce92,e4175c48cab7af2bed0f9d9001f006af,2018-05-15 18:55:23,57.89,28,2018-05-14 12:33:23
ba143b05f0110f0dc71ad71b4466ce92,8a8bd4a338e17ace44431e99a2add1d2,2018-05-15 21:31:55,83.99,29,2018-05-15 18:55:23
ba143b05f0110f0dc71ad71b4466ce92,cdb4c1d38fee4e877cf3102aa0c5b814,2018-05-16 01:42:58,98.99,30,2018-05-15 21:31:55
ba143b05f0110f0dc71ad71b4466ce92,3a584d92b987a7c7424dbff14eea843c,2018-05-16 08:16:32,57.89,31,2018-05-16 01:42:58
ba143b05f0110f0dc71ad71b4466ce92,6a2bb0f0f146e59e7b2669959798670e,2018-05-16 13:16:35,57.89,32,2018-05-16 08:16:32
ba143b05f0110f0dc71ad71b4466ce92,07c33a9470d0df2a30cc8a8ebd0288d1,2018-05-16 18:29:24,83.99,33,2018-05-16 13:16:35
ba143b05f0110f0dc71ad71b4466ce92,efd2fcff6bef918e8a4ad7bb4c829acf,2018-05-17 16:42:34,57.89,34,2018-05-16 18:29:24
ba143b05f0110f0dc71ad71b4466ce92,7cb430e983dbba3559fa0f62ec454d5a,2018-05-17 21:05:51,57.89,35,2018-05-17 16:42:34
ba143b05f0110f0dc71ad71b4466ce92,6262db458a330005c5c5de9806d09584,2018-05-18 21:20:36,91.99,36,2018-05-17 21:05:51
ba143b05f0110f0dc71ad71b4466ce92,8f003b284055ebd824f3f4b259a49045,2018-05-18 22:32:01,57.89,37,2018-05-18 21:20:36
ba143b05f0110f0dc71ad71b4466ce92,4b13014a5302b496d85822e47906556c,2018-05-20 18:46:16,57.89,38,2018-05-18 22:32:01
ba143b05f0110f0dc71ad71b4466ce92,150f52d53dc64bc95bac1d22d50fdcb5,2018-05-20 20:48:30,57.89,39,2018-05-20 18:46:16
ba143b05f0110f0dc71ad71b4466ce92,8e0681f2a4f1f64042b59780dc46125d,2018-05-21 16:27:39,201.99,40,2018-05-20 20:48:30
ba143b05f0110f0dc71ad71b4466ce92,b7ada522cfb63d2f443ab987bd38c885,2018-05-21 18:20:05,111.99,41,2018-05-21 16:27:39
ba143b05f0110f0dc71ad71b4466ce92,dc7bacef52434bbb170215d90c616a54,2018-05-22 08:35:42,57.89,42,2018-05-21 18:20:05
ba143b05f0110f0dc71ad71b4466ce92,3c1bdb3d635a802bc38ca0b87c14f2e5,2018-05-22 09:36:38,57.89,43,2018-05-22 08:35:42
ba143b05f0110f0dc71ad71b4466ce92,ff92fd3088a85112214acbc08d72afbf,2018-05-22 20:17:56,57.89,44,2018-05-22 09:36:38
ba143b05f0110f0dc71ad71b4466ce92,e3acdd7e09cf9634ef55e156730bb843,2018-05-23 10:07:15,57.89,45,2018-05-22 20:17:56
ba143b05f0110f0dc71ad71b4466ce92,1a2f6c0996af3c2c4aa6eb3e3d536e0b,2018-05-23 12:46:35,57.89,46,2018-05-23 10:07:15
ba143b05f0110f0dc71ad71b4466ce92,81672c21ff06fb612df0660ff7d9ae06,2018-05-29 10:48:05,57.89,47,2018-05-23 12:46:35
ba143b05f0110f0dc71ad71b4466ce92,eed6de9f4e402f8a8f204646b98307ab,2018-05-30 02:17:36,57.89,48,2018-05-29 10:48:05
ba143b05f0110f0dc71ad71b4466ce92,c19eed4d32cfb9fb91c6966ce38f7aa0,2018-06-03 15:23:56,108.99,49,2018-05-30 02:17:36
ba143b05f0110f0dc71ad71b4466ce92,3f0cb8f5398fd5dc8e3b02e308391a63,2018-06-06 13:29:57,88.99,50,2018-06-03 15:23:56
ba143b05f0110f0dc71ad71b4466ce92,92758dbac7384604fdbbd5e1715a1625,2018-06-12 00:38:07,57.89,51,2018-06-06 13:29:57
ba143b05f0110f0dc71ad71b4466ce92,7be91eab3dac2edd89fc7f519e1649f5,2018-06-14 14:23:22,108.99,52,2018-06-12 00:38:07
ba143b05f0110f0dc71ad71b4466ce92,f965447beec09309bb42c89aec32404d,2018-06-18 10:17:41,76.99,53,2018-06-14 14:23:22
ba143b05f0110f0dc71ad71b4466ce92,fdf60756868209e239918ee0264ef6d6,2018-06-18 15:50:02,58.99,54,2018-06-18 10:17:41
ba143b05f0110f0dc71ad71b4466ce92,a29bcf8d70584aadea21cb6b6f80ea56,2018-06-18 19:25:28,57.89,55,2018-06-18 15:50:02
ba143b05f0110f0dc71ad71b4466ce92,5791377a72320ea9128214180b17c54f,2018-06-20 20:02:11,57.89,56,2018-06-18 19:25:28
ba143b05f0110f0dc71ad71b4466ce92,5ec380985852821300051ef687ab6254,2018-06-21 19:28:14,68.99,57,2018-06-20 20:02:11
ba143b05f0110f0dc71ad71b4466ce92,01c1644529b18608f086d2ff0f3b8181,2018-06-23 09:55:44,103.99,58,2018-06-21 19:28:14
ba143b05f0110f0dc71ad71b4466ce92,e6fd9f0475405c18cd73f21ec473814a,2018-06-23 11:17:27,57.89,59,2018-06-23 09:55:44
ba143b05f0110f0dc71ad71b4466ce92,0005f50442cb953dcd1d21e1fb923495,2018-07-02 13:59:39,53.99,60,2018-06-23 11:17:27
ba143b05f0110f0dc71ad71b4466ce92,4f3a6e28d764cf896b1fceb0028422c8,2018-07-03 09:34:16,108.99,61,2018-07-02 13:59:39
ba143b05f0110f0dc71ad71b4466ce92,ddc904ea8bd4313e136beae61948c20d,2018-07-03 14:37:25,103.99,62,2018-07-03 09:34:16
ba143b05f0110f0dc71ad71b4466ce92,4cdbb26aa0dc8e7179f33edf59722fa8,2018-07-03 19:29:11,53.99,63,2018-07-03 14:37:25
ba143b05f0110f0dc71ad71b4466ce92,244e8c98d54a7a388245e6b5b85d37ee,2018-07-04 21:32:55,57.89,64,2018-07-03 19:29:11
ba143b05f0110f0dc71ad71b4466ce92,d40f37941fe5d7cc0ee5bf4180ae9f3d,2018-07-05 15:24:52,93.99,65,2018-07-04 21:32:55
ba143b05f0110f0dc71ad71b4466ce92,40ef667b4259d5f521a0fd1a093d0415,2018-07-11 19:25:07,53.99,66,2018-07-05 15:24:52
ba143b05f0110f0dc71ad71b4466ce92,c006bbd1a1ae4337965b7ad0dac0c61e,2018-07-11 20:32:52,58.99,67,2018-07-11 19:25:07
ba143b05f0110f0dc71ad71b4466ce92,e15c6296371161f7eabd6ce8335b5b51,2018-07-13 11:36:36,121.99,68,2018-07-11 20:32:52
ba143b05f0110f0dc71ad71b4466ce92,7bda7fb1e596f90f607376af2ca647cd,2018-07-15 16:57:17,83.99,69,2018-07-13 11:36:36
ba143b05f0110f0dc71ad71b4466ce92,3860898db238028285b1e05b5ab31238,2018-07-19 08:45:23,48.99,70,2018-07-15 16:57:17
ba143b05f0110f0dc71ad71b4466ce92,a7e92306fa96254682b3081d01ef6ba3,2018-07-23 09:37:41,58.99,71,2018-07-19 08:45:23
ba143b05f0110f0dc71ad71b4466ce92,6ce2f6c46900d2944aa402979ff81e6c,2018-07-23 12:55:39,93.99,72,2018-07-23 09:37:41
ba143b05f0110f0dc71ad71b4466ce92,5c2d1d55c31db1cbe069dc9b6454b897,2018-07-23 18:27:07,93.99,73,2018-07-23 12:55:39
ba143b05f0110f0dc71ad71b4466ce92,27a67bd7466cbdf5af5708129e2ca7e5,2018-07-26 12:43:09,37.5,74,2018-07-23 18:27:07
ba143b05f0110f0dc71ad71b4466ce92,47d8487055416af863e81cb7f28f4f19,2018-07-31 13:07:37,93.99,75,2018-07-26 12:43:09
ba143b05f0110f0dc71ad71b4466ce92,c8f75f6121e5b471d9e207771a2a5367,2018-08-02 12:06:30,58.99,76,2018-07-31 13:07:37
ba143b05f0110f0dc71ad71b4466ce92,c4bd023ec3c8f99bdc3a817584217988,2018-08-02 14:18:50,93.99,77,2018-08-02 12:06:30
ba143b05f0110f0dc71ad71b4466ce92,5b01111319bb33fcc77bb2aef3e938ff,2018-08-04 14:57:19,193.99,78,2018-08-02 14:18:50
ba143b05f0110f0dc71ad71b4466ce92,d68d5c93a1000f0278b511ffa6aeaa50,2018-08-06 12:11:14,37.5,79,2018-08-04 14:57:19
ba143b05f0110f0dc71ad71b4466ce92,2df3629aa299e4d981055ac3f6be5817,2018-08-07 19:13:29,93.99,80,2018-08-06 12:11:14
ba143b05f0110f0dc71ad71b4466ce92,0e7be6aaa59ac324e8b9b4e71a84f3be,2018-08-14 14:34:56,68.99,81,2018-08-07 19:13:29
ba143b05f0110f0dc71ad71b4466ce92,9d0ca265751868d6105b4e52c50125a9,2018-08-14 18:05:43,37.5,82,2018-08-14 14:34:56
ba143b05f0110f0dc71ad71b4466ce92,7fdf1bc0675e3bf96a0375e4d84ec39a,2018-08-18 21:58:12,88.99,83,2018-08-14 18:05:43
ba90964cff9b9e0e6f32b23b82465f7b,1f252fa03fef3a7b2d16c2dd20de006d,2018-02-25 12:47:36,140.0,1,
ba90964cff9b9e0e6f32b23b82465f7b,5ab757281ff67823b81ca9b6cfd13e21,2018-03-11 17:27:22,629.0,2,2018-02-25 12:47:36
ba90964cff9b9e0e6f32b23b82465f7b,43e377b8eb0c36efdec49438986066b3,2018-03-12 23:16:34,1199.0,3,2018-03-11 17:27:22
ba90964cff9b9e0e6f32b23b82465f7b,d675ff7bfc118fec4fd8b0d728c27cec,2018-03-13 12:30:59,1199.0,4,2018-03-12 23:16:34
ba90964cff9b9e0e6f32b23b82465f7b,e8198fb86447455d67c1ddd0b3a068b2,2018-03-16 18:05:28,1199.0,5,2018-03-13 12:30:59
ba90964cff9b9e0e6f32b23b82465f7b,3c4a05391c2fcd152731f52de8fc4347,2018-03-18 14:08:48,2899.0,6,2018-03-16 18:05:28
ba90964cff9b9e0e6f32b23b82465f7b,be8b6bb87fabe5bece6e7a3ecc1f1f8d,2018-03-25 18:44:43,1399.0,7,2018-03-18 14:08:48
ba90964cff9b9e0e6f32b23b82465f7b,8ed8d60cc2df2b29e93a93ec47189c07,2018-03-27 16:50:06,1099.0,8,2018-03-25 18:44:43
ba90964cff9b9e0e6f32b23b82465f7b,db8dae6558474743510d1f434b6bae14,2018-03-29 11:04:21,1799.0,9,2018-03-27 16:50:06
ba90964cff9b9e0e6f32b23b82465f7b,476fc9fd42dd474f1b044aa18508596a,2018-03-29 17:45:05,899.0,10,2018-03-29 11:04:21
ba90964cff9b9e0e6f32b23b82465f7b,44259226d73d340f929777553ecf199b,2018-03-30 13:36:43,299.0,11,2018-03-29 17:45:05
ba90964cff9b9e0e6f32b23b82465f7b,ac64f79a33bfa575fc5a17e7926df3d5,2018-04-01 18:27:01,1099.0,12,2018-03-30 13:36:43
ba90964cff9b9e0e6f32b23b82465f7b,de2bff9e29299dc921f2e276c8408400,2018-04-02 22:30:35,1199.0,13,2018-04-01 18:27:01
ba90964cff9b9e0e6f32b23b82465f7b,b30daa3083a4f16474a6976ca25d520f,2018-04-06 16:21:10,1999.0,14,2018-04-02 22:30:35
ba90964cff9b9e0e6f32b23b82465f7b,c67741bd4d11de0a38dd4b3947612f70,2018-04-07 13:42:38,1299.0,15,2018-04-06 16:21:10
ba90964cff9b9e0e6f32b23b82465f7b,0bcaf262925111aa4be36f35bcb92fdd,2018-04-08 19:26:09,138.9,16,2018-04-07 13:42:38
ba90964cff9b9e0e6f32b23b82465f7b,49ef8c27301b117dac497090ecd4876d,2018-04-12 10:34:37,1499.0,17,2018-04-08 19:26:09
ba90964cff9b9e0e6f32b23b82465f7b,36749cbf5c327d95990050cbaa0f41fd,2018-04-16 18:29:52,899.0,18,2018-04-12 10:34:37
ba90964cff9b9e0e6f32b23b82465f7b,b12c22449b10c20ca59c61ae92eb3e72,2018-04-19 16:36:33,899.0,19,2018-04-16 18:29:52
ba90964cff9b9e0e6f32b23b82465f7b,0905da36ee109b78ec1a3c9e089148a0,2018-04-24 23:24:26,1999.0,20,2018-04-19 16:36:33
ba90964cff9b9e0e6f32b23b82465f7b,c3b2c9ce918dcc0fdf5053927cd0ff8e,2018-04-30 09:38:14,1499.0,21,2018-04-24 23:24:26
ba90964cff9b9e0e6f32b23b82465f7b,0d902dd22c7c40a55b0edbd70ab87fc3,2018-05-04 10:32:08,159.0,22,2018-04-30 09:38:14
ba90964cff9b9e0e6f32b23b82465f7b,f0dd7f3ebe1b0ce1db4e4da55000d43a,2018-05-07 13:26:02,858.9,23,2018-05-04 10:32:08
ba90964cff9b9e0e6f32b23b82465f7b,7faf8b9448b66f4a3ac98a312b3e7609,2018-05-08 17:18:14,979.0,24,2018-05-07 13:26:02
ba90964cff9b9e0e6f32b23b82465f7b,a653bb2e2418fd13d746e3639879aa83,2018-05-09 10:34:53,979.0,25,2018-05-08 17:18:14
ba90964cff9b9e0e6f32b23b82465f7b,11a6156f787eb963fb211db50db44d99,2018-05-11 20:26:43,1799.0,26,2018-05-09 10:34:53
ba90964cff9b9e0e6f32b23b82465f7b,455bf541177a461fcbfa125d0f9bcf86,2018-05-12 18:33:49,1199.0,27,2018-05-11 20:26:43
ba90964cff9b9e0e6f32b23b82465f7b,1ab81205bd97428adba5715c92dae13a,2018-05-13 15:41:30,858.9,28,2018-05-12 18:33:49
ba90964cff9b9e0e6f32b23b82465f7b,03b70c61372aebf257ccfacc6ca0aa58,2018-05-13 15:50:44,858.9,29,2018-05-13 15:41:30
ba90964cff9b9e0e6f32b23b82465f7b,fb1ddf834a88bd14684fbc3242c4a46c,2018-05-16 16:58:47,1799.0,30,2018-05-13 15:50:44
ba90964cff9b9e0e6f32b23b82465f7b,d57bfb04ec74aabf320e6e62442a28cb,2018-05-17 20:53:34,858.9,31,2018-05-16 16:58:47
ba90964cff9b9e0e6f32b23b82465f7b,d1ea13fc1406243e6f6134582bf1bbc5,2018-05-19 18:18:10,1399.0,32,2018-05-17 20:53:34
ba90964cff9b9e0e6f32b23b82465f7b,fb8c84f49d464b75f05a3de37923fc87,2018-05-24 00:52:36,1799.0,33,2018-05-19 18:18:10
ba90964cff9b9e0e6f32b23b82465f7b,e6c7749520fc49e6ede435a6996d5f0e,2018-06-10 21:28:17,1199.0,34,2018-05-24 00:52:36
ba90964cff9b9e0e6f32b23b82465f7b,03b31f549c27d03bed25fc42ddb46138,2018-06-12 10:17:58,1999.0,35,2018-06-10 21:28:17
ba90964cff9b9e0e6f32b23b82465f7b,0c532a9c46c5090a74edf2c28388699a,2018-07-11 18:33:35,779.0,36,2018-06-12 10:17:58
ba90964cff9b9e0e6f32b23b82465f7b,2d3bc1f6ed458a137c51adc3cab7a488,2018-08-06 09:21:25,1099.0,37,2018-07-11 18:33:35
ba90964cff9b9e0e6f32b23b82465f7b,a0d3b62390e72dcfd8fc6b29c1af0061,2018-08-15 18:28:56,299.0,38,2018-08-06 09:21:25
bb2afe2061d53c6968aa0cffa233a8ec,b5afd0718531dfc9e9ea16d79715fd8a,2018-05-09 17:11:55,225.8,1,
bb2afe2061d53c6968aa0cffa233a8ec,f7a6299376c602638dba07921850c6b8,2018-05-14 13:29:52,35.9,2,2018-05-09 17:11:55
bb2afe2061d53c6968aa0cffa233a8ec,982f11c6a768ad4cd2c08c45b259e5a8,2018-05-22 22:45:50,61.9,3,2018-05-14 13:29:52
bb2afe2061d53c6968aa0cffa233a8ec,74322a01b770c2ea38b56ed4c96071df,2018-07-19 09:22:39,157.9,4,2018-05-22 22:45:50
bb2afe2061d53c6968aa0cffa233a8ec,b813092d64bf6be705b1f343068429fb,2018-07-21 23:56:29,67.9,5,2018-07-19 09:22:39
bb7ad8a45c027be8ab075b8e465f8ca0,d3ba9cc2ed6bfcb179c9d654974de7f7,2018-07-22 22:54:11,9.99,1,
bb7ad8a45c027be8ab075b8e465f8ca0,24f5dc88cf8969a2b269177862050e09,2018-07-28 13:17:15,9.99,2,2018-07-22 22:54:11
bba8d0c234a52b87b3957037a215d1a4,2f476441218b4faaa8ee368db996f948,2018-05-04 19:24:09,120.0,1,
bbe87dce25ba8b38bb61cc7210a3f10b,ea1104bc82d4e7144bb17b3d7853a930,2018-05-11 10:13:31,68.0,1,
bbe87dce25ba8b38bb61cc7210a3f10b,c7e9244a9fdf9ae33fd94f55e7e24741,2018-08-24 09:18:20,219.0,2,2018-05-11 10:13:31
bc8c8d665ec4664d286be0d521722b19,369c055c7ea13627ab3d3100c5af3e8b,2018-08-06 15:03:53,22.5,1,
bce6a5ecf98e99fd2a8868b15c51f04b,0ed6d545d159bc1c0786d83a66c1cd03,2018-06-02 10:10:55,799.0,1,
bce6a5ecf98e99fd2a8868b15c51f04b,71a88ca55a16c100b22fa5dace71266a,2018-06-02 22:36:30,572.9,2,2018-06-02 10:10:55
bce6a5ecf98e99fd2a8868b15c51f04b,1d368a43ab595c909b1be8fa55d9fe9e,2018-06-16 11:21:37,650.0,3,2018-06-02 22:36:30
bce6a5ecf98e99fd2a8868b15c51f04b,00ba57ae98928df6ba6ec9d3d8d4b1b7,2018-07-16 22:06:13,130.0,4,2018-06-16 11:21:37
bce6a5ecf98e99fd2a8868b15c51f04b,35d2e9d7381058ab6ecbb845bb1dec37,2018-07-17 23:14:07,130.0,5,2018-07-16 22:06:13
bce6a5ecf98e99fd2a8868b15c51f04b,bd772752df70fa0a00d2e0854285e419,2018-07-21 22:28:18,110.0,6,2018-07-17 23:14:07
bce6a5ecf98e99fd2a8868b15c51f04b,7f13340e916ed8270e11c9e840317f98,2018-07-22 00:01:36,110.0,7,2018-07-21 22:28:18
bce6a5ecf98e99fd2a8868b15c51f04b,9ac8e7603c11157bde10d9121494b593,2018-07-22 04:56:23,110.0,8,2018-07-22 00:01:36
bce6a5ecf98e99fd2a8868b15c51f04b,8864a2d847bb201242e03cab4d54994c,2018-07-22 10:01:57,110.0,9,2018-07-22 04:56:23
bce6a5ecf98e99fd2a8868b15c51f04b,4d59391202a2a67c2e2fea6f349a67f5,2018-08-13 13:14:03,250.0,10,2018-07-22 10:01:57
bce6a5ecf98e99fd2a8868b15c51f04b,92de9d50e681619c103a7634c2f8bdaf,2018-08-13 17:28:36,125.0,11,2018-08-13 13:14:03
bce6a5ecf98e99fd2a8868b15c51f04b,58274272cfde0e71c0ee61eaee5a60e1,2018-08-14 22:35:01,125.0,12,2018-08-13 17:28:36
bce6a5ecf98e99fd2a8868b15c51f04b,7e8dc21f44e46302a51e046680bc6598,2018-08-16 08:21:25,125.0,13,2018-08-14 22:35:01
bce6a5ecf98e99fd2a8868b15c51f04b,49096a052563c7c07964cb46f6f4d572,2018-08-22 10:51:09,118.0,14,2018-08-16 08:21:25
bd4431c1a8dfa744b59e1e2a8bc99b9e,36a21ebc447622cc9eb08312851c256c,2018-04-05 22:09:05,55.0,1,
bd4431c1a8dfa744b59e1e2a8bc99b9e,c6735c93a3773ffe872b4184ccfdad09,2018-04-25 09:55:08,139.9,2,2018-04-05 22:09:05
bd4431c1a8dfa744b59e1e2a8bc99b9e,d4da0eae97584a51df1e150a105e4f20,2018-04-25 11:30:10,229.9,3,2018-04-25 09:55:08
bd4431c1a8dfa744b59e1e2a8bc99b9e,df982d6b3644712f7d5070f053c8009a,2018-05-04 23:45:36,139.9,4,2018-04-25 11:30:10
bd4431c1a8dfa744b59e1e2a8bc99b9e,c463f0035fecd4a308f67cfe0bef72a3,2018-05-09 16:09:00,55.0,5,2018-05-04 23:45:36
bd4431c1a8dfa744b59e1e2a8bc99b9e,64994605d8b781cada123b1d5c06d637,2018-08-07 19:13:25,49.9,6,2018-05-09 16:09:00
bd4431c1a8dfa744b59e1e2a8bc99b9e,2d26e963bdb342dbdae1fad7ad2ea511,2018-08-14 12:35:00,139.9,7,2018-08-07 19:13:25
bdae679a9b282249bc23b9b69dae9a99,1b4109ba78bafb5f1d4d5fb9f74b5d44,2018-02-14 11:37:48,59.99,1,
bdae679a9b282249bc23b9b69dae9a99,37cd892c7a6275aecbe6dfdcee8de6b7,2018-05-11 06:35:30,265.96,2,2018-02-14 11:37:48
bdae679a9b282249bc23b9b69dae9a99,e1f37ead3c565a7f54eead433530c790,2018-05-19 22:49:36,10.0,3,2018-05-11 06:35:30
bdae679a9b282249bc23b9b69dae9a99,24385221c8f9f6a31323b73db64f869e,2018-06-21 19:00:44,130.0,4,2018-05-19 22:49:36
bdae679a9b282249bc23b9b69dae9a99,92f21edc7e69a84e3e521e9adc7c83b8,2018-07-20 21:21:06,130.0,5,2018-06-21 19:00:44
bdae679a9b282249bc23b9b69dae9a99,674eb13687ba86abeaee12ece9ce0309,2018-08-13 12:13:40,67.2,6,2018-07-20 21:21:06
bec568278124768c474ee90971ca94d1,4921567919029aa0950f3ebec0f91169,2018-06-17 22:38:30,20.9,1,
bec568278124768c474ee90971ca94d1,1e677b19d299a71e33c95a270f656703,2018-07-30 19:24:57,199.0,2,2018-06-17 22:38:30
bf00385a5f7fc1ef39a13c2e9ee50a5f,64a22766d8a3975ba61edc4943501e24,2018-07-03 15:45:08,17.9,1,
bf00385a5f7fc1ef39a13c2e9ee50a5f,c2c8a6bf69f9530b40dbe6b53119fcd0,2018-07-07 18:59:28,32.9,2,2018-07-03 15:45:08
bf00385a5f7fc1ef39a13c2e9ee50a5f,2b8964f15c12ac5df6946804df101d82,2018-07-07 21:30:58,19.9,3,2018-07-07 18:59:28
bf00385a5f7fc1ef39a13c2e9ee50a5f,7edec473f1cd19fe9a5fcc2b2290a7f7,2018-07-08 11:32:41,17.9,4,2018-07-07 21:30:58
bf00385a5f7fc1ef39a13c2e9ee50a5f,9729a585634ed0ce4a0f4e38763c31da,2018-07-12 17:31:37,32.9,5,2018-07-08 11:32:41
bf00385a5f7fc1ef39a13c2e9ee50a5f,b58613b6198d11176ee50ef1d433bfbd,2018-07-17 17:42:27,26.9,6,2018-07-12 17:31:37
bf00385a5f7fc1ef39a13c2e9ee50a5f,38148c3810e7b739572bd17e7345de0e,2018-07-18 16:38:14,21.9,7,2018-07-17 17:42:27
bf00385a5f7fc1ef39a13c2e9ee50a5f,27cccab59c02b5c742ec003898dfabec,2018-07-23 10:31:16,19.9,8,2018-07-18 16:38:14
bf00385a5f7fc1ef39a13c2e9ee50a5f,cf68118a73d946c12f379bfcaa85e9f0,2018-07-23 15:06:22,42.9,9,2018-07-23 10:31:16
bf00385a5f7fc1ef39a13c2e9ee50a5f,25f606824a2b8532c1d6a6d38f501b02,2018-07-23 17:18:12,14.9,10,2018-07-23 15:06:22
bf00385a5f7fc1ef39a13c2e9ee50a5f,30912e56cd416bbcbd9d3282e643c27e,2018-07-26 13:19:41,15.0,11,2018-07-23 17:18:12
bf00385a5f7fc1ef39a13c2e9ee50a5f,3f1d42a217afb22fc9ee819f602664b2,2018-07-27 12:27:02,59.9,12,2018-07-26 13:19:41
bf00385a5f7fc1ef39a13c2e9ee50a5f,082388d7ce9557ef064199ef978a8f3e,2018-07-29 21:02:36,14.9,13,2018-07-27 12:27:02
bf00385a5f7fc1ef39a13c2e9ee50a5f,818682a31ca442be80d20a2ae4330156,2018-07-30 13:22:12,22.9,14,2018-07-29 21:02:36
bf00385a5f7fc1ef39a13c2e9ee50a5f,e8f10e96c2974b2d58613a46cfef346b,2018-07-31 08:57:40,59.9,15,2018-07-30 13:22:12
bf00385a5f7fc1ef39a13c2e9ee50a5f,fb10c8bcc7ea9a61120a84484aef8553,2018-08-02 12:06:25,15.0,16,2018-07-31 08:57:40
bf00385a5f7fc1ef39a13c2e9ee50a5f,b90228d9050d13c266a67be0e92ccd00,2018-08-03 17:04:13,23.9,17,2018-08-02 12:06:25
bf00385a5f7fc1ef39a13c2e9ee50a5f,44900db49b182f4c5488152220bed716,2018-08-05 12:37:17,59.9,18,2018-08-03 17:04:13
bf00385a5f7fc1ef39a13c2e9ee50a5f,f67e17b84d5d476bc5478e79ed177a3d,2018-08-07 10:20:26,32.9,19,2018-08-05 12:37:17
bf00385a5f7fc1ef39a13c2e9ee50a5f,cf61ad2218e5c14397e7c0ba7a6a50f9,2018-08-08 10:25:55,19.9,20,2018-08-07 10:20:26
bf00385a5f7fc1ef39a13c2e9ee50a5f,a77696c7b42da1121205a92ddae7b5c7,2018-08-10 12:09:09,32.9,21,2018-08-08 10:25:55
bf00385a5f7fc1ef39a13c2e9ee50a5f,d338e94a703f4d7af1612be068a85bb6,2018-08-10 15:06:18,9.9,22,2018-08-10 12:09:09
bf00385a5f7fc1ef39a13c2e9ee50a5f,2dde1ee3144f40fc9a80df16bb989f4a,2018-08-11 21:05:12,32.9,23,2018-08-10 15:06:18
bf00385a5f7fc1ef39a13c2e9ee50a5f,49d6c0bdfef33c709ed283eb19d8b3d0,2018-08-17 17:41:49,26.9,24,2018-08-11 21:05:12
bf00385a5f7fc1ef39a13c2e9ee50a5f,1ee4815d0b4638b47727ce58ef0fbc5d,2018-08-18 09:57:54,64.9,25,2018-08-17 17:41:49
bf00385a5f7fc1ef39a13c2e9ee50a5f,c5012f56f488e3d08eb8140afb31342c,2018-08-19 14:10:29,32.9,26,2018-08-18 09:57:54
bf00385a5f7fc1ef39a13c2e9ee50a5f,642bb05feac1a0177c93210d0553e8e4,2018-08-20 19:42:22,32.9,27,2018-08-19 14:10:29
bf00385a5f7fc1ef39a13c2e9ee50a5f,a966954fa1c451757b4d6c77946f9863,2018-08-27 19:59:06,49.9,28,2018-08-20 19:42:22
c004e5ea15737026cecaee0447e00b75,6d0940a8f5fba47562bb14cd97dfd6da,2018-08-10 00:17:59,2350.0,1,
c013e57c075a06e5b5c48ee03c525719,435f2daeb635ed643b734989e51553c6,2018-02-27 15:10:06,37.99,1,
c013e57c075a06e5b5c48ee03c525719,3fbceefa87d60d00b3a59388408c7ba9,2018-03-03 19:27:14,69.99,2,2018-02-27 15:10:06
c013e57c075a06e5b5c48ee03c525719,610e831f41e8e6fe3214b767f41a17d5,2018-03-09 09:38:06,37.99,3,2018-03-03 19:27:14
c013e57c075a06e5b5c48ee03c525719,d9a773e7df6786848cdbd6049d1ce793,2018-03-11 20:26:20,30.99,4,2018-03-09 09:38:06
c013e57c075a06e5b5c48ee03c525719,7b2f3756c235e93b2ad6330c54805401,2018-03-12 16:54:01,63.99,5,2018-03-11 20:26:20
c013e57c075a06e5b5c48ee03c525719,7afff8cad4526f9932fecee92be8507a,2018-04-02 10:24:47,36.99,6,2018-03-12 16:54:01
c013e57c075a06e5b5c48ee03c525719,700bbbd2dce29db47fd10e2ddbb1cd5e,2018-04-16 13:26:01,42.99,7,2018-04-02 10:24:47
c013e57c075a06e5b5c48ee03c525719,d1b3c3d319347abd31b56c3d894b2b2d,2018-05-02 20:14:01,42.99,8,2018-04-16 13:26:01
c013e57c075a06e5b5c48ee03c525719,4e426aca1d549d77439cb4eb115a5d37,2018-05-03 10:42:42,42.99,9,2018-05-02 20:14:01
c013e57c075a06e5b5c48ee03c525719,12a084b79a73e3332c73e0ba4364458b,2018-05-05 11:14:00,39.99,10,2018-05-03 10:42:42
c013e57c075a06e5b5c48ee03c525719,36307ab4d5c4b59fbc4034d2adb2cb77,2018-05-10 11:05:59,32.99,11,2018-05-05 11:14:00
c013e57c075a06e5b5c48ee03c525719,178a25841b0490cf789963c9a98cac1e,2018-05-12 13:41:48,42.99,12,2018-05-10 11:05:59
c013e57c075a06e5b5c48ee03c525719,2d070e3a721ccc7ea881f090802680ea,2018-05-13 23:59:36,32.99,13,2018-05-12 13:41:48
c013e57c075a06e5b5c48ee03c525719,6c5560ced6024f245a79e10108dee769,2018-05-16 10:38:36,139.98,14,2018-05-13 23:59:36
c013e57c075a06e5b5c48ee03c525719,a396281033c0177b08e97ad5f3a8e485,2018-05-16 22:59:38,42.99,15,2018-05-16 10:38:36
c013e57c075a06e5b5c48ee03c525719,ad443601986ce3f657edcfd5069f6bcd,2018-05-17 14:42:22,42.99,16,2018-05-16 22:59:38
c013e57c075a06e5b5c48ee03c525719,d74283a9b897322afe09916280aca43f,2018-05-17 19:06:09,39.99,17,2018-05-17 14:42:22
c013e57c075a06e5b5c48ee03c525719,ff977ea68e67d2606fdb5981ae3d9cc5,2018-05-18 20:10:59,42.99,18,2018-05-17 19:06:09
c013e57c075a06e5b5c48ee03c525719,c35f0be8d0dc1e48ed297f8ea0f44f26,2018-05-21 08:28:26,36.99,19,2018-05-18 20:10:59
c013e57c075a06e5b5c48ee03c525719,08f037463ef8a43a35237ad2029f316b,2018-05-22 21:30:02,32.99,20,2018-05-21 08:28:26
c013e57c075a06e5b5c48ee03c525719,0d19bf95af32b57fe7835825f4b0fb3a,2018-05-22 22:32:01,36.99,21,2018-05-22 21:30:02
c013e57c075a06e5b5c48ee03c525719,dd7bd4b50d554cf0c41fb4c0cfccdedc,2018-06-15 12:19:19,36.99,22,2018-05-22 22:32:01
c013e57c075a06e5b5c48ee03c525719,f2614c602a0621707ca12e9a6cf3b112,2018-06-15 16:59:15,39.99,23,2018-06-15 12:19:19
c013e57c075a06e5b5c48ee03c525719,98c5b3461f699d417f26d5dcfc210e1e,2018-06-24 17:02:25,36.99,24,2018-06-15 16:59:15
c013e57c075a06e5b5c48ee03c525719,b3b663af930cb86b58bbebd928832b4c,2018-06-27 09:34:06,149.97,25,2018-06-24 17:02:25
c013e57c075a06e5b5c48ee03c525719,4f2dc4a949823819bfc75b784fb32686,2018-06-27 16:50:00,36.99,26,2018-06-27 09:34:06
c013e57c075a06e5b5c48ee03c525719,bbeace003fa084aa3ecbb486d76b6766,2018-06-28 18:51:01,39.99,27,2018-06-27 16:50:00
c013e57c075a06e5b5c48ee03c525719,91fcf25c1cc5ba3a5ddc26f394a74138,2018-06-29 18:05:12,44.99,28,2018-06-28 18:51:01
c013e57c075a06e5b5c48ee03c525719,1fcbc88015c88c1a14d4b8ec35ea8ed7,2018-06-30 14:37:39,42.99,29,2018-06-29 18:05:12
c013e57c075a06e5b5c48ee03c525719,0dbcaa88e213607d3795e96eda505c73,2018-07-01 18:07:57,42.99,30,2018-06-30 14:37:39
c013e57c075a06e5b5c48ee03c525719,f47250cb6ba54d6506935dc2e409b914,2018-07-03 13:52:30,36.99,31,2018-07-01 18:07:57
c013e57c075a06e5b5c48ee03c525719,9b284ead0b827957b9e9ee5f48128bd5,2018-07-11 19:32:26,42.99,32,2018-07-03 13:52:30
c013e57c075a06e5b5c48ee03c525719,ae51637de4a4424c759ab8b2c4279310,2018-07-18 23:52:11,36.99,33,2018-07-11 19:32:26
c013e57c075a06e5b5c48ee03c525719,0978aeeb31e430bca8401306d75a8164,2018-07-21 13:43:23,69.99,34,2018-07-18 23:52:11
c013e57c075a06e5b5c48ee03c525719,08d3b6ee17b7cb32e530f4488c3f6abf,2018-07-27 14:32:05,36.99,35,2018-07-21 13:43:23
c013e57c075a06e5b5c48ee03c525719,e23b204f4817055fedf12a5a5c27b360,2018-08-08 15:32:21,42.99,36,2018-07-27 14:32:05
c013e57c075a06e5b5c48ee03c525719,65d549dc989e0c1b68a8ee77cc3e3de9,2018-08-15 18:28:58,36.99,37,2018-08-08 15:32:21
c013e57c075a06e5b5c48ee03c525719,a2b3e75e2e444a9ce134788d66d5dec1,2018-08-16 10:45:11,42.99,38,2018-08-15 18:28:58
c013e57c075a06e5b5c48ee03c525719,1ed70e8d41f1ea6bd7763ade88da02a6,2018-08-18 22:35:28,42.99,39,2018-08-16 10:45:11
c013e57c075a06e5b5c48ee03c525719,a07137b5e914d5a3b1270f7e3687e4da,2018-08-19 16:57:29,36.99,40,2018-08-18 22:35:28
c013e57c075a06e5b5c48ee03c525719,0ca4b3b797fddd6288abcd726e5669e3,2018-08-21 18:02:44,36.99,41,2018-08-19 16:57:29
c013e57c075a06e5b5c48ee03c525719,fa82edaf6d788f4a8a80e2f8fc4cb9b7,2018-08-26 19:04:05,63.99,42,2018-08-21 18:02:44
c092292535a57dacd95a8765f5518f87,020f04b3da1d597b9a00b825762299ba,2018-07-05 16:07:58,125.0,1,
c0aff2da32c17759d30b22fb0af6649d,6a9dd97887fbcc5e5bb1e10c9b019acb,2018-06-11 13:15:42,17.0,1,
c0aff2da32c17759d30b22fb0af6649d,e85ade63f3d697aa6c45970baeff0d96,2018-06-15 09:48:29,17.0,2,2018-06-11 13:15:42
c0aff2da32c17759d30b22fb0af6649d,c5bed3a385f406c503841fed148952b9,2018-06-20 15:46:05,139.8,3,2018-06-15 09:48:29
c0aff2da32c17759d30b22fb0af6649d,8565434e7b68f273260f208a1d2c2aa2,2018-08-22 15:27:49,15.0,4,2018-06-20 15:46:05
c1849d4d32d7a6cecd5aa471809d3135,c4ce02b0d68f5bf60e5d6bac4701350d,2018-08-04 12:56:08,359.0,1,
c1849d4d32d7a6cecd5aa471809d3135,3f090361c1e3266bf3dda7a00df3c0ec,2018-08-06 11:38:43,19.99,2,2018-08-04 12:56:08
c1849d4d32d7a6cecd5aa471809d3135,882634702ad671a4a28319adef8f058b,2018-08-26 22:41:03,9.99,3,2018-08-06 11:38:43
c32fc744b9160ac853450488e3cfea93,23c312ca9f0242a48a95e5643bee2645,2018-05-04 14:21:11,29.9,1,
c32fc744b9160ac853450488e3cfea93,f9ff65718437270c39dfb38755a41157,2018-06-06 22:51:55,35.9,2,2018-05-04 14:21:11
c3e1abd72a42fe690fcd89cf5720fe29,58f1c10f00a2c9c563d537758641a714,2018-05-22 19:45:11,132.97,1,
c3e1abd72a42fe690fcd89cf5720fe29,115986c6100a117f487af7dd08cbb2ce,2018-05-23 08:26:50,132.97,2,2018-05-22 19:45:11
c3e1abd72a42fe690fcd89cf5720fe29,547b3cfe3d9a94652532f7e8bfec4f0b,2018-06-11 12:33:08,254.97,3,2018-05-23 08:26:50
c3e1abd72a42fe690fcd89cf5720fe29,6c11290f82789339975290feb4a58983,2018-06-15 09:20:21,129.97,4,2018-06-11 12:33:08
c3e1abd72a42fe690fcd89cf5720fe29,fdeffd68ae417c6344e590b1f672da56,2018-06-23 15:30:35,129.97,5,2018-06-15 09:20:21
c3e1abd72a42fe690fcd89cf5720fe29,6c8b765ca02b8c8f1bdc3e8491d8c079,2018-06-27 22:03:11,129.97,6,2018-06-23 15:30:35
c3e1abd72a42fe690fcd89cf5720fe29,ac503eb8068440b8eb603d5df863dced,2018-06-28 12:54:06,129.97,7,2018-06-27 22:03:11
c3e1abd72a42fe690fcd89cf5720fe29,85bdbf544abea637f0ed3c856bd0a0ca,2018-06-29 19:15:06,129.97,8,2018-06-28 12:54:06
c3e1abd72a42fe690fcd89cf5720fe29,6d1832bd42dccbd91d1ce32da7f54492,2018-07-01 12:02:12,129.97,9,2018-06-29 19:15:06
c3e1abd72a42fe690fcd89cf5720fe29,ae939729c93b0ecd65e284740cb48997,2018-07-02 18:48:55,129.97,10,2018-07-01 12:02:12
c3e1abd72a42fe690fcd89cf5720fe29,1011743f27a84fef8503f748cb1d951e,2018-07-23 12:04:15,129.97,11,2018-07-02 18:48:55
c3e1abd72a42fe690fcd89cf5720fe29,9b0f1e1427db19a11c3ab29e6ebf4846,2018-07-29 13:31:50,107.97,12,2018-07-23 12:04:15
c3e1abd72a42fe690fcd89cf5720fe29,c680034cfb1945850fadf876ace52483,2018-08-13 13:36:58,129.97,13,2018-07-29 13:31:50
c510bc1718f0f2961eaa42a23330681a,1fd1b3c4396fe3d19067623fca845f03,2018-04-17 12:05:48,299.0,1,
c510bc1718f0f2961eaa42a23330681a,d15a4c4d1426b7275d538063d8fe4c6a,2018-04-20 15:45:31,299.0,2,2018-04-17 12:05:48
c510bc1718f0f2961eaa42a23330681a,d54bea5ba90238aa83323565749538a1,2018-04-22 17:45:57,2110.0,3,2018-04-20 15:45:31
c510bc1718f0f2961eaa42a23330681a,67d76fc5a4545e99be9b1e6f9e90cfc5,2018-04-26 14:33:47,199.0,4,2018-04-22 17:45:57
c510bc1718f0f2961eaa42a23330681a,3dd5626c63f493f8b8f8788c2be24baa,2018-04-27 19:50:43,2699.0,5,2018-04-26 14:33:47
c510bc1718f0f2961eaa42a23330681a,9de73f3e6157169ad6c32b9f313c7dcb,2018-06-05 12:45:17,3899.0,6,2018-04-27 19:50:43
c510bc1718f0f2961eaa42a23330681a,abe81b8eb8d846d18c760f8430a2ed55,2018-06-23 01:18:26,19.95,7,2018-06-05 12:45:17
c510bc1718f0f2961eaa42a23330681a,3bddb2b41050ba947411a0fc9143fcbd,2018-07-06 17:25:48,119.9,8,2018-06-23 01:18:26
c510bc1718f0f2961eaa42a23330681a,143d00a4f2dde4e0364ee1821577adb3,2018-08-03 08:55:50,112.3,9,2018-07-06 17:25:48
c510bc1718f0f2961eaa42a23330681a,8101f323f454f972d5f4773094d2c5e4,2018-08-05 00:20:48,229.0,10,2018-08-03 08:55:50
c510bc1718f0f2961eaa42a23330681a,57bc74eb1e10edbb55d22d71b35d9b72,2018-08-08 21:49:24,115.9,11,2018-08-05 00:20:48
c510bc1718f0f2961eaa42a23330681a,558266bfba11bf9a23f7634ee0657f43,2018-08-13 19:38:49,38.95,12,2018-08-08 21:49:24
c54679b132454625907c773d273d4126,e9b3258a406a55c86715a28bf26c98a0,2018-03-27 14:16:24,69.0,1,
c54679b132454625907c773d273d4126,9b73a14423c28802182017b0c3295a4f,2018-04-28 15:07:38,69.0,2,2018-03-27 14:16:24
c54679b132454625907c773d273d4126,c6a965cc9489a0d9ede11c4534e916f0,2018-05-10 17:16:07,189.0,3,2018-04-28 15:07:38
c54679b132454625907c773d273d4126,2bbf04c7da16334276d95e3f4b7b938d,2018-05-27 20:49:04,189.0,4,2018-05-10 17:16:07
c54679b132454625907c773d273d4126,003822434f91204da0a51fe4cf2aba18,2018-06-13 14:10:54,138.0,5,2018-05-27 20:49:04
c54679b132454625907c773d273d4126,4cb686f61b0dc1fccb62139434f14b44,2018-06-28 16:54:40,189.0,6,2018-06-13 14:10:54
c54679b132454625907c773d273d4126,d12bd41a85b974ae688d89083c5dc77c,2018-07-28 18:11:21,189.0,7,2018-06-28 16:54:40
c5f7e746b7e6d07def6c0dae9903279b,e8a4ded72862189ee71a1a102a072685,2018-04-15 18:59:34,319.0,1,
c5f7e746b7e6d07def6c0dae9903279b,f4a347787e3d3c1d8d4bea25ed38d222,2018-06-14 18:05:57,49.0,2,2018-04-15 18:59:34
c5f7e746b7e6d07def6c0dae9903279b,81aaca55da8047141cf58b07e5f2e26a,2018-06-17 07:10:13,89.0,3,2018-06-14 18:05:57
c5f7e746b7e6d07def6c0dae9903279b,60f4d3b713c3f6a472d13f238818775a,2018-06-26 20:18:34,49.0,4,2018-06-17 07:10:13
c5f7e746b7e6d07def6c0dae9903279b,761635b00759928f8a05278ed264f8bb,2018-07-01 21:33:29,319.0,5,2018-06-26 20:18:34
c5f7e746b7e6d07def6c0dae9903279b,1aa3c5dc3d9668e8fa8a0af87a8dbe55,2018-07-24 00:38:16,49.0,6,2018-07-01 21:33:29
c5f7e746b7e6d07def6c0dae9903279b,0b3e1c68302779e0c67d97c5b8ed17f7,2018-08-01 14:22:28,319.0,7,2018-07-24 00:38:16
c5f7e746b7e6d07def6c0dae9903279b,54e21f5480d90336080ff89ec1ba503e,2018-08-03 07:39:47,49.0,8,2018-08-01 14:22:28
c5f7e746b7e6d07def6c0dae9903279b,90c0d4df184cd39fe38d7b3de0cbd878,2018-08-22 07:28:08,98.0,9,2018-08-03 07:39:47
c5f7e746b7e6d07def6c0dae9903279b,329dc72939ca5ca51023e9e8b2d4ca78,2018-08-22 22:36:53,89.0,10,2018-08-22 07:28:08
c611f4ce9ce875bcc063fa97fd4d7d12,6c2208178d59f2c0518261028373f5fd,2018-07-31 14:42:55,319.0,1,
c70a353f02429c00775a46a75fb787da,e8253edb8afd8c06fed540435eac942d,2018-07-17 18:27:15,44.9,1,
c70a353f02429c00775a46a75fb787da,2afbd8a533424d5df3af9277ff0f3d1e,2018-07-23 14:43:52,46.6,2,2018-07-17 18:27:15
c70a353f02429c00775a46a75fb787da,935cbf337f50d03fc7ecfb5a601dc7fc,2018-07-25 08:15:09,38.5,3,2018-07-23 14:43:52
c70a353f02429c00775a46a75fb787da,4471fc5ecfbb3b7fec1044fc6e6f6851,2018-08-08 18:02:19,38.5,4,2018-07-25 08:15:09
c70a353f02429c00775a46a75fb787da,56aa3b6b2c30314ee80914fea9543573,2018-08-08 19:46:37,35.0,5,2018-08-08 18:02:19
c70a353f02429c00775a46a75fb787da,4d9190887b47ff1b89c657c788c038f6,2018-08-10 15:11:34,38.5,6,2018-08-08 19:46:37
c70c1b0d8ca86052f45a432a38b73958,bc0ccb298ff96bfc777b62cfe75899c1,2018-04-06 17:12:41,110.32,1,
c70c1b0d8ca86052f45a432a38b73958,b3448645d567afb9a105a91748a9e2ab,2018-04-09 13:36:41,110.32,2,2018-04-06 17:12:41
c70c1b0d8ca86052f45a432a38b73958,03ff7f74352df18b6a9a261d68befe5e,2018-04-09 15:53:12,220.64,3,2018-04-09 13:36:41
c70c1b0d8ca86052f45a432a38b73958,b958441e8e334c3996a9b0c55e5c797b,2018-04-10 15:24:04,114.99,4,2018-04-09 15:53:12
c70c1b0d8ca86052f45a432a38b73958,6fd33c34a877e5a474ed190b5738ab58,2018-04-11 10:49:24,110.32,5,2018-04-10 15:24:04
c70c1b0d8ca86052f45a432a38b73958,522b77c3143ab6fcea6d948bdf2029dc,2018-04-12 17:12:18,110.32,6,2018-04-11 10:49:24
c70c1b0d8ca86052f45a432a38b73958,9aba484676dd70457681a3301c222d9f,2018-04-13 21:16:20,95.0,7,2018-04-12 17:12:18
c70c1b0d8ca86052f45a432a38b73958,d44913f6177d1b8a369a477ab2823aa2,2018-04-15 13:45:55,220.64,8,2018-04-13 21:16:20
c70c1b0d8ca86052f45a432a38b73958,474c0bedc28c30c7568c589c047b75bb,2018-04-15 20:27:53,95.0,9,2018-04-15 13:45:55
c70c1b0d8ca86052f45a432a38b73958,ec50de155ee50e1816b6a6df4371c4f1,2018-04-16 08:32:18,110.32,10,2018-04-15 20:27:53
c70c1b0d8ca86052f45a432a38b73958,5a820d0824578ef8ae5c54b8135d5565,2018-04-16 22:00:49,110.32,11,2018-04-16 08:32:18
c70c1b0d8ca86052f45a432a38b73958,0a32aa7d8d3f344fb31eac306336daac,2018-04-18 09:52:35,220.64,12,2018-04-16 22:00:49
c70c1b0d8ca86052f45a432a38b73958,0cee95c34f2cd6a8e38d9b170b9a468e,2018-04-19 20:41:19,110.32,13,2018-04-18 09:52:35
c70c1b0d8ca86052f45a432a38b73958,cf8b06e3cb532f6045a05a87af095b50,2018-04-20 16:17:12,95.0,14,2018-04-19 20:41:19
c70c1b0d8ca86052f45a432a38b73958,6a05e48937319f63bbb0b27612473839,2018-04-22 13:50:30,110.32,15,2018-04-20 16:17:12
c70c1b0d8ca86052f45a432a38b73958,ef42ca96b36e758b3da05888aa8ad723,2018-04-22 22:00:53,110.32,16,2018-04-22 13:50:30
c70c1b0d8ca86052f45a432a38b73958,dda1bffaed62982b5b1608c765989f75,2018-04-22 22:58:31,110.0,17,2018-04-22 22:00:53
c70c1b0d8ca86052f45a432a38b73958,7fa75bfce88c324530041cb08a3ea734,2018-04-23 01:35:32,220.64,18,2018-04-22 22:58:31
c70c1b0d8ca86052f45a432a38b73958,1d87599144fe1573be8611bf9f5d5de9,2018-04-23 21:49:49,110.32,19,2018-04-23 01:35:32
c70c1b0d8ca86052f45a432a38b73958,b149acf7e57747cd966a1f1a11e98e05,2018-04-25 07:26:29,220.64,20,2018-04-23 21:49:49
c70c1b0d8ca86052f45a432a38b73958,7e73a37d2876badd7341bc42b0c1ac42,2018-04-25 08:38:18,110.32,21,2018-04-25 07:26:29
c70c1b0d8ca86052f45a432a38b73958,42bda77d1a64e7ca7759d3bb9dc54843,2018-04-25 13:08:09,110.32,22,2018-04-25 08:38:18
c70c1b0d8ca86052f45a432a38b73958,f9fe35b6ddb4b18faa9a9a683e20eaea,2018-04-26 09:49:09,110.32,23,2018-04-25 13:08:09
c70c1b0d8ca86052f45a432a38b73958,6244be66e1870c2392135aa8e2f61aee,2018-04-26 13:31:13,110.32,24,2018-04-26 09:49:09
c70c1b0d8ca86052f45a432a38b73958,a769c6d90738b1546865c01148fad5cb,2018-04-29 12:56:04,110.32,25,2018-04-26 13:31:13
c70c1b0d8ca86052f45a432a38b73958,64e24ddb88fc682e81c8c49c6d6600d8,2018-04-30 09:25:50,110.32,26,2018-04-29 12:56:04
c70c1b0d8ca86052f45a432a38b73958,cd03e8cd71dabc46caecc93fe7a25ff7,2018-04-30 14:20:33,220.64,27,2018-04-30 09:25:50
c70c1b0d8ca86052f45a432a38b73958,350885c9ea4a1a48519246d7ea5518ea,2018-04-30 17:14:55,110.32,28,2018-04-30 14:20:33
c70c1b0d8ca86052f45a432a38b73958,be8f81fbf4bdf643e1f5548aa269bbef,2018-05-01 16:33:52,220.64,29,2018-04-30 17:14:55
c70c1b0d8ca86052f45a432a38b73958,4e3c64d86c6701af13d8d0e899dd6b1c,2018-05-01 21:03:25,110.32,30,2018-05-01 16:33:52
c70c1b0d8ca86052f45a432a38b73958,378cd0e3d827f4072ec92db9f0afeaf9,2018-05-02 18:42:45,110.32,31,2018-05-01 21:03:25
c70c1b0d8ca86052f45a432a38b73958,33556b1dc910f89519193dc8a6e1632c,2018-05-02 21:12:01,110.32,32,2018-05-02 18:42:45
c70c1b0d8ca86052f45a432a38b73958,7f5d123edea7962b20bf26e29262f9e5,2018-05-02 21:25:27,661.92,33,2018-05-02 21:12:01
c70c1b0d8ca86052f45a432a38b73958,1b4afae734d5015ce83f76cef15842a8,2018-05-03 12:03:35,110.32,34,2018-05-02 21:25:27
c70c1b0d8ca86052f45a432a38b73958,eb6bf171200b90eb73d01a3f2096691a,2018-05-03 23:06:57,95.0,35,2018-05-03 12:03:35
c70c1b0d8ca86052f45a432a38b73958,adca0458be5f212699c94312c6bd9779,2018-05-03 23:27:58,220.64,36,2018-05-03 23:06:57
c70c1b0d8ca86052f45a432a38b73958,7f4ff75bb83f26aec27c8ccc039a449b,2018-05-04 08:43:58,110.32,37,2018-05-03 23:27:58
c70c1b0d8ca86052f45a432a38b73958,1e8c81805b92ff169971231458670460,2018-05-04 10:29:14,220.64,38,2018-05-04 08:43:58
c70c1b0d8ca86052f45a432a38b73958,c51ed3d77baf76974358a156521bbd16,2018-05-04 12:28:34,220.64,39,2018-05-04 10:29:14
c70c1b0d8ca86052f45a432a38b73958,ab589d1a6095c7f435a62f503146e1cf,2018-05-04 21:24:20,190.0,40,2018-05-04 12:28:34
c70c1b0d8ca86052f45a432a38b73958,b427e0ed8b6a3055c62312f135330e7e,2018-05-04 23:19:18,441.28,41,2018-05-04 21:24:20
c70c1b0d8ca86052f45a432a38b73958,c1dd7b1471d47476e64662cbc99318ef,2018-05-05 13:55:47,220.64,42,2018-05-04 23:19:18
c70c1b0d8ca86052f45a432a38b73958,0a9814deb494ce0733321ca35f215a22,2018-05-05 16:09:12,110.32,43,2018-05-05 13:55:47
c70c1b0d8ca86052f45a432a38b73958,fa72cc9a6c1effa9ce0166cd8d5d79cf,2018-05-07 16:00:05,220.64,44,2018-05-05 16:09:12
c70c1b0d8ca86052f45a432a38b73958,811aa327b15973b2865ec0e0ede70374,2018-05-07 21:21:35,110.32,45,2018-05-07 16:00:05
c70c1b0d8ca86052f45a432a38b73958,065d95bb9e6d5bbc0a5a2c40579b16e5,2018-05-08 09:38:47,95.0,46,2018-05-07 21:21:35
c70c1b0d8ca86052f45a432a38b73958,94fba1bfb7cfc7150d1b2a902bb4f14a,2018-05-08 10:59:08,110.32,47,2018-05-08 09:38:47
c70c1b0d8ca86052f45a432a38b73958,86f338c63b1a96a85a977708315c90a0,2018-05-08 11:38:09,95.0,48,2018-05-08 10:59:08
c70c1b0d8ca86052f45a432a38b73958,ad5d83949a78b7f4a88b59f991bce882,2018-05-08 13:08:38,220.64,49,2018-05-08 11:38:09
c70c1b0d8ca86052f45a432a38b73958,398f1723ca5725d585fbc000ec3edb05,2018-05-08 16:48:02,137.9,50,2018-05-08 13:08:38
c70c1b0d8ca86052f45a432a38b73958,a5db4dda9494589c58100f1e13ce8097,2018-05-08 17:05:33,110.0,51,2018-05-08 16:48:02
c70c1b0d8ca86052f45a432a38b73958,660a7ffb4e94f34f45b4a1e2c04916d6,2018-05-08 18:51:10,110.32,52,2018-05-08 17:05:33
c70c1b0d8ca86052f45a432a38b73958,c46141b3d5535e4ecaca9ddaf90ba7a7,2018-05-08 22:23:29,220.0,53,2018-05-08 18:51:10
c70c1b0d8ca86052f45a432a38b73958,183c12927ff8c2fbbd1786541de98dca,2018-05-09 07:03:01,110.32,54,2018-05-08 22:23:29
c70c1b0d8ca86052f45a432a38b73958,e5cefdab54d9844f44c6d68f3611f145,2018-05-09 10:59:15,110.32,55,2018-05-09 07:03:01
c70c1b0d8ca86052f45a432a38b73958,9f1e6ff8c7baef38bcdfa9b804b4c552,2018-05-09 12:06:04,110.32,56,2018-05-09 10:59:15
c70c1b0d8ca86052f45a432a38b73958,46dab7df33775120f347d8f350190e06,2018-05-09 12:21:35,110.32,57,2018-05-09 12:06:04
c70c1b0d8ca86052f45a432a38b73958,0ffaba549f161074760e4d3802fe8641,2018-05-09 15:24:34,110.32,58,2018-05-09 12:21:35
c70c1b0d8ca86052f45a432a38b73958,b52d29abb97a3978df1d8922bfe36fbe,2018-05-09 17:11:41,110.32,59,2018-05-09 15:24:34
c70c1b0d8ca86052f45a432a38b73958,ff632bc583a94f23c59db4cbaa0ba2ab,2018-05-09 22:23:41,220.64,60,2018-05-09 17:11:41
c70c1b0d8ca86052f45a432a38b73958,d79cac258c5e81fec5c9738f9b1d2204,2018-05-09 22:52:58,220.64,61,2018-05-09 22:23:41
c70c1b0d8ca86052f45a432a38b73958,34f9adeb19b3048fe136cfc0fd8340a1,2018-05-10 00:13:22,220.64,62,2018-05-09 22:52:58
c70c1b0d8ca86052f45a432a38b73958,3c7e4eeb2c6c14762f90616740515e92,2018-05-10 10:58:28,220.64,63,2018-05-10 00:13:22
c70c1b0d8ca86052f45a432a38b73958,ff765ff5d0f040e643453390b1ed6573,2018-05-10 16:31:06,110.32,64,2018-05-10 10:58:28
c70c1b0d8ca86052f45a432a38b73958,7ed3955bf85eeaa3c55002dc9ea7cc2f,2018-05-11 08:15:10,110.32,65,2018-05-10 16:31:06
c70c1b0d8ca86052f45a432a38b73958,d1c3d911ad830cab7d16ad8acfc36a46,2018-05-11 14:47:16,220.64,66,2018-05-11 08:15:10
c70c1b0d8ca86052f45a432a38b73958,1dfe6b39bfca58691553de7585122450,2018-05-12 09:09:41,110.32,67,2018-05-11 14:47:16
c70c1b0d8ca86052f45a432a38b73958,7cbc4b1a42129d7c6f9b4f14371ac4c3,2018-05-13 20:33:54,110.32,68,2018-05-12 09:09:41
c70c1b0d8ca86052f45a432a38b73958,9135c65d6b2718f079e23287d8459be2,2018-05-14 16:01:23,110.32,69,2018-05-13 20:33:54
c70c1b0d8ca86052f45a432a38b73958,5041be22b500c33df76174a76efcb8e7,2018-05-15 10:23:47,110.32,70,2018-05-14 16:01:23
c70c1b0d8ca86052f45a432a38b73958,16e1e21ae459315114f092dc02743dea,2018-05-15 11:14:30,110.0,71,2018-05-15 10:23:47
c70c1b0d8ca86052f45a432a38b73958,110e9fcc6899b6a4d7e300e8b987dc45,2018-05-15 15:34:36,110.0,72,2018-05-15 11:14:30
c70c1b0d8ca86052f45a432a38b73958,2e2005a55f448272a7f91f8ec48db9ee,2018-05-15 17:07:39,110.32,73,2018-05-15 15:34:36
c70c1b0d8ca86052f45a432a38b73958,d687544abdea4089903461a48fbef8ff,2018-05-16 15:06:26,110.32,74,2018-05-15 17:07:39
c70c1b0d8ca86052f45a432a38b73958,54a906c3e69c5c9196b82c2722bf40c4,2018-05-18 08:04:22,110.0,75,2018-05-16 15:06:26
c70c1b0d8ca86052f45a432a38b73958,f313336cf2b038a3ef433d8e48aec4d5,2018-05-18 19:17:14,110.32,76,2018-05-18 08:04:22
c70c1b0d8ca86052f45a432a38b73958,ec3d63b91b19bedcbe453ea0df14dd50,2018-05-20 10:33:47,110.32,77,2018-05-18 19:17:14
c70c1b0d8ca86052f45a432a38b73958,1043d83f1c9a2f7d84385aa1611d7652,2018-05-20 20:09:00,110.0,78,2018-05-20 10:33:47
c70c1b0d8ca86052f45a432a38b73958,0507a74781354ea643bff372311d2a97,2018-05-21 16:41:06,110.32,79,2018-05-20 20:09:00
c70c1b0d8ca86052f45a432a38b73958,91126b5e0117a1cb0c97cbdedc8184a8,2018-05-21 19:06:15,110.32,80,2018-05-21 16:41:06
c70c1b0d8ca86052f45a432a38b73958,a8f2de0bd364d148696276ada61777f7,2018-05-22 11:59:15,190.0,81,2018-05-21 19:06:15
c70c1b0d8ca86052f45a432a38b73958,4b4d1573d0fb4a347214a8172a51fc16,2018-05-22 12:32:24,95.0,82,2018-05-22 11:59:15
c70c1b0d8ca86052f45a432a38b73958,918e5db39b90c133257cfa0944fd9d4e,2018-05-22 18:45:21,137.9,83,2018-05-22 12:32:24
c70c1b0d8ca86052f45a432a38b73958,df52ca7830380e7d8f7292e99434eea7,2018-05-26 11:51:22,110.32,84,2018-05-22 18:45:21
c70c1b0d8ca86052f45a432a38b73958,bf0e0772c9e81651f6f0f255ed74bf88,2018-05-29 13:46:56,110.32,85,2018-05-26 11:51:22
c70c1b0d8ca86052f45a432a38b73958,5bf1e013121cccb5a168c91859a243e7,2018-05-31 20:16:37,110.32,86,2018-05-29 13:46:56
c70c1b0d8ca86052f45a432a38b73958,cf747734b50691a179b579b11690910f,2018-06-01 19:44:29,110.32,87,2018-05-31 20:16:37
c70c1b0d8ca86052f45a432a38b73958,b0fd0236ce757738793836930b830f1e,2018-06-01 20:58:03,95.0,88,2018-06-01 19:44:29
c70c1b0d8ca86052f45a432a38b73958,b71ba668b12da5320995cd74acecb2fb,2018-06-03 10:47:54,110.32,89,2018-06-01 20:58:03
c70c1b0d8ca86052f45a432a38b73958,9ff8d80b8ab2c8a80a16ba4ed7fee203,2018-06-03 13:23:46,110.32,90,2018-06-03 10:47:54
c70c1b0d8ca86052f45a432a38b73958,5e724a9bb565d4ccd9078fec28d4fdc8,2018-06-05 00:42:43,220.64,91,2018-06-03 13:23:46
c70c1b0d8ca86052f45a432a38b73958,9b8e74aa515dafc41a1485ea61c6c3bc,2018-06-05 21:07:26,110.32,92,2018-06-05 00:42:43
c70c1b0d8ca86052f45a432a38b73958,d82b278ce974fb241a84117441013d91,2018-06-05 23:02:08,110.32,93,2018-06-05 21:07:26
c70c1b0d8ca86052f45a432a38b73958,9f58be0e75ed0e5862bd6dbf261a8b05,2018-06-06 19:24:54,220.64,94,2018-06-05 23:02:08
c70c1b0d8ca86052f45a432a38b73958,bb91c3b36fbe9aa9873d12ffb7371942,2018-06-06 19:31:04,190.0,95,2018-06-06 19:24:54
c70c1b0d8ca86052f45a432a38b73958,8d73d05fe1d2142179985e04712e8485,2018-06-06 22:00:28,110.32,96,2018-06-06 19:31:04
c70c1b0d8ca86052f45a432a38b73958,284ffa157b684f496366615a6ba3201a,2018-06-07 13:20:57,110.32,97,2018-06-06 22:00:28
c70c1b0d8ca86052f45a432a38b73958,3f510ee6758ee5af3f189cbf3a3393a1,2018-06-07 14:00:38,110.32,98,2018-06-07 13:20:57
c70c1b0d8ca86052f45a432a38b73958,3ae6c164f9e4222b57e95c67ce981118,2018-06-08 05:46:58,330.32,99,2018-06-07 14:00:38
c70c1b0d8ca86052f45a432a38b73958,5284adfbbb8324bb8cc6ce42f0ea43e5,2018-06-08 08:59:52,110.32,100,2018-06-08 05:46:58
c70c1b0d8ca86052f45a432a38b73958,07242eb6740fc0feb5044eda405a4782,2018-06-08 09:59:30,110.32,101,2018-06-08 08:59:52
c70c1b0d8ca86052f45a432a38b73958,de34a09fbecb667119c64e23d1232966,2018-06-08 15:29:58,110.32,102,2018-06-08 09:59:30
c70c1b0d8ca86052f45a432a38b73958,a0727c663f544d6618123c94c779f29b,2018-06-08 16:39:34,110.32,103,2018-06-08 15:29:58
c70c1b0d8ca86052f45a432a38b73958,4970ecf64d47def5d7c4c4b39b7ce8d1,2018-06-08 21:41:29,110.32,104,2018-06-08 16:39:34
c70c1b0d8ca86052f45a432a38b73958,8cc50a1b31f5542e2289304e7d6b039f,2018-06-10 23:18:48,110.32,105,2018-06-08 21:41:29
c70c1b0d8ca86052f45a432a38b73958,4135e423780812a949ddb2f5e3131e9c,2018-06-11 12:06:52,95.0,106,2018-06-10 23:18:48
c70c1b0d8ca86052f45a432a38b73958,96950a428afc9ab7a40003d030e71cb7,2018-06-11 13:38:23,220.64,107,2018-06-11 12:06:52
c70c1b0d8ca86052f45a432a38b73958,ac28767a818e6e5bc6895e188ef622ba,2018-06-11 17:50:09,110.32,108,2018-06-11 13:38:23
c70c1b0d8ca86052f45a432a38b73958,9303669209932e3a6996a76e56620d5f,2018-06-12 11:48:26,220.64,109,2018-06-11 17:50:09
c70c1b0d8ca86052f45a432a38b73958,9fe32da158d0f7c1adb336ad3b69839b,2018-06-12 16:09:32,220.64,110,2018-06-12 11:48:26
c70c1b0d8ca86052f45a432a38b73958,1f4fe628fee06334b3c7f4a99233700c,2018-06-12 19:50:44,110.32,111,2018-06-12 16:09:32
c70c1b0d8ca86052f45a432a38b73958,fda36ee6617e0a93f9634040815eaf05,2018-06-13 10:59:26,110.32,112,2018-06-12 19:50:44
c70c1b0d8ca86052f45a432a38b73958,2353c3b67536350ec12490aaa0b01c39,2018-06-13 11:31:18,95.0,113,2018-06-13 10:59:26
c70c1b0d8ca86052f45a432a38b73958,b27772444ff0dfa4484849857a81d53d,2018-06-13 20:08:25,110.32,114,2018-06-13 11:31:18
c70c1b0d8ca86052f45a432a38b73958,0b61dd71ead1e65e9d50db5b89cb5cc4,2018-06-13 23:35:25,110.32,115,2018-06-13 20:08:25
c70c1b0d8ca86052f45a432a38b73958,9b75cdaf2d85857ef023980e15d01546,2018-06-14 07:34:05,220.64,116,2018-06-13 23:35:25
c70c1b0d8ca86052f45a432a38b73958,cb42f190850b7635860e5c9570d841cc,2018-06-14 08:23:28,110.32,117,2018-06-14 07:34:05
c70c1b0d8ca86052f45a432a38b73958,2d40988fab171a085f1d1359f4d47d36,2018-06-14 13:43:21,274.65,118,2018-06-14 08:23:28
c70c1b0d8ca86052f45a432a38b73958,742e1bd3f538113e55f5bfbdf5fbdbe0,2018-06-14 14:37:25,110.32,119,2018-06-14 13:43:21
c70c1b0d8ca86052f45a432a38b73958,27d59d6c52a0d2dbb8e2ea86ff71f962,2018-06-14 19:33:22,110.32,120,2018-06-14 14:37:25
c70c1b0d8ca86052f45a432a38b73958,b38869bc2ba9d5776522abd4be60168f,2018-06-15 07:41:26,220.64,121,2018-06-14 19:33:22
c70c1b0d8ca86052f45a432a38b73958,e28cdbb369d8571cdbe57fae21bf91c1,2018-06-15 10:43:11,110.32,122,2018-06-15 07:41:26
c70c1b0d8ca86052f45a432a38b73958,8ade7f8460876f64baec1e262faf6a94,2018-06-15 18:38:49,110.32,123,2018-06-15 10:43:11
c70c1b0d8ca86052f45a432a38b73958,afa4a5eb55c10c299c13478f1f092dc1,2018-06-16 01:05:37,95.0,124,2018-06-15 18:38:49
c70c1b0d8ca86052f45a432a38b73958,180111fe748ab1e9a6bd88e0cf809f32,2018-06-16 08:10:13,220.64,125,2018-06-16 01:05:37
c70c1b0d8ca86052f45a432a38b73958,c07ddbce3f94a335544e744012c52f0f,2018-06-16 11:21:25,91.55,126,2018-06-16 08:10:13
c70c1b0d8ca86052f45a432a38b73958,840d56f863cce183ed7b2340fe33a3b6,2018-06-18 08:59:45,110.32,127,2018-06-16 11:21:25
c70c1b0d8ca86052f45a432a38b73958,0dd85c67684153e61d0c14bf865103da,2018-06-18 15:20:40,91.55,128,2018-06-18 08:59:45
c70c1b0d8ca86052f45a432a38b73958,08d4e83325f02f000d2ba37961c0b8b3,2018-06-18 15:57:14,110.32,129,2018-06-18 15:20:40
c70c1b0d8ca86052f45a432a38b73958,9a1868b5b95ed88747fa160701bf6d8f,2018-06-18 16:17:47,110.32,130,2018-06-18 15:57:14
c70c1b0d8ca86052f45a432a38b73958,4b75f705b345b06e009842c77701f7cd,2018-06-18 17:52:02,220.64,131,2018-06-18 16:17:47
c70c1b0d8ca86052f45a432a38b73958,49f0ab1be4dd7914c9fd7f8b0e7bab69,2018-06-18 19:41:26,110.32,132,2018-06-18 17:52:02
c70c1b0d8ca86052f45a432a38b73958,d83c6337cdf106c0818f7cd984240f59,2018-06-18 22:31:27,91.55,133,2018-06-18 19:41:26
c70c1b0d8ca86052f45a432a38b73958,6d593e5622aab63ba5830ea1dbfaecf9,2018-06-19 00:19:37,91.55,134,2018-06-18 22:31:27
c70c1b0d8ca86052f45a432a38b73958,71c89401f412b28f60a52e30f1691509,2018-06-19 07:10:21,110.32,135,2018-06-19 00:19:37
c70c1b0d8ca86052f45a432a38b73958,081aa4722ec9005a164bb9e2c2090911,2018-06-19 12:42:57,220.64,136,2018-06-19 07:10:21
c70c1b0d8ca86052f45a432a38b73958,41b3c9e5e85309a0ddf6fdf03c906b26,2018-06-19 21:23:48,110.32,137,2018-06-19 12:42:57
c70c1b0d8ca86052f45a432a38b73958,952733b92a94a4d2817cbea6afbc4011,2018-06-19 21:30:46,220.64,138,2018-06-19 21:23:48
c70c1b0d8ca86052f45a432a38b73958,e857ba066536e2879870375314953dac,2018-06-20 06:53:18,441.28,139,2018-06-19 21:30:46
c70c1b0d8ca86052f45a432a38b73958,17af00a7d6a2c7f01a870122f1b2c92b,2018-06-20 12:30:41,110.32,140,2018-06-20 06:53:18
c70c1b0d8ca86052f45a432a38b73958,0900f1b09f4249e09ce4735618757707,2018-06-20 16:47:24,110.32,141,2018-06-20 12:30:41
c70c1b0d8ca86052f45a432a38b73958,e7ae11a316ccfd7689dae760479ec0da,2018-06-21 10:42:13,110.32,142,2018-06-20 16:47:24
c70c1b0d8ca86052f45a432a38b73958,f81315a9288555238f4f14f53669cc4d,2018-06-21 15:09:17,110.32,143,2018-06-21 10:42:13
c70c1b0d8ca86052f45a432a38b73958,4f4713c9b445b523bc53cb7a472b7a99,2018-06-22 14:16:58,95.0,144,2018-06-21 15:09:17
c70c1b0d8ca86052f45a432a38b73958,aaf89e8d7cbbf9a40432e9e1a9c880c8,2018-06-22 19:40:27,95.0,145,2018-06-22 14:16:58
c70c1b0d8ca86052f45a432a38b73958,f626e77f9c9ecc457412d1dbb20dd314,2018-06-24 23:20:06,110.32,146,2018-06-22 19:40:27
c70c1b0d8ca86052f45a432a38b73958,9b308ef7d3e9d1bb7fa93b12b3d04c1e,2018-06-25 12:17:19,220.64,147,2018-06-24 23:20:06
c70c1b0d8ca86052f45a432a38b73958,362cd36939c1c4638bad780d01b3fd68,2018-06-25 23:00:42,110.32,148,2018-06-25 12:17:19
c70c1b0d8ca86052f45a432a38b73958,c5437b7b7a52d4dd0ed6fc0a1f18f7b7,2018-06-26 12:37:12,110.32,149,2018-06-25 23:00:42
c70c1b0d8ca86052f45a432a38b73958,05086b5a715c97d1971784b6ae899a6d,2018-06-26 13:01:38,220.64,150,2018-06-26 12:37:12
c70c1b0d8ca86052f45a432a38b73958,30bed8eaec2c3cb8f77fb3da3b9a8e45,2018-06-26 13:49:40,110.32,151,2018-06-26 13:01:38
c70c1b0d8ca86052f45a432a38b73958,bb5cce57f8d80c481d1beee24eda6616,2018-06-27 11:43:52,110.32,152,2018-06-26 13:49:40
c70c1b0d8ca86052f45a432a38b73958,42c2a157693d131ba7b7a4388ff9c21e,2018-06-27 16:40:01,110.32,153,2018-06-27 11:43:52
c70c1b0d8ca86052f45a432a38b73958,26884dfc89f32e105d001c993035c55d,2018-06-27 18:10:40,110.32,154,2018-06-27 16:40:01
c70c1b0d8ca86052f45a432a38b73958,e2eefd0600a39b014ea34b3f4196d261,2018-06-28 09:34:18,110.32,155,2018-06-27 18:10:40
c70c1b0d8ca86052f45a432a38b73958,6f56545c88b148da4e1bef1bab6c7007,2018-07-03 15:38:25,91.55,156,2018-06-28 09:34:18
c70c1b0d8ca86052f45a432a38b73958,dbd32517a2d3acd957e41d6c4a8a8a49,2018-07-03 17:32:14,91.55,157,2018-07-03 15:38:25
c70c1b0d8ca86052f45a432a38b73958,5c9c7cfebd7a15f81479083d70636f51,2018-07-03 20:23:07,220.64,158,2018-07-03 17:32:14
c70c1b0d8ca86052f45a432a38b73958,12fb2d2b590f7359e3b473456bd1ca87,2018-07-04 08:11:03,220.64,159,2018-07-03 20:23:07
c70c1b0d8ca86052f45a432a38b73958,1e57bb5d95b6233ac77353120c7c23f6,2018-07-04 16:07:06,220.64,160,2018-07-04 08:11:03
c70c1b0d8ca86052f45a432a38b73958,ea3c6801daa6e86c6057f1bc8bb11b1e,2018-07-04 17:52:10,110.32,161,2018-07-04 16:07:06
c70c1b0d8ca86052f45a432a38b73958,9ee2b040a6fafeecf4003f3d173352fb,2018-07-04 18:57:41,220.64,162,2018-07-04 17:52:10
c70c1b0d8ca86052f45a432a38b73958,004b62108b876867938746ad3154167f,2018-07-04 20:34:26,110.32,163,2018-07-04 18:57:41
c70c1b0d8ca86052f45a432a38b73958,c50a61769f40b372bbbd80499c805d9a,2018-07-05 11:49:09,110.32,164,2018-07-04 20:34:26
c70c1b0d8ca86052f45a432a38b73958,f4471dae8c482f51aa1826cd9f5d4433,2018-07-05 18:40:47,110.32,165,2018-07-05 11:49:09
c70c1b0d8ca86052f45a432a38b73958,25c9f4c2d81933e44625c891cb889d4c,2018-07-06 19:45:13,110.32,166,2018-07-05 18:40:47
c70c1b0d8ca86052f45a432a38b73958,d077de666ab7b62a7aafd596bfd16deb,2018-07-07 10:25:06,110.32,167,2018-07-06 19:45:13
c70c1b0d8ca86052f45a432a38b73958,cd866ebb9aa10bfa70f22d11e82bc4e9,2018-07-08 15:48:40,110.32,168,2018-07-07 10:25:06
c70c1b0d8ca86052f45a432a38b73958,3f23bdebc73fa439fcd2b1b77fbeaf7a,2018-07-14 20:33:34,110.32,169,2018-07-08 15:48:40
c70c1b0d8ca86052f45a432a38b73958,e3d1d37007a4d31d2269ba250664f6b2,2018-07-16 00:21:02,220.64,170,2018-07-14 20:33:34
c70c1b0d8ca86052f45a432a38b73958,b41cc5a0872a7fd886b2cb2e300dbe7a,2018-07-16 10:53:45,110.32,171,2018-07-16 00:21:02
c70c1b0d8ca86052f45a432a38b73958,5b67d5593db6802b11d266e3c4d0e0b1,2018-07-16 15:52:03,91.55,172,2018-07-16 10:53:45
c70c1b0d8ca86052f45a432a38b73958,38dd491abd1019ce526c43c8145e2f4c,2018-07-16 16:53:42,91.55,173,2018-07-16 15:52:03
c70c1b0d8ca86052f45a432a38b73958,44d266dec578366b923e9b3a636c8311,2018-07-16 16:53:42,91.55,174,2018-07-16 16:53:42
c70c1b0d8ca86052f45a432a38b73958,8f5244306f56f64511c6d8b6a7064716,2018-07-16 19:03:10,110.32,175,2018-07-16 16:53:42
c70c1b0d8ca86052f45a432a38b73958,2d1442daed29bb41ee9c31649d1b76ac,2018-07-16 22:03:18,110.32,176,2018-07-16 19:03:10
c70c1b0d8ca86052f45a432a38b73958,431c1624aae277e9a8c7182403019df3,2018-07-17 08:42:24,95.0,177,2018-07-16 22:03:18
c70c1b0d8ca86052f45a432a38b73958,7bc26962535d2a6a7f34041908736df5,2018-07-17 13:29:52,110.32,178,2018-07-17 08:42:24
c70c1b0d8ca86052f45a432a38b73958,cc0d2c0ee3e33e3492e690fb44e1c11f,2018-07-17 14:18:41,110.32,179,2018-07-17 13:29:52
c70c1b0d8ca86052f45a432a38b73958,bf0d67707bc87fa3fe2cf74a1c2c693f,2018-07-17 14:41:06,110.32,180,2018-07-17 14:18:41
c70c1b0d8ca86052f45a432a38b73958,2dce4900da65c78bfeb7b56efa0dd59e,2018-07-17 16:48:33,110.32,181,2018-07-17 14:41:06
c70c1b0d8ca86052f45a432a38b73958,9a3682ac52b77c26f1d7a700b59ed9f7,2018-07-17 17:11:48,220.64,182,2018-07-17 16:48:33
c70c1b0d8ca86052f45a432a38b73958,504a512b08ad37f84e4d9b8de998f821,2018-07-17 17:13:40,110.32,183,2018-07-17 17:11:48
c70c1b0d8ca86052f45a432a38b73958,029b1d3a355dec12cfed60927f076a9d,2018-07-17 17:16:25,220.64,184,2018-07-17 17:13:40
c70c1b0d8ca86052f45a432a38b73958,6c37a73c622940bb9dee7b76f6d4058d,2018-07-17 21:09:56,110.32,185,2018-07-17 17:16:25
c70c1b0d8ca86052f45a432a38b73958,66ece7c73f4550ac89c08ffa53e85dc2,2018-07-18 10:42:13,110.32,186,2018-07-17 21:09:56
c70c1b0d8ca86052f45a432a38b73958,89165e6d4c28047da0adf13ac8b3e1b3,2018-07-18 13:39:54,110.32,187,2018-07-18 10:42:13
c70c1b0d8ca86052f45a432a38b73958,45904bc2f27b4b3d71f27fc638080399,2018-07-18 14:46:26,110.32,188,2018-07-18 13:39:54
c70c1b0d8ca86052f45a432a38b73958,88fe6c8d13fac8f0541f004562843994,2018-07-18 16:28:04,110.32,189,2018-07-18 14:46:26
c70c1b0d8ca86052f45a432a38b73958,b57ca1f22bdf63514677b6e584ffd542,2018-07-18 16:29:26,110.32,190,2018-07-18 16:28:04
c70c1b0d8ca86052f45a432a38b73958,fb963833d4480071a9bb9979022ea6ad,2018-07-18 18:04:49,95.0,191,2018-07-18 16:29:26
c70c1b0d8ca86052f45a432a38b73958,e59765e2c90f66afaf17da77d1a658f2,2018-07-19 14:59:23,110.32,192,2018-07-18 18:04:49
c70c1b0d8ca86052f45a432a38b73958,652feb1d4ad368d93e848e3e211445e1,2018-07-19 20:59:37,91.55,193,2018-07-19 14:59:23
c70c1b0d8ca86052f45a432a38b73958,bcd881f346c66116b4cf838352ea8eaa,2018-07-21 11:39:34,220.64,194,2018-07-19 20:59:37
c70c1b0d8ca86052f45a432a38b73958,c5267c7bad3d532ba30cf3b72596d3de,2018-07-22 00:26:45,110.32,195,2018-07-21 11:39:34
c70c1b0d8ca86052f45a432a38b73958,ade009c6183b28931a1ea0841dccaa94,2018-07-23 08:26:54,220.64,196,2018-07-22 00:26:45
c70c1b0d8ca86052f45a432a38b73958,84d1b2c4bcd6e1ea29456bedb6b6530b,2018-07-23 11:36:19,110.32,197,2018-07-23 08:26:54
c70c1b0d8ca86052f45a432a38b73958,afead4c57004d9ef3e766086c1a57f81,2018-07-23 16:43:23,110.32,198,2018-07-23 11:36:19
c70c1b0d8ca86052f45a432a38b73958,8d23fb4e17833d8bf866d3ae3481a3cd,2018-07-24 08:48:10,220.64,199,2018-07-23 16:43:23
c70c1b0d8ca86052f45a432a38b73958,ca43f8e8a9bf6a143bdfe24cc9fa5c1d,2018-07-24 09:49:03,110.32,200,2018-07-24 08:48:10
c70c1b0d8ca86052f45a432a38b73958,76600853a200fe87e141adae6b35674c,2018-07-24 13:13:09,95.0,201,2018-07-24 09:49:03
c70c1b0d8ca86052f45a432a38b73958,a8fe5267370ed0ed458f4fc1a032bf7e,2018-07-24 16:02:10,110.32,202,2018-07-24 13:13:09
c70c1b0d8ca86052f45a432a38b73958,c5496b624a2992c280191ee51a5f0650,2018-07-24 16:06:57,110.32,203,2018-07-24 16:02:10
c70c1b0d8ca86052f45a432a38b73958,d01f15491f3bc2e461d13e32f03978f3,2018-07-25 16:48:32,220.64,204,2018-07-24 16:06:57
c70c1b0d8ca86052f45a432a38b73958,b13a04ec39b8bcf8de9bd5626347937b,2018-07-25 23:58:25,110.32,205,2018-07-25 16:48:32
c70c1b0d8ca86052f45a432a38b73958,9b27acea1ceeaf0e2c4409066b85c93d,2018-07-26 12:31:19,110.32,206,2018-07-25 23:58:25
c70c1b0d8ca86052f45a432a38b73958,6bcee650c0948a4d061fbac64d157ba5,2018-07-26 15:26:12,95.0,207,2018-07-26 12:31:19
c70c1b0d8ca86052f45a432a38b73958,7df4045bb089bf92e7eaf3b506b6423b,2018-07-26 20:17:17,95.0,208,2018-07-26 15:26:12
c70c1b0d8ca86052f45a432a38b73958,037ce5266460af220f19d497b130e737,2018-07-27 09:25:33,110.32,209,2018-07-26 20:17:17
c70c1b0d8ca86052f45a432a38b73958,5fb81ae5bda9580ad705d1ce97a6fa49,2018-07-27 21:02:05,110.32,210,2018-07-27 09:25:33
c70c1b0d8ca86052f45a432a38b73958,84d21eead7694f99925e7e056ca88832,2018-07-28 16:59:24,110.32,211,2018-07-27 21:02:05
c70c1b0d8ca86052f45a432a38b73958,3e12e60631dc37f47e3e3b6d866758e6,2018-07-29 18:12:14,110.32,212,2018-07-28 16:59:24
c70c1b0d8ca86052f45a432a38b73958,642ea6e274946158dea23ad0087bff93,2018-07-30 11:13:49,110.32,213,2018-07-29 18:12:14
c70c1b0d8ca86052f45a432a38b73958,4313ba67282f2ba99c4b3c4f3e344595,2018-07-30 19:38:01,95.0,214,2018-07-30 11:13:49
c70c1b0d8ca86052f45a432a38b73958,2e9d2850537d9e6975149a266b9ecf69,2018-07-30 21:07:34,110.32,215,2018-07-30 19:38:01
c70c1b0d8ca86052f45a432a38b73958,b9fdbff1d403555f4d184966b1ac398e,2018-07-31 09:25:39,110.32,216,2018-07-30 21:07:34
c70c1b0d8ca86052f45a432a38b73958,3bc3db2c8da17bdf6b0344b1a2ed7cb8,2018-08-01 13:56:49,110.32,217,2018-07-31 09:25:39
c70c1b0d8ca86052f45a432a38b73958,d83e73ca49e7e9ec7ba0154139858fc8,2018-08-01 16:43:43,220.64,218,2018-08-01 13:56:49
c70c1b0d8ca86052f45a432a38b73958,c20364e03cd232810a496d07ef593e3b,2018-08-01 20:07:04,95.0,219,2018-08-01 16:43:43
c70c1b0d8ca86052f45a432a38b73958,b2b8934746a9afa7b38c8c1f88268ecb,2018-08-02 12:06:07,190.0,220,2018-08-01 20:07:04
c70c1b0d8ca86052f45a432a38b73958,e79714832b01797085c10409669150d5,2018-08-02 12:06:56,110.32,221,2018-08-02 12:06:07
c70c1b0d8ca86052f45a432a38b73958,7f579e203c931f3e8410103359c6d523,2018-08-02 18:09:27,110.32,222,2018-08-02 12:06:56
c70c1b0d8ca86052f45a432a38b73958,3142b77fc8c5d3b848943f5727c3901a,2018-08-03 00:03:09,110.32,223,2018-08-02 18:09:27
c70c1b0d8ca86052f45a432a38b73958,2fc7fe2e06e84beba127768beb2f705e,2018-08-03 00:36:26,220.64,224,2018-08-03 00:03:09
c70c1b0d8ca86052f45a432a38b73958,0cc61cbbb97b708ac85f95f24e7e4439,2018-08-03 13:51:04,91.55,225,2018-08-03 00:36:26
c70c1b0d8ca86052f45a432a38b73958,7bb7e430dba5149615b3083b33604d53,2018-08-03 17:29:26,110.32,226,2018-08-03 13:51:04
c70c1b0d8ca86052f45a432a38b73958,38eb04fead5a8c966e7e01b87830b50e,2018-08-04 08:48:56,110.32,227,2018-08-03 17:29:26
c70c1b0d8ca86052f45a432a38b73958,20aac17e27ac5fb3ebbf44a26b0e2d3c,2018-08-04 20:33:44,110.32,228,2018-08-04 08:48:56
c70c1b0d8ca86052f45a432a38b73958,1254db2858a5edb97a4c724409299e13,2018-08-05 22:14:53,110.32,229,2018-08-04 20:33:44
c70c1b0d8ca86052f45a432a38b73958,68e04d66b10f8b3ce33634655717a23a,2018-08-05 22:20:02,110.32,230,2018-08-05 22:14:53
c70c1b0d8ca86052f45a432a38b73958,e762633655ca1d869d2036864e96fb6f,2018-08-05 22:41:40,110.32,231,2018-08-05 22:20:02
c70c1b0d8ca86052f45a432a38b73958,dd623579d6b295a30527eb68420a5eeb,2018-08-05 23:07:32,110.32,232,2018-08-05 22:41:40
c70c1b0d8ca86052f45a432a38b73958,5ec17d5853c4bad3b18adb6778b3ac0d,2018-08-07 14:36:35,220.64,233,2018-08-05 23:07:32
c70c1b0d8ca86052f45a432a38b73958,15db3ee82b2592326fd5390713cf56eb,2018-08-07 15:05:05,110.32,234,2018-08-07 14:36:35
c70c1b0d8ca86052f45a432a38b73958,aaeb782b2c3417edea48a095560116d3,2018-08-08 00:38:57,110.32,235,2018-08-07 15:05:05
c70c1b0d8ca86052f45a432a38b73958,8c7743df5e89b7178ace0e9b7afe5208,2018-08-09 20:10:29,95.0,236,2018-08-08 00:38:57
c70c1b0d8ca86052f45a432a38b73958,e0ef63a06438a4f6dfa047fc41217f8e,2018-08-11 09:09:40,110.32,237,2018-08-09 20:10:29
c70c1b0d8ca86052f45a432a38b73958,3486059e0a7914ff9133784944751b3e,2018-08-11 16:24:12,110.32,238,2018-08-11 09:09:40
c70c1b0d8ca86052f45a432a38b73958,b027e9d1b5a30853af2663e94f2e8a00,2018-08-12 08:36:16,110.32,239,2018-08-11 16:24:12
c70c1b0d8ca86052f45a432a38b73958,8f45eebf4554e796f1e35f7c2fc16190,2018-08-12 09:31:22,110.32,240,2018-08-12 08:36:16
c70c1b0d8ca86052f45a432a38b73958,2f5521a15f1ab0eb646209fa271d9de4,2018-08-13 10:19:13,220.64,241,2018-08-12 09:31:22
c70c1b0d8ca86052f45a432a38b73958,f3378188cb29f0cd9da2d838f2374f6b,2018-08-13 17:23:35,220.64,242,2018-08-13 10:19:13
c70c1b0d8ca86052f45a432a38b73958,fcbd9f7c8203db7648e20538075ee96f,2018-08-13 17:24:24,220.64,243,2018-08-13 17:23:35
c70c1b0d8ca86052f45a432a38b73958,9ea1203e5b988b66f3a348380106b77e,2018-08-16 18:16:37,110.32,244,2018-08-13 17:24:24
c70c1b0d8ca86052f45a432a38b73958,25cbbd756ea300d0566add5ebb8b3a25,2018-08-16 23:17:20,110.32,245,2018-08-16 18:16:37
c70c1b0d8ca86052f45a432a38b73958,1b9411e11370aedecc0bb2daa7f41501,2018-08-17 16:11:01,95.0,246,2018-08-16 23:17:20
c70c1b0d8ca86052f45a432a38b73958,1c119597703b882a5b24ab9139a9a53a,2018-08-18 10:03:37,110.32,247,2018-08-17 16:11:01
c70c1b0d8ca86052f45a432a38b73958,6f10565ddd7e947a6918e2f551144704,2018-08-18 12:58:38,110.32,248,2018-08-18 10:03:37
c70c1b0d8ca86052f45a432a38b73958,6ff14c785c89530b9a33206e62253d05,2018-08-18 16:42:46,220.64,249,2018-08-18 12:58:38
c70c1b0d8ca86052f45a432a38b73958,474c4ea497345c47f7b63558a380d73a,2018-08-20 15:46:41,110.32,250,2018-08-18 16:42:46
c70c1b0d8ca86052f45a432a38b73958,ef759931a1e239c554b2d2a25957e7cd,2018-08-20 17:34:52,220.64,251,2018-08-20 15:46:41
c70c1b0d8ca86052f45a432a38b73958,ac6744e4410acdd7696dbc6bb6eca10c,2018-08-20 20:45:22,110.32,252,2018-08-20 17:34:52
c70c1b0d8ca86052f45a432a38b73958,eda15f47d38268e4c8dfb881cc473512,2018-08-21 17:44:39,91.55,253,2018-08-20 20:45:22
c70c1b0d8ca86052f45a432a38b73958,3744d1ae189206fd84cc7e806393dd56,2018-08-21 19:20:37,110.32,254,2018-08-21 17:44:39
c70c1b0d8ca86052f45a432a38b73958,f3685fa8068bd0419d72108c51555ed6,2018-08-22 09:08:09,110.32,255,2018-08-21 19:20:37
c70c1b0d8ca86052f45a432a38b73958,9144181fd06902570ce9c34860652f55,2018-08-23 13:46:00,110.32,256,2018-08-22 09:08:09
c70c1b0d8ca86052f45a432a38b73958,6a8becea75ddeafc9a476d5de46696a1,2018-08-23 17:00:23,330.96,257,2018-08-23 13:46:00
c70c1b0d8ca86052f45a432a38b73958,f9ba4a7646e78ee867081f9a098c3290,2018-08-25 17:10:20,110.32,258,2018-08-23 17:00:23
c70c1b0d8ca86052f45a432a38b73958,0c51a7661156c6f9ae61b33610dca175,2018-08-26 23:31:24,110.32,259,2018-08-25 17:10:20
c70c1b0d8ca86052f45a432a38b73958,bee12e8653a04e76786e8891cfb6330a,2018-08-29 08:46:11,457.75,260,2018-08-26 23:31:24
c7bb64409aa480bb7d0335faaaf3d242,70ffdf594d9f10774b05b0e2f55b0eac,2018-06-23 16:04:00,13.9,1,
c7bb64409aa480bb7d0335faaaf3d242,e040525fe5bd72959057d9d5dcec81f6,2018-06-28 20:33:23,13.9,2,2018-06-23 16:04:00
c7bb64409aa480bb7d0335faaaf3d242,ccb493a84cad1ba5ce523d205f00d987,2018-06-30 17:06:42,34.9,3,2018-06-28 20:33:23
c7bb64409aa480bb7d0335faaaf3d242,c66b4d4c8665330b53721d0f84feed9d,2018-07-02 10:34:59,34.9,4,2018-06-30 17:06:42
c84592044b180dec206770c38603814b,21d601597d3c4723d5e5f81dc1d2c01e,2018-02-28 14:53:09,20.0,1,
c84592044b180dec206770c38603814b,c50b038fff0cb3b7da8fc39272cedc8b,2018-03-09 12:27:35,39.99,2,2018-02-28 14:53:09
c84592044b180dec206770c38603814b,e05832d71fad97ae7744fc444ce72075,2018-03-17 08:15:57,20.0,3,2018-03-09 12:27:35
c84592044b180dec206770c38603814b,f88b6086f307f103f7167c4f0ae58cd7,2018-03-20 15:37:30,22.99,4,2018-03-17 08:15:57
c84592044b180dec206770c38603814b,61977a093913e4c6a6756adb4d3110d9,2018-03-21 15:18:40,20.0,5,2018-03-20 15:37:30
c84592044b180dec206770c38603814b,1afb4a9edd39860a661d82a4e510bdc7,2018-03-23 12:58:28,22.99,6,2018-03-21 15:18:40
c84592044b180dec206770c38603814b,585350d8134c384f89524f203b747ee0,2018-03-30 00:46:41,20.0,7,2018-03-23 12:58:28
c84592044b180dec206770c38603814b,83906d88623796246961d2a1de70175d,2018-04-11 12:06:51,20.0,8,2018-03-30 00:46:41
c84592044b180dec206770c38603814b,2c8368619bc15c47d6fd7de27cdef0c6,2018-04-16 13:37:20,47.99,9,2018-04-11 12:06:51
c84592044b180dec206770c38603814b,e4dc8dc4e8f573a596b576458c01ce91,2018-04-19 17:54:17,20.0,10,2018-04-16 13:37:20
c84592044b180dec206770c38603814b,f4b5549e1f7d4f62f52b0512657744c3,2018-05-05 17:40:40,47.99,11,2018-04-19 17:54:17
c84592044b180dec206770c38603814b,7e3766d472dabd56a59bd81503062ff7,2018-05-05 18:51:05,149.99,12,2018-05-05 17:40:40
c84592044b180dec206770c38603814b,d2b4111f671e5684fce7ed930aca23cb,2018-05-07 14:36:53,20.0,13,2018-05-05 18:51:05
c84592044b180dec206770c38603814b,578edeaef53420e1e319b2485b95be30,2018-05-12 11:42:27,20.0,14,2018-05-07 14:36:53
c8665a4dd081a2c436b1cd921079d0d9,479374e6d18c89bd20eb4c80cc291fc6,2018-06-18 12:48:25,79.39,1,
c8cc60ffd415254af5d9b9f34f32c369,84e34554c40b81ca0f4228e7c59179f9,2018-06-05 19:11:38,121.9,1,
c8cc60ffd415254af5d9b9f34f32c369,ebf44ff0c2e9687a275c7a487b71e28e,2018-07-08 20:49:33,96.9,2,2018-06-05 19:11:38
c8cc60ffd415254af5d9b9f34f32c369,ed84d84ff056c981f01b2084bdb4785e,2018-07-11 22:48:53,59.9,3,2018-07-08 20:49:33
c8cc60ffd415254af5d9b9f34f32c369,df89b9f16503a80016dd955b0929ee3a,2018-07-17 15:18:16,39.9,4,2018-07-11 22:48:53
c8cc60ffd415254af5d9b9f34f32c369,c5d63349822280ab188ac2cb0966668c,2018-08-07 11:24:59,91.8,5,2018-07-17 15:18:16
c8cc60ffd415254af5d9b9f34f32c369,a87e2eb19e3e22c6c62607b148aaed4c,2018-08-11 15:40:04,159.9,6,2018-08-07 11:24:59
c8cc60ffd415254af5d9b9f34f32c369,ea7e5e953d0446082a6667e945c9c9b0,2018-08-12 11:03:19,94.9,7,2018-08-11 15:40:04
c8cc60ffd415254af5d9b9f34f32c369,6a145a0bfebe28cf3c33bffdcc1be30a,2018-08-15 17:47:48,57.0,8,2018-08-12 11:03:19
c963a25b8671419c6ce9eebe8fd03218,706f426a3e276fbc171e2d3aafbf2e1a,2018-05-01 01:28:38,49.0,1,
ca4b77513ac2040591b0d8fae6958380,9e0584f7d8ecc18347e6ce7eb7922628,2018-07-15 13:52:04,142.9,1,
ca4b77513ac2040591b0d8fae6958380,4a5ec3a39f61790953b9bb48bfd301d4,2018-07-19 14:32:30,141.61,2,2018-07-15 13:52:04
ca4b77513ac2040591b0d8fae6958380,4f209a7c48b44a32ff3196ddbfb4d67e,2018-07-21 16:19:34,143.28,3,2018-07-19 14:32:30
ca4b77513ac2040591b0d8fae6958380,cdbe906438125d1d5bf88bb289f8ed61,2018-08-02 12:25:18,123.47,4,2018-07-21 16:19:34
ca4b77513ac2040591b0d8fae6958380,1960190ca65fb64227cf890a91874094,2018-08-03 16:32:19,159.8,5,2018-08-02 12:25:18
ca4b77513ac2040591b0d8fae6958380,0f213d7015dad47737aecd4d7403f919,2018-08-03 21:43:05,175.06,6,2018-08-03 16:32:19
ca4b77513ac2040591b0d8fae6958380,d40d7acb41c23539b6b47ea86e260c28,2018-08-06 21:01:40,88.78,7,2018-08-03 21:43:05
ca4b77513ac2040591b0d8fae6958380,2aa60aae490332613940bcc5eea147c6,2018-08-07 14:10:01,87.99,8,2018-08-06 21:01:40
ca4b77513ac2040591b0d8fae6958380,2b4ddcfd05002739cb1f110eda444800,2018-08-10 16:53:55,169.72,9,2018-08-07 14:10:01
ca4b77513ac2040591b0d8fae6958380,3bd9055cde8c3ff6e14396459c776cbf,2018-08-12 00:26:37,111.27,10,2018-08-10 16:53:55
ca4b77513ac2040591b0d8fae6958380,db039e7843c76cf2857fb12ee96e2e9f,2018-08-12 20:35:33,111.27,11,2018-08-12 00:26:37
ca4b77513ac2040591b0d8fae6958380,a139ecd5f1989a8f5d829cc03aa1a046,2018-08-17 09:01:51,64.42,12,2018-08-12 20:35:33
ca4b77513ac2040591b0d8fae6958380,7dd829472da0fa5d56b7eb94ec5be1b1,2018-08-18 22:54:55,111.27,13,2018-08-17 09:01:51
ca4b77513ac2040591b0d8fae6958380,cf2b1a6921421d6455c8be0a1e2677d4,2018-08-22 10:28:17,141.61,14,2018-08-18 22:54:55
ca7c6bd577e559472af1c699de9e764e,bec5e390bd832706d84b46aba9c4a83b,2018-03-22 11:49:41,18.5,1,
ca7c6bd577e559472af1c699de9e764e,0c7f78afde3e635c59eef76c3f1a5ea5,2018-03-23 18:45:37,37.0,2,2018-03-22 11:49:41
ca7c6bd577e559472af1c699de9e764e,b012f20bfa8d71028da47251f0201d6d,2018-03-26 11:53:31,18.5,3,2018-03-23 18:45:37
ca7c6bd577e559472af1c699de9e764e,8fa279b262d80217668f5711737ac83b,2018-03-27 10:33:45,18.5,4,2018-03-26 11:53:31
ca7c6bd577e559472af1c699de9e764e,b86cadfb9d8fe2a3eba84001de30fec2,2018-04-04 11:20:21,18.5,5,2018-03-27 10:33:45
ca7c6bd577e559472af1c699de9e764e,5b5000f42c9f7a3bd25a2199e7f9d943,2018-04-04 13:47:39,37.0,6,2018-04-04 11:20:21
caa9bc43a9fe8cf9c564ddd8a03cc4a6,f7cc237b35aef540d178cf5c41095769,2018-04-16 13:04:33,179.98,1,
caa9bc43a9fe8cf9c564ddd8a03cc4a6,45881387721786e660460cd8bfcb2010,2018-04-16 20:41:12,89.99,2,2018-04-16 13:04:33
caa9bc43a9fe8cf9c564ddd8a03cc4a6,4a6d74776f450ae638cd987636c78491,2018-04-30 23:04:47,44.99,3,2018-04-16 20:41:12
caa9bc43a9fe8cf9c564ddd8a03cc4a6,395fcc8123e7a3a7c5054d6dae0dad9e,2018-05-02 13:22:49,29.99,4,2018-04-30 23:04:47
caa9bc43a9fe8cf9c564ddd8a03cc4a6,94f1c6e75d7f8c25a1094c0f45ac1a07,2018-05-07 11:39:02,99.99,5,2018-05-02 13:22:49
caa9bc43a9fe8cf9c564ddd8a03cc4a6,6b84d210abf237ef478dd4f1b0f4c10b,2018-05-30 20:36:33,44.99,6,2018-05-07 11:39:02
caa9bc43a9fe8cf9c564ddd8a03cc4a6,67237faa0d1a15c51811b4888270a4c2,2018-06-08 19:32:28,99.99,7,2018-05-30 20:36:33
caa9bc43a9fe8cf9c564ddd8a03cc4a6,899f386e0652a9e159d00cbe97836be3,2018-06-15 12:08:47,29.99,8,2018-06-08 19:32:28
caa9bc43a9fe8cf9c564ddd8a03cc4a6,fb699452d6799cc45801c305bc0db749,2018-06-24 13:53:51,44.99,9,2018-06-15 12:08:47
caa9bc43a9fe8cf9c564ddd8a03cc4a6,249907441e345229204263360b34edd7,2018-08-06 18:41:26,49.99,10,2018-06-24 13:53:51
caa9bc43a9fe8cf9c564ddd8a03cc4a6,932c319ee28911384cce008c02f0b448,2018-08-11 16:52:23,29.99,11,2018-08-06 18:41:26
caa9bc43a9fe8cf9c564ddd8a03cc4a6,6e5042f4099dedf7cc921269ffa0beac,2018-08-22 00:03:22,29.0,12,2018-08-11 16:52:23
caa9bc43a9fe8cf9c564ddd8a03cc4a6,e6f6345c50327507fe35965aa65c8e94,2018-08-27 18:50:06,29.99,13,2018-08-22 00:03:22
cac876b37d3abcd6bd76caca30277996,654d7c4edb2db36fbde5f35f50a02a83,2018-02-13 12:38:05,39.49,1,
cac876b37d3abcd6bd76caca30277996,4cc1cf702abc75af4f48044d526062db,2018-02-14 15:36:39,178.0,2,2018-02-13 12:38:05
cac876b37d3abcd6bd76caca30277996,1ae8e19bcbb76c8858e9e94da5ed17e7,2018-02-15 11:05:48,89.0,3,2018-02-14 15:36:39
cac876b37d3abcd6bd76caca30277996,5c98b0371ccabb3658a8094d57525994,2018-02-20 11:22:05,39.49,4,2018-02-15 11:05:48
cac876b37d3abcd6bd76caca30277996,1356895abd31f89419c71d5f73a5c1e2,2018-02-24 08:04:36,28.9,5,2018-02-20 11:22:05
cac876b37d3abcd6bd76caca30277996,70a94c2193b6a1b10aba885c5129f5ee,2018-03-06 14:04:13,119.5,6,2018-02-24 08:04:36
cac876b37d3abcd6bd76caca30277996,01b2dd042de98a15b6a9a141bf71c344,2018-03-11 17:17:41,79.9,7,2018-03-06 14:04:13
cac876b37d3abcd6bd76caca30277996,5c48604208ff2a0458a13f33a4c7ef1e,2018-03-15 18:35:33,37.9,8,2018-03-11 17:17:41
cac876b37d3abcd6bd76caca30277996,a535ae3c7093b8d47702f0312d27c1c9,2018-03-30 15:35:23,69.9,9,2018-03-15 18:35:33
cac876b37d3abcd6bd76caca30277996,afb0a9ca2d10fcfae200f36535c3f94a,2018-04-08 21:55:51,38.49,10,2018-03-30 15:35:23
cac876b37d3abcd6bd76caca30277996,480a3cf22a0de15e7eea10a10ff49f8a,2018-04-09 10:22:08,69.9,11,2018-04-08 21:55:51
cac876b37d3abcd6bd76caca30277996,87f5e3ce6dc0d86137ed70772c870463,2018-04-12 17:51:53,45.9,12,2018-04-09 10:22:08
cac876b37d3abcd6bd76caca30277996,4099e45fcb315a95f58e5149bc1c0baf,2018-04-19 10:19:58,45.9,13,2018-04-12 17:51:53
cac876b37d3abcd6bd76caca30277996,20d69c16639be3f1e32de06430505970,2018-05-06 00:15:18,79.9,14,2018-04-19 10:19:58
cac876b37d3abcd6bd76caca30277996,38aedddcea7705d2d202027e67a7ddd1,2018-05-07 15:32:41,69.9,15,2018-05-06 00:15:18
cac876b37d3abcd6bd76caca30277996,068b6cedb09dad00249cb7fc310bc067,2018-05-12 23:23:09,97.8,16,2018-05-07 15:32:41
cac876b37d3abcd6bd76caca30277996,06e30282882c8f52575603b55ed877ce,2018-05-18 00:35:17,79.9,17,2018-05-12 23:23:09
cac876b37d3abcd6bd76caca30277996,4884bd0f5624b0b791920965686cf6ff,2018-05-22 17:58:24,22.9,18,2018-05-18 00:35:17
cac876b37d3abcd6bd76caca30277996,3a32345081c149e0850db894cf22dc03,2018-05-27 19:06:04,79.9,19,2018-05-22 17:58:24
cac876b37d3abcd6bd76caca30277996,2d68cfa7c620233fd6bef3084eb1358f,2018-06-04 22:46:18,24.9,20,2018-05-27 19:06:04
cac876b37d3abcd6bd76caca30277996,b2882c91557edcc086bc11bc8aa0805a,2018-06-16 17:24:06,67.9,21,2018-06-04 22:46:18
cac876b37d3abcd6bd76caca30277996,d7f5321a3029c895a6b79c1ebdd8a222,2018-06-17 18:38:50,44.9,22,2018-06-16 17:24:06
cac876b37d3abcd6bd76caca30277996,6d9ce5b5461904a50d649dd753f6b5a1,2018-06-19 12:10:13,79.9,23,2018-06-17 18:38:50
cac876b37d3abcd6bd76caca30277996,7513aa221a63febb0ca189d24474e893,2018-06-22 08:24:38,79.9,24,2018-06-19 12:10:13
cac876b37d3abcd6bd76caca30277996,61ce184c1c73abf33b18c98b0dff1229,2018-07-04 19:48:39,79.9,25,2018-06-22 08:24:38
cac876b37d3abcd6bd76caca30277996,df89c4a0456584e2878310de66fc9fec,2018-07-22 16:28:38,79.9,26,2018-07-04 19:48:39
cac876b37d3abcd6bd76caca30277996,5f80e465e18f7f99372159cb3b5c88c6,2018-07-26 13:09:26,459.9,27,2018-07-22 16:28:38
cad10cc982ab6a391570c211b995c17c,fa8af66ee11f929d58f95e9a0522d792,2018-04-22 12:03:21,47.4,1,
cad9969167c09b48ae6f1d123f7fa68d,7cb7082833b403a3d40a1596b54f2fba,2018-07-24 10:56:17,24.0,1,
cb6c9f5888a7a090c75beaf615925792,f8f13f6d3692fb485fc728d915cb26d1,2018-04-30 06:31:44,74.9,1,
cb6c9f5888a7a090c75beaf615925792,a98012aa8c697f2bcff9f8c2183e0f2b,2018-05-13 22:50:32,29.95,2,2018-04-30 06:31:44
cb6c9f5888a7a090c75beaf615925792,306e0ad52724751e50e96b6afeed27bb,2018-05-18 00:32:00,59.9,3,2018-05-13 22:50:32
cb6c9f5888a7a090c75beaf615925792,621d4b50a57e7b6e6d047671cb86cdc1,2018-06-24 13:03:56,34.99,4,2018-05-18 00:32:00
cb6c9f5888a7a090c75beaf615925792,3fd458f81a4ab505469540d26bcdb598,2018-07-02 10:27:02,92.89,5,2018-06-24 13:03:56
cb6c9f5888a7a090c75beaf615925792,d3f661b49e6bea433759048d761d2035,2018-07-05 00:07:41,43.99,6,2018-07-02 10:27:02
cb6c9f5888a7a090c75beaf615925792,f1bdbadeb03d8a0e4c6c2f3ffaf32b35,2018-07-24 11:25:27,44.99,7,2018-07-05 00:07:41
cb6c9f5888a7a090c75beaf615925792,90eb7899e0ba01c27fc128e31e0c872e,2018-08-06 11:54:06,114.9,8,2018-07-24 11:25:27
cb6c9f5888a7a090c75beaf615925792,154e1f0a7267e7d9269d772aa4beeab7,2018-08-13 18:35:18,38.99,9,2018-08-06 11:54:06
cb6c9f5888a7a090c75beaf615925792,2c6fdda09fe92a0d4909b941e62fd790,2018-08-13 21:26:40,114.9,10,2018-08-13 18:35:18
cb6c9f5888a7a090c75beaf615925792,7f7ecce97b3b42d8f61c14fd46a50593,2018-08-19 19:12:14,129.49,11,2018-08-13 21:26:40
cbf09e831b0c11f6f23ffb51004db972,e8a1255860241d2b415fb816d9273efb,2018-05-03 11:21:25,53.9,1,
cbf09e831b0c11f6f23ffb51004db972,aa2cd8b186c94011da9d0f80785a3f20,2018-05-06 22:19:46,53.9,2,2018-05-03 11:21:25
cbf09e831b0c11f6f23ffb51004db972,5cdb96999ef502f8ca33096a4568be30,2018-05-08 19:59:55,53.9,3,2018-05-06 22:19:46
cbf09e831b0c11f6f23ffb51004db972,4af6ca2a69957cdc073ddf26d1900ddb,2018-05-25 16:55:13,53.9,4,2018-05-08 19:59:55
cbf09e831b0c11f6f23ffb51004db972,1dbf0806fc07152b9dc46b352e62c8b8,2018-06-02 14:22:33,509.0,5,2018-05-25 16:55:13
cbf09e831b0c11f6f23ffb51004db972,509be166b4a9400819808bea4ba08ec5,2018-06-15 10:19:26,53.9,6,2018-06-02 14:22:33
cbf09e831b0c11f6f23ffb51004db972,040ffb806b943aa19e0b176e7746b2b7,2018-07-31 15:52:32,519.0,7,2018-06-15 10:19:26
cbf09e831b0c11f6f23ffb51004db972,8346e642eb8d376b57cddc53b6118a3a,2018-08-01 09:50:24,53.9,8,2018-07-31 15:52:32
cbf09e831b0c11f6f23ffb51004db972,da8831dfbb89ea6b128840224899b348,2018-08-14 23:22:32,53.9,9,2018-08-01 09:50:24
cbf09e831b0c11f6f23ffb51004db972,d35f8dc1aab5eb262bfb16db16fccfa5,2018-08-21 17:40:41,129.9,10,2018-08-14 23:22:32
cc63f0dd2acba93ffed4fe9f8e0321fa,558fa371b24282233214767214895e95,2018-05-10 14:37:54,99.0,1,
cc63f0dd2acba93ffed4fe9f8e0321fa,d8eada63874f4ad83911e6c388521ba9,2018-05-14 18:04:13,190.0,2,2018-05-10 14:37:54
cc63f0dd2acba93ffed4fe9f8e0321fa,68a27330cb647c6489f7cd78524c5711,2018-05-14 21:46:11,168.0,3,2018-05-14 18:04:13
cc63f0dd2acba93ffed4fe9f8e0321fa,fbf721837a9b13e4cb71778b5326a00b,2018-05-15 16:32:55,163.9,4,2018-05-14 21:46:11
cc63f0dd2acba93ffed4fe9f8e0321fa,e540d00fceab564fcd95cc8a75b10beb,2018-05-19 14:57:18,97.0,5,2018-05-15 16:32:55
cc63f0dd2acba93ffed4fe9f8e0321fa,decf73db7f53552bc92e1720be4f0995,2018-05-22 17:55:30,85.5,6,2018-05-19 14:57:18
cc63f0dd2acba93ffed4fe9f8e0321fa,802d0f108d32ef094401c8cd4e965680,2018-05-22 23:01:12,85.5,7,2018-05-22 17:55:30
cc63f0dd2acba93ffed4fe9f8e0321fa,a2eb5d639e60dc92388b4177edfc52a4,2018-05-23 09:06:49,97.0,8,2018-05-22 23:01:12
cc63f0dd2acba93ffed4fe9f8e0321fa,2109de10cb751b43648fd8c1ebbb1d0f,2018-05-24 09:38:53,291.0,9,2018-05-23 09:06:49
cc63f0dd2acba93ffed4fe9f8e0321fa,8870e37cd5b4a6ff4b0b3c2a02e471ae,2018-05-27 17:54:11,98.0,10,2018-05-24 09:38:53
cc63f0dd2acba93ffed4fe9f8e0321fa,099a55045696dde09f58f62e8e82a542,2018-05-27 18:29:11,169.0,11,2018-05-27 17:54:11
cc63f0dd2acba93ffed4fe9f8e0321fa,2b9f86a52457f652ac6b282b5dde09b2,2018-06-03 14:50:19,125.0,12,2018-05-27 18:29:11
cc63f0dd2acba93ffed4fe9f8e0321fa,40d6baecd21b178b3115e0d6913248ac,2018-06-03 17:11:34,98.0,13,2018-06-03 14:50:19
cc63f0dd2acba93ffed4fe9f8e0321fa,4d8a2d9a0da9e6fc1c7bf59dfde5a697,2018-06-19 15:41:36,79.95,14,2018-06-03 17:11:34
cc63f0dd2acba93ffed4fe9f8e0321fa,43d0e984f7e7256bce2b8f15fdfef0dc,2018-06-24 21:46:56,94.0,15,2018-06-19 15:41:36
cc63f0dd2acba93ffed4fe9f8e0321fa,21a47fe1418ed7200936d8322e4e36e1,2018-06-26 13:21:45,154.0,16,2018-06-24 21:46:56
cc63f0dd2acba93ffed4fe9f8e0321fa,4870f8be587a9e5643156fb4f22d02e2,2018-07-18 15:46:11,72.0,17,2018-06-26 13:21:45
cc63f0dd2acba93ffed4fe9f8e0321fa,be35daa57103f24cb540c6e7f3ca252c,2018-07-18 20:44:27,108.99,18,2018-07-18 15:46:11
cc63f0dd2acba93ffed4fe9f8e0321fa,205f0525fe708de4db2434516fe7c376,2018-07-19 15:21:31,144.0,19,2018-07-18 20:44:27
cc63f0dd2acba93ffed4fe9f8e0321fa,afb8e7d292d49589f6583efcdbda2058,2018-07-23 09:24:50,72.0,20,2018-07-19 15:21:31
cc63f0dd2acba93ffed4fe9f8e0321fa,6ae112d3d80d830e6e97b777b24b4c56,2018-07-24 09:03:34,199.9,21,2018-07-23 09:24:50
cc63f0dd2acba93ffed4fe9f8e0321fa,f38bcea38944dc89223a23571a1207e5,2018-07-24 22:36:15,253.6,22,2018-07-24 09:03:34
cc63f0dd2acba93ffed4fe9f8e0321fa,abcf5984d3741238d9c49184b7fa5941,2018-07-25 10:01:44,126.99,23,2018-07-24 22:36:15
cc63f0dd2acba93ffed4fe9f8e0321fa,986f9a6bec9c49daf91e0a02a63885d0,2018-07-28 13:18:56,72.0,24,2018-07-25 10:01:44
cc63f0dd2acba93ffed4fe9f8e0321fa,611793bc968aac5d1a9c623d1ab8aea6,2018-07-29 11:56:52,126.8,25,2018-07-28 13:18:56
cc63f0dd2acba93ffed4fe9f8e0321fa,6f6141eab1bb4e6c11c31e631b60443a,2018-07-29 17:15:10,253.98,26,2018-07-29 11:56:52
cc63f0dd2acba93ffed4fe9f8e0321fa,bb965992d20f51fbc192608be1cd052f,2018-07-29 18:16:54,126.8,27,2018-07-29 17:15:10
cc63f0dd2acba93ffed4fe9f8e0321fa,9bd5c53e69d9f7ddcd2ac219938bb4be,2018-07-30 17:07:20,126.99,28,2018-07-29 18:16:54
cc63f0dd2acba93ffed4fe9f8e0321fa,13f122a23bdcdc6de4c10fb7d9fa6a0d,2018-07-31 15:16:09,72.0,29,2018-07-30 17:07:20
cc63f0dd2acba93ffed4fe9f8e0321fa,9052b9e9831316aa74d32b45bbcee6c8,2018-07-31 21:53:26,126.99,30,2018-07-31 15:16:09
cc63f0dd2acba93ffed4fe9f8e0321fa,15a5c3e66605b949f4fc77d747f8003d,2018-08-01 19:50:09,72.0,31,2018-07-31 21:53:26
cc63f0dd2acba93ffed4fe9f8e0321fa,7ca00d9cf45a4e8501cdc625899d7633,2018-08-01 21:22:53,126.8,32,2018-08-01 19:50:09
cc63f0dd2acba93ffed4fe9f8e0321fa,82728f6b511aa8dc053ba674db6f8b24,2018-08-01 21:23:20,72.0,33,2018-08-01 21:22:53
cc63f0dd2acba93ffed4fe9f8e0321fa,7c368cac70a301684eb08e7397a3da54,2018-08-02 13:43:55,126.99,34,2018-08-01 21:23:20
cc63f0dd2acba93ffed4fe9f8e0321fa,4d8660f18113eab64ba09d4eb4aa9ddf,2018-08-02 15:17:05,258.0,35,2018-08-02 13:43:55
cc63f0dd2acba93ffed4fe9f8e0321fa,fba96485cb359053087bb66dc9b5d6f2,2018-08-02 18:52:55,126.8,36,2018-08-02 15:17:05
cc63f0dd2acba93ffed4fe9f8e0321fa,42cba4864b46e647175a24df49b1426a,2018-08-03 13:59:26,126.99,37,2018-08-02 18:52:55
cc63f0dd2acba93ffed4fe9f8e0321fa,4e724a5cf81fb255b3e27cca2632e90f,2018-08-03 17:55:33,69.0,38,2018-08-03 13:59:26
cc63f0dd2acba93ffed4fe9f8e0321fa,f8941c4e03c5fdb1736fb5cd167c17a1,2018-08-04 14:18:40,360.0,39,2018-08-03 17:55:33
cc63f0dd2acba93ffed4fe9f8e0321fa,f117aeca0c3c9410a2eafabdeafdc214,2018-08-05 00:48:47,72.0,40,2018-08-04 14:18:40
cc63f0dd2acba93ffed4fe9f8e0321fa,a147b97f47abbdb02f67ea00da442cd8,2018-08-06 08:44:23,126.99,41,2018-08-05 00:48:47
cc63f0dd2acba93ffed4fe9f8e0321fa,87ad518d2d4ad356d66440d337c509de,2018-08-06 16:19:35,253.98,42,2018-08-06 08:44:23
cc63f0dd2acba93ffed4fe9f8e0321fa,995b5da66f9cd51fa907e9a10e91054b,2018-08-07 08:13:46,72.0,43,2018-08-06 16:19:35
cc63f0dd2acba93ffed4fe9f8e0321fa,0dcfff35f1d2e0fb46301c92143663f9,2018-08-10 15:42:56,69.95,44,2018-08-07 08:13:46
cc63f0dd2acba93ffed4fe9f8e0321fa,6640f4ae940f8fe977395633d7dd05f8,2018-08-10 22:55:07,115.99,45,2018-08-10 15:42:56
cc63f0dd2acba93ffed4fe9f8e0321fa,c323f00d4d5c7dd40983179c0ca14894,2018-08-12 15:47:59,115.99,46,2018-08-10 22:55:07
cc63f0dd2acba93ffed4fe9f8e0321fa,4957235ac475ee9ce4a593a8078c08b8,2018-08-14 12:14:54,69.0,47,2018-08-12 15:47:59
cc63f0dd2acba93ffed4fe9f8e0321fa,b98ebf284363c61636157e9248e966b8,2018-08-15 20:29:32,62.8,48,2018-08-14 12:14:54
cc63f0dd2acba93ffed4fe9f8e0321fa,dad751910ee8793efe38a28bd04cf1d8,2018-08-16 08:16:22,62.8,49,2018-08-15 20:29:32
cc63f0dd2acba93ffed4fe9f8e0321fa,dbe2e048ec0057accc15716fa929c405,2018-08-19 11:08:19,231.98,50,2018-08-16 08:16:22
cc63f0dd2acba93ffed4fe9f8e0321fa,d6d8407991795dae4a5aeed8e2173285,2018-08-20 23:58:59,115.99,51,2018-08-19 11:08:19
cc63f0dd2acba93ffed4fe9f8e0321fa,bce3d004aa51086cc5b0e1ce2db91884,2018-08-21 09:48:01,115.99,52,2018-08-20 23:58:59
cc63f0dd2acba93ffed4fe9f8e0321fa,23ef9daa5d06d57a70a022994cd9ded7,2018-08-22 16:38:15,62.8,53,2018-08-21 09:48:01
cc63f0dd2acba93ffed4fe9f8e0321fa,f774c1e75cb8cc6d1d8a30c56d16bcda,2018-08-24 09:09:11,115.99,54,2018-08-22 16:38:15
cc63f0dd2acba93ffed4fe9f8e0321fa,47501eba9eeaaa3c12fa168efce7aae3,2018-08-24 09:17:45,115.99,55,2018-08-24 09:09:11
cd2169d9f31ff6fbb9ca3373b0c9e354,8de9841a58332c8955d80653bc19a858,2018-06-15 11:46:28,569.0,1,
ce20a2ec1514c25e16f2b5b39bc818f0,e029f708df3cc108b3264558771605c6,2018-06-01 14:12:09,41.0,1,
ce20a2ec1514c25e16f2b5b39bc818f0,bcbc83ec3dc71750aff96a593b9e280f,2018-06-06 11:47:08,82.0,2,2018-06-01 14:12:09
ce20a2ec1514c25e16f2b5b39bc818f0,3ad157ca74c35f0e167f7c21cb6dd3af,2018-06-27 14:33:18,41.0,3,2018-06-06 11:47:08
ce20a2ec1514c25e16f2b5b39bc818f0,55a90b35362150673d3546509274be53,2018-08-13 14:18:20,123.0,4,2018-06-27 14:33:18
ce4755084bc097113867e6454f8f5e52,99fc98471ba98d97152de5147e0e1a53,2018-06-12 11:26:30,18.9,1,
ce616e1913288884e7742faac9d981db,a5ee069718f4fc72e7a0567f4a45ba53,2018-05-19 20:17:34,99.9,1,
ce616e1913288884e7742faac9d981db,3601e0c7b50fe6de74f3dfd5dc76b122,2018-05-25 18:15:25,8.9,2,2018-05-19 20:17:34
ce616e1913288884e7742faac9d981db,facd4b7395a3bf5f4536e64cf5d7668a,2018-05-28 17:43:26,24.9,3,2018-05-25 18:15:25
ce616e1913288884e7742faac9d981db,95d6357ffe41aa6d2998852a710c70a0,2018-06-06 18:49:33,17.5,4,2018-05-28 17:43:26
ce616e1913288884e7742faac9d981db,37575790ea3501cfd8c51bfe42e08950,2018-06-09 11:03:36,26.9,5,2018-06-06 18:49:33
ce616e1913288884e7742faac9d981db,37193e64eb9a46b7f3197762f242b20a,2018-06-21 20:29:25,3.5,6,2018-06-09 11:03:36
ce616e1913288884e7742faac9d981db,32f46692d9d85353f5f51f9ffd04e90a,2018-07-07 10:42:35,6.5,7,2018-06-21 20:29:25
ce616e1913288884e7742faac9d981db,88594435967726f387be4e2e6db45f41,2018-07-30 20:28:22,29.6,8,2018-07-07 10:42:35
ce616e1913288884e7742faac9d981db,ed2a96e455e3b014a6e99e5671873b69,2018-08-05 13:51:07,9.8,9,2018-07-30 20:28:22
ce616e1913288884e7742faac9d981db,946f3e7b0d6366f4485b948f11d01ee5,2018-08-09 07:25:55,29.6,10,2018-08-05 13:51:07
ce616e1913288884e7742faac9d981db,b47238f009b4f97b2676067d6c0c0386,2018-08-14 09:58:07,21.5,11,2018-08-09 07:25:55
ce616e1913288884e7742faac9d981db,64eeb35d3ade7fcdff9fbb1ca5175bcf,2018-08-16 07:55:32,8.7,12,2018-08-14 09:58:07
ce616e1913288884e7742faac9d981db,b2a25b6f671017afa5190546ca5b89e9,2018-08-21 14:52:52,8.5,13,2018-08-16 07:55:32
ce616e1913288884e7742faac9d981db,2c35f7790c51f8cc8e66365315d91929,2018-08-21 19:13:36,37.5,14,2018-08-21 14:52:52
cfe94489ddd337d1e29e12f2a7205d10,ebb2508786c36ac5d029c3a1d94357e6,2018-02-26 18:44:28,198.0,1,
cfe94489ddd337d1e29e12f2a7205d10,e26d1ae778f8367c217157a4a2bc7002,2018-03-03 06:45:02,99.0,2,2018-02-26 18:44:28
cfe94489ddd337d1e29e12f2a7205d10,58c13edc5bd22f175bc88f5d637b4656,2018-03-07 13:58:35,99.0,3,2018-03-03 06:45:02
cfe94489ddd337d1e29e12f2a7205d10,ce59af8406c67fadb6ac3abf92db302a,2018-04-15 19:21:25,99.0,4,2018-03-07 13:58:35
cfe94489ddd337d1e29e12f2a7205d10,6a83363bccad866b7d3c202dea555374,2018-04-27 16:26:08,99.0,5,2018-04-15 19:21:25
cfe94489ddd337d1e29e12f2a7205d10,7704a0d92762105c0ba272c37a94b5ca,2018-05-11 09:53:14,99.0,6,2018-04-27 16:26:08
cfe94489ddd337d1e29e12f2a7205d10,039df018e03e7c5db83bace2fa6af002,2018-05-16 10:33:18,99.0,7,2018-05-11 09:53:14
cfe94489ddd337d1e29e12f2a7205d10,589208c4bf8d3e9c613ee4b6de49c568,2018-05-17 09:14:34,198.0,8,2018-05-16 10:33:18
cfe94489ddd337d1e29e12f2a7205d10,91d593443c46df640b0aed417f114374,2018-05-22 14:23:45,99.0,9,2018-05-17 09:14:34
cfe94489ddd337d1e29e12f2a7205d10,15209a5ea170d24d393e34f8bd52dbaf,2018-06-07 16:12:03,99.0,10,2018-05-22 14:23:45
cfe94489ddd337d1e29e12f2a7205d10,46c3d7a39e516332b81a4841a2fae891,2018-06-08 21:35:30,99.0,11,2018-06-07 16:12:03
cfe94489ddd337d1e29e12f2a7205d10,31f54256f355ebb3c36f1bd8af1ad88e,2018-07-06 21:47:02,99.0,12,2018-06-08 21:35:30
cfe94489ddd337d1e29e12f2a7205d10,0a0bb5e5ea635dc355ca8ef22dfac150,2018-07-08 16:27:03,99.0,13,2018-07-06 21:47:02
cfe94489ddd337d1e29e12f2a7205d10,d43b5b8cc6cffeba0059ea1ee6528652,2018-07-09 15:17:23,99.0,14,2018-07-08 16:27:03
cfe94489ddd337d1e29e12f2a7205d10,7bf010be3a0b710cdefe0091b13ddc6f,2018-07-18 13:36:01,99.0,15,2018-07-09 15:17:23
cfe94489ddd337d1e29e12f2a7205d10,137843e808a43d21cdfaee7fa80fb487,2018-07-23 11:39:07,99.0,16,2018-07-18 13:36:01
cfe94489ddd337d1e29e12f2a7205d10,0a2c9c3fedb974fcf5a8a569e9ba9da9,2018-07-31 18:27:29,99.0,17,2018-07-23 11:39:07
cfe94489ddd337d1e29e12f2a7205d10,229d0231b531443ecfe2a09572108c7b,2018-08-01 22:14:52,99.0,18,2018-07-31 18:27:29
cfe94489ddd337d1e29e12f2a7205d10,6fa25e5deedf726d264d6714ac4a8ab4,2018-08-03 13:18:15,297.0,19,2018-08-01 22:14:52
cfe94489ddd337d1e29e12f2a7205d10,c2544ad612ec331d963be4a4daa7fcfc,2018-08-22 18:20:04,99.0,20,2018-08-03 13:18:15
d1ef48b38baca7e831711c4a0aeb398f,51bad80ba72ab8a453ed649e57f720d8,2018-02-23 12:26:34,16.99,1,
d1ef48b38baca7e831711c4a0aeb398f,1c5c09941abea6cfe0113f886c8ca0b2,2018-02-28 09:51:07,16.99,2,2018-02-23 12:26:34
d1ef48b38baca7e831711c4a0aeb398f,893b8c5a9626a6c2f07bcf9d32b4d77f,2018-03-24 18:42:35,24.99,3,2018-02-28 09:51:07
d1ef48b38baca7e831711c4a0aeb398f,c826a07d5cb930694861c4478383e5da,2018-03-28 16:20:37,45.6,4,2018-03-24 18:42:35
d1ef48b38baca7e831711c4a0aeb398f,2a223b8aedde6996b0d5a3f4505b765e,2018-04-04 12:48:55,17.65,5,2018-03-28 16:20:37
d1ef48b38baca7e831711c4a0aeb398f,3e69be4b31a6af336a20caa4a1379784,2018-04-05 10:30:26,14.0,6,2018-04-04 12:48:55
d1ef48b38baca7e831711c4a0aeb398f,1852019948d9a47a6c035457a6f71410,2018-04-12 07:53:03,59.68,7,2018-04-05 10:30:26
d1ef48b38baca7e831711c4a0aeb398f,e985c1050ad17116e8f5187e8ff1bf0b,2018-04-14 12:14:18,38.97,8,2018-04-12 07:53:03
d1ef48b38baca7e831711c4a0aeb398f,acbd8e5be7c6808b8a971376f7e36b3f,2018-04-29 22:10:53,17.5,9,2018-04-14 12:14:18
d1ef48b38baca7e831711c4a0aeb398f,2aed991f5c4a0db2a7aa9bbaf9f4044f,2018-05-03 11:38:16,22.99,10,2018-04-29 22:10:53
d1ef48b38baca7e831711c4a0aeb398f,61fb2aed86c91b61373a6d410b30a860,2018-05-03 20:26:55,159.98,11,2018-05-03 11:38:16
d1ef48b38baca7e831711c4a0aeb398f,b68bbbd5dda76726e19662d1f1bc969b,2018-05-04 10:06:47,27.84,12,2018-05-03 20:26:55
d1ef48b38baca7e831711c4a0aeb398f,7590cdbb6ae2908a2745505759756fe3,2018-05-07 10:49:35,10.22,13,2018-05-04 10:06:47
d1ef48b38baca7e831711c4a0aeb398f,afd9fa0beb56962662a48ea1ac7c359c,2018-05-09 17:04:35,19.99,14,2018-05-07 10:49:35
d1ef48b38baca7e831711c4a0aeb398f,4bcbcf602dabf7e71c109b2590ff3209,2018-05-14 09:29:00,139.6,15,2018-05-09 17:04:35
d1ef48b38baca7e831711c4a0aeb398f,60fedd48f279e3f0ce27e48d6d7b895d,2018-05-15 20:12:04,55.0,16,2018-05-14 09:29:00
d1ef48b38baca7e831711c4a0aeb398f,d28fbd94b527be0512683c3e03aa37eb,2018-05-20 12:11:09,35.3,17,2018-05-15 20:12:04
d1ef48b38baca7e831711c4a0aeb398f,b5c0376b6e5f1f85b97037f72d2424f3,2018-05-21 10:03:39,55.0,18,2018-05-20 12:11:09
d1ef48b38baca7e831711c4a0aeb398f,f59424baad3fb86561ddc055c935fdb8,2018-05-23 23:41:19,15.5,19,2018-05-21 10:03:39
d1ef48b38baca7e831711c4a0aeb398f,6b649733dfd9b29ce2f231221a4eaa51,2018-06-01 16:33:11,35.98,20,2018-05-23 23:41:19
d1ef48b38baca7e831711c4a0aeb398f,734e7d1bbaeb2ff82521ca0fe6fb6f79,2018-06-11 08:18:19,29.99,21,2018-06-01 16:33:11
d1ef48b38baca7e831711c4a0aeb398f,dec16dbd1d355316783dfd6844e61a2f,2018-06-15 23:14:19,169.99,22,2018-06-11 08:18:19
d1ef48b38baca7e831711c4a0aeb398f,a8ea05fd33c920bdb1add488f8ef7f9c,2018-07-16 21:06:54,32.99,23,2018-06-15 23:14:19
d1ef48b38baca7e831711c4a0aeb398f,37e543508b869d9d46e5cb9eedc85cdb,2018-07-18 17:35:49,194.0,24,2018-07-16 21:06:54
d1ef48b38baca7e831711c4a0aeb398f,b776d14b6ced11d944e2a04f0fb06376,2018-07-19 22:43:26,72.2,25,2018-07-18 17:35:49
d1ef48b38baca7e831711c4a0aeb398f,5c4c16f0db1537d3ef9e718f12dde7c4,2018-07-20 10:05:18,38.6,26,2018-07-19 22:43:26
d1ef48b38baca7e831711c4a0aeb398f,1c1f0315904930fe04e649a6eb20c4e4,2018-07-21 17:38:21,32.99,27,2018-07-20 10:05:18
d1ef48b38baca7e831711c4a0aeb398f,0f1a032292563a581f27eac807f97a05,2018-07-25 21:14:25,38.6,28,2018-07-21 17:38:21
d263fa444c1504a75cbca5cc465f592a,735dce2d574afe8eb87e80a3d6229c48,2018-07-24 09:46:27,399.0,1,
d3dcf0604eabf0224fbd5948b5e02f69,781b27c3e9635454e0c656d3d53e570f,2018-02-15 08:09:22,349.9,1,
d3dcf0604eabf0224fbd5948b5e02f69,1b4255d9c878894e1d30af0d984c9c7f,2018-02-23 09:47:10,549.0,2,2018-02-15 08:09:22
d3dcf0604eabf0224fbd5948b5e02f69,93fc25a3df1ceb609f6d18ec3ad2470e,2018-02-24 20:33:32,549.0,3,2018-02-23 09:47:10
d3dcf0604eabf0224fbd5948b5e02f69,25f18499b3e850741c120ec6c11fb49a,2018-03-04 21:50:56,179.9,4,2018-02-24 20:33:32
d3dcf0604eabf0224fbd5948b5e02f69,fe1466a3d7546b7ae29bcd953b472339,2018-04-02 07:06:21,149.9,5,2018-03-04 21:50:56
d3dcf0604eabf0224fbd5948b5e02f69,c4e6c7d5fa7585017ea3c7bdaa32a956,2018-04-19 15:08:19,189.9,6,2018-04-02 07:06:21
d3dcf0604eabf0224fbd5948b5e02f69,0029f17cf0e7640c5cb6825af681303f,2018-05-02 11:59:06,94.9,7,2018-04-19 15:08:19
d3dcf0604eabf0224fbd5948b5e02f69,5ffeee9d677333ddef6ef0db3aaf50e9,2018-07-15 21:31:59,89.9,8,2018-05-02 11:59:06
d3dcf0604eabf0224fbd5948b5e02f69,6f54e5fd939df1228bb8df39c2f1341e,2018-07-27 15:54:52,749.9,9,2018-07-15 21:31:59
d4ffeb15b67e81ff9af2b4252d99fb7e,ee89f491ee59faaf86fb05c23ae9d4b5,2018-04-26 13:43:04,97.0,1,
d4ffeb15b67e81ff9af2b4252d99fb7e,612d5630822f4796875619b3a6a7b481,2018-05-03 10:55:03,97.0,2,2018-04-26 13:43:04
d4ffeb15b67e81ff9af2b4252d99fb7e,5535824c4716c782eed6edd2624a79ce,2018-05-05 18:06:22,137.0,3,2018-05-03 10:55:03
d4ffeb15b67e81ff9af2b4252d99fb7e,c7b67f6e3ee300d8fde6627ae6b50041,2018-05-05 21:31:10,115.9,4,2018-05-05 18:06:22
d4ffeb15b67e81ff9af2b4252d99fb7e,35ebecec251e4613f0b189b05e05b9a8,2018-05-12 10:17:02,115.9,5,2018-05-05 21:31:10
d4ffeb15b67e81ff9af2b4252d99fb7e,853bcc471d6ed0eb620a497023eb9fa6,2018-05-24 14:10:03,95.0,6,2018-05-12 10:17:02
d4ffeb15b67e81ff9af2b4252d99fb7e,7ca7bb0f6b6d3ff38dbb91aec21a0e62,2018-05-25 20:47:34,95.0,7,2018-05-24 14:10:03
d4ffeb15b67e81ff9af2b4252d99fb7e,38a27bf1302ec6e1fb628e137bdbc690,2018-06-02 16:06:24,257.9,8,2018-05-25 20:47:34
d4ffeb15b67e81ff9af2b4252d99fb7e,6ef401cf776e0393085115618d39f6a9,2018-06-07 11:06:53,115.9,9,2018-06-02 16:06:24
d4ffeb15b67e81ff9af2b4252d99fb7e,13a244719c4545551ba9e65d3649168f,2018-06-07 23:27:47,115.9,10,2018-06-07 11:06:53
d4ffeb15b67e81ff9af2b4252d99fb7e,1ca643d83940d8a6482159517b32ddb7,2018-07-27 19:57:12,157.9,11,2018-06-07 23:27:47
d566c37fa119d5e66c4e9052e83ee4ea,4f96fcada41abfae96e6d24fd8c69e6a,2018-03-16 14:11:50,83.9,1,
d566c37fa119d5e66c4e9052e83ee4ea,855c94f62a3a8d4d9a5829e7e293ebdd,2018-03-24 13:34:36,251.9,2,2018-03-16 14:11:50
d566c37fa119d5e66c4e9052e83ee4ea,2b055d9b9e125fee47b538a412b37c0a,2018-04-03 12:47:06,251.9,3,2018-03-24 13:34:36
d566c37fa119d5e66c4e9052e83ee4ea,bfede3e7101b91bd335e6cc5d153bf2c,2018-04-05 15:24:37,56.9,4,2018-04-03 12:47:06
d566c37fa119d5e66c4e9052e83ee4ea,a15faf55395d2eb26441175d360c6646,2018-04-10 12:46:14,251.9,5,2018-04-05 15:24:37
d566c37fa119d5e66c4e9052e83ee4ea,8efb790e87787df85c5be5757d1432c0,2018-04-10 14:35:39,44.9,6,2018-04-10 12:46:14
d566c37fa119d5e66c4e9052e83ee4ea,8a32a50c6b4576d818f3e7b9e077aac2,2018-04-11 12:44:12,65.9,7,2018-04-10 14:35:39
d566c37fa119d5e66c4e9052e83ee4ea,8a1bc477742faefa8ff9f614dc582244,2018-04-11 13:41:15,67.9,8,2018-04-11 12:44:12
d566c37fa119d5e66c4e9052e83ee4ea,9edf763ce028bf85b1902693c252bdff,2018-04-11 21:37:56,63.9,9,2018-04-11 13:41:15
d566c37fa119d5e66c4e9052e83ee4ea,3c8d31d8f2771d0a5bc2c936d5a1440b,2018-04-12 09:47:35,83.9,10,2018-04-11 21:37:56
d566c37fa119d5e66c4e9052e83ee4ea,43aacfeefda02bc2a69ce66910a2d4cf,2018-04-13 08:10:55,23.9,11,2018-04-12 09:47:35
d566c37fa119d5e66c4e9052e83ee4ea,5a409b9e0ab85bdafd5a5b75f4571b7a,2018-04-16 20:28:54,23.9,12,2018-04-13 08:10:55
d566c37fa119d5e66c4e9052e83ee4ea,95a0ff508a5ed31c41ba5c1139fdc8c5,2018-04-16 21:21:20,30.9,13,2018-04-16 20:28:54
d566c37fa119d5e66c4e9052e83ee4ea,d66a9e689fb184277bdd64317e765729,2018-04-18 12:56:15,30.9,14,2018-04-16 21:21:20
d566c37fa119d5e66c4e9052e83ee4ea,d0c92aeaa21db1cecf13d791017fe2b2,2018-04-18 19:19:02,23.9,15,2018-04-18 12:56:15
d566c37fa119d5e66c4e9052e83ee4ea,35c0409785e3654ba803189b2ded11d3,2018-04-19 19:23:15,23.9,16,2018-04-18 19:19:02
d566c37fa119d5e66c4e9052e83ee4ea,192de94c5d82086caf648552314731ad,2018-04-20 09:31:43,71.8,17,2018-04-19 19:23:15
d566c37fa119d5e66c4e9052e83ee4ea,fcbf4f4ef049367f9f85af94ed3b6010,2018-04-20 15:11:15,30.9,18,2018-04-20 09:31:43
d566c37fa119d5e66c4e9052e83ee4ea,d8148e06f2f2b366a0c8df064103223b,2018-04-23 11:35:48,56.9,19,2018-04-20 15:11:15
d566c37fa119d5e66c4e9052e83ee4ea,9ec8fd6e5988089dadaa2c8ebdc15a0f,2018-04-23 18:29:35,35.9,20,2018-04-23 11:35:48
d566c37fa119d5e66c4e9052e83ee4ea,7d1b1cc13d2c22c1cad811b1fafd0537,2018-04-25 01:01:56,65.9,21,2018-04-23 18:29:35
d566c37fa119d5e66c4e9052e83ee4ea,684f9c4ae83a486291f6214c56ee450c,2018-04-25 08:45:43,30.9,22,2018-04-25 01:01:56
d566c37fa119d5e66c4e9052e83ee4ea,1edb4efa70d2b132ba169e874a344588,2018-04-27 22:31:02,295.9,23,2018-04-25 08:45:43
d566c37fa119d5e66c4e9052e83ee4ea,bd980aa838a928b56ab1e0a2bf4d7706,2018-04-29 23:33:31,65.9,24,2018-04-27 22:31:02
d566c37fa119d5e66c4e9052e83ee4ea,55b653f93de6e994b6dda90f615c7a8f,2018-04-30 13:05:23,35.9,25,2018-04-29 23:33:31
d566c37fa119d5e66c4e9052e83ee4ea,ed6de1d370dd47560f0d9c87c832b6fe,2018-05-03 00:34:55,35.9,26,2018-04-30 13:05:23
d566c37fa119d5e66c4e9052e83ee4ea,7fa26263c600a79bed73952426428e65,2018-05-03 16:31:02,56.9,27,2018-05-03 00:34:55
d566c37fa119d5e66c4e9052e83ee4ea,fc4d2d157d4a89bc10a21af181e2a5a2,2018-05-06 11:54:25,35.9,28,2018-05-03 16:31:02
d566c37fa119d5e66c4e9052e83ee4ea,36ee5e5872c5ae9c20647fcc29511b56,2018-05-06 23:28:50,67.9,29,2018-05-06 11:54:25
d566c37fa119d5e66c4e9052e83ee4ea,fe1b0a4dc611d913e254aed3a59071f2,2018-05-08 09:36:36,30.9,30,2018-05-06 23:28:50
d566c37fa119d5e66c4e9052e83ee4ea,7aea47643f83c856db4ceee0830f39da,2018-05-09 11:41:29,71.8,31,2018-05-08 09:36:36
d566c37fa119d5e66c4e9052e83ee4ea,7180475b60fe6bbbde424d39704a1177,2018-05-13 22:49:31,47.8,32,2018-05-09 11:41:29
d566c37fa119d5e66c4e9052e83ee4ea,a7d16178d0bd9c68a2ad17d3f7b15238,2018-05-15 03:32:54,71.8,33,2018-05-13 22:49:31
d566c37fa119d5e66c4e9052e83ee4ea,b3420e20ed3efddaec71dd9ba0759467,2018-05-15 17:11:39,35.9,34,2018-05-15 03:32:54
d566c37fa119d5e66c4e9052e83ee4ea,7c9269566935b5ef420df5610d847d6e,2018-05-16 11:00:33,35.9,35,2018-05-15 17:11:39
d566c37fa119d5e66c4e9052e83ee4ea,36178eae87ee6553df1faf30e2c135b9,2018-05-17 08:35:11,23.9,36,2018-05-16 11:00:33
d566c37fa119d5e66c4e9052e83ee4ea,73ff106f792b836704a9f5ff71a77d5a,2018-05-23 20:18:31,23.9,37,2018-05-17 08:35:11
d566c37fa119d5e66c4e9052e83ee4ea,d4da0ded1ea8403f03239a9e2a64a062,2018-06-05 08:56:45,65.9,38,2018-05-23 20:18:31
d566c37fa119d5e66c4e9052e83ee4ea,245a8cb9d360630691eb4449b1994017,2018-06-06 22:26:33,56.9,39,2018-06-05 08:56:45
d566c37fa119d5e66c4e9052e83ee4ea,cc7e4905f056ded0f8987d5599129cf7,2018-06-14 11:12:49,56.9,40,2018-06-06 22:26:33
d566c37fa119d5e66c4e9052e83ee4ea,8b68aaf14ef89066544494482aa5569c,2018-06-16 18:45:14,65.9,41,2018-06-14 11:12:49
d566c37fa119d5e66c4e9052e83ee4ea,160420ae694e387c891a4443edb1466d,2018-06-19 08:44:39,65.9,42,2018-06-16 18:45:14
d566c37fa119d5e66c4e9052e83ee4ea,2b558556ef2c5813bc84e3739392e44c,2018-06-22 12:40:56,65.9,43,2018-06-19 08:44:39
d566c37fa119d5e66c4e9052e83ee4ea,38971812f1db9e4a30885e5574dcbe53,2018-06-24 13:38:07,67.9,44,2018-06-22 12:40:56
d566c37fa119d5e66c4e9052e83ee4ea,a0ec2470862d2c4a1e6a4059cf80e330,2018-06-25 16:14:56,23.9,45,2018-06-24 13:38:07
d566c37fa119d5e66c4e9052e83ee4ea,47b37d2ccfa8fdc0395971036941bac9,2018-07-06 14:07:55,295.9,46,2018-06-25 16:14:56
d566c37fa119d5e66c4e9052e83ee4ea,dd0f4670de46d15e75e42d522cb73443,2018-07-08 12:07:13,23.9,47,2018-07-06 14:07:55
d566c37fa119d5e66c4e9052e83ee4ea,6fefe7f276220450fc08b7c974e21fb7,2018-07-08 18:27:36,23.9,48,2018-07-08 12:07:13
d566c37fa119d5e66c4e9052e83ee4ea,21acd87ab0e70951d2aa3b0cd6445c69,2018-07-16 23:18:58,131.8,49,2018-07-08 18:27:36
d566c37fa119d5e66c4e9052e83ee4ea,037f4f91c8f5cd2a6ddd52a63d97fdcc,2018-07-18 21:08:44,73.8,50,2018-07-16 23:18:58
d566c37fa119d5e66c4e9052e83ee4ea,a5274036a39a838ac50a4efaf8d0d66d,2018-07-22 16:13:00,65.9,51,2018-07-18 21:08:44
d566c37fa119d5e66c4e9052e83ee4ea,c7542d0d83ead101b058770578cc04c3,2018-07-31 12:01:18,23.9,52,2018-07-22 16:13:00
d566c37fa119d5e66c4e9052e83ee4ea,07e74b39ce62a7c6f7063b3168748191,2018-08-01 15:46:14,113.8,53,2018-07-31 12:01:18
d566c37fa119d5e66c4e9052e83ee4ea,77e9941864fc840be8e4b1ba5347c0f7,2018-08-03 08:59:39,65.9,54,2018-08-01 15:46:14
d566c37fa119d5e66c4e9052e83ee4ea,c6fe39cb893dca9cdde3a0d2201cc7c0,2018-08-03 20:43:24,67.9,55,2018-08-03 08:59:39
d566c37fa119d5e66c4e9052e83ee4ea,b218243f33a7a07db609c34312c95c96,2018-08-05 15:05:43,295.9,56,2018-08-03 20:43:24
d566c37fa119d5e66c4e9052e83ee4ea,bfdc8cc8e1e3a146d1adb471208f0a72,2018-08-05 22:57:54,56.9,57,2018-08-05 15:05:43
d566c37fa119d5e66c4e9052e83ee4ea,cf760ac414f55959d91e54756bb77fda,2018-08-10 17:40:07,65.9,58,2018-08-05 22:57:54
d566c37fa119d5e66c4e9052e83ee4ea,86d715fc34a3dcdaa28d66fab140f969,2018-08-15 21:45:02,56.9,59,2018-08-10 17:40:07
d566c37fa119d5e66c4e9052e83ee4ea,a498cd320a4937e66cb7b1013909a271,2018-08-16 11:56:55,35.9,60,2018-08-15 21:45:02
d566c37fa119d5e66c4e9052e83ee4ea,cf18f775a1b2dfec83732a8679b66ec2,2018-08-17 08:30:01,56.9,61,2018-08-16 11:56:55
d566c37fa119d5e66c4e9052e83ee4ea,ca568c428649f0aaaf41519c7010f093,2018-08-18 15:28:51,131.8,62,2018-08-17 08:30:01
d566c37fa119d5e66c4e9052e83ee4ea,1121eace8f44a76b9fea9b1d67d87aef,2018-08-21 14:57:19,387.9,63,2018-08-18 15:28:51
d566c37fa119d5e66c4e9052e83ee4ea,997d3d4e4d633291f515266c98cbda13,2018-08-25 09:46:04,56.9,64,2018-08-21 14:57:19
d566c37fa119d5e66c4e9052e83ee4ea,6912f9577b4156d72ee607f78328ed11,2018-08-26 19:39:08,35.9,65,2018-08-25 09:46:04
d594982fd877af63ace38ea1fca27c76,378e4ea286514bf3ca1356670c708ac2,2018-06-29 18:11:23,27.19,1,
d594982fd877af63ace38ea1fca27c76,d561072d49eab548e70aab56a180616e,2018-07-01 21:20:41,27.19,2,2018-06-29 18:11:23
d594982fd877af63ace38ea1fca27c76,621e872311397c42f0b553c82785d56e,2018-07-27 12:46:51,27.19,3,2018-07-01 21:20:41
d594982fd877af63ace38ea1fca27c76,8855d9953624485990826e20fc9fc2e1,2018-07-28 17:55:27,53.9,4,2018-07-27 12:46:51
d594982fd877af63ace38ea1fca27c76,8849f02bf66502f56ce8c5173bb954df,2018-07-29 15:49:54,27.19,5,2018-07-28 17:55:27
d594982fd877af63ace38ea1fca27c76,d24d442123cc3d36a0be0d75bf90689b,2018-08-21 00:14:41,27.19,6,2018-07-29 15:49:54
d594982fd877af63ace38ea1fca27c76,db048ddab46bdb6a29c27f08073e29b2,2018-08-21 11:11:03,27.19,7,2018-08-21 00:14:41
d598f929fc44e1e38678e7f47250ec04,08f33b9700f597f74ec8fc4f1d56eda7,2018-06-22 10:43:09,69.9,1,
d63f306de130e0391d38a792541723b8,4d544ef55956dd8aadf1162dc1b82ae1,2018-08-20 10:09:33,49.0,1,
d66c11a9572221d92fbb8c4897db5f9b,5fdab414c63ae3857866968ef3104328,2018-06-23 22:12:28,24.12,1,
d66c11a9572221d92fbb8c4897db5f9b,08e33dc1bf04d3cbc2fb5e93fbfcd6c2,2018-06-24 21:20:11,67.9,2,2018-06-23 22:12:28
d66c11a9572221d92fbb8c4897db5f9b,1a2056a1d6e8db71b7d777ec36f9b1b5,2018-06-26 10:00:14,24.12,3,2018-06-24 21:20:11
d66c11a9572221d92fbb8c4897db5f9b,72440dd8694d68e0ec2dd68e3fc3cbab,2018-06-26 19:37:03,58.66,4,2018-06-26 10:00:14
d66c11a9572221d92fbb8c4897db5f9b,68c266b203d2b5b9e4f724d2b0bf532f,2018-07-03 23:08:45,24.12,5,2018-06-26 19:37:03
d66c11a9572221d92fbb8c4897db5f9b,57c81c283a192e74b48c36108ad73101,2018-07-15 18:25:18,27.97,6,2018-07-03 23:08:45
d66c11a9572221d92fbb8c4897db5f9b,06136e6a6532fabbd5675f8090fca4b3,2018-07-20 15:09:26,30.09,7,2018-07-15 18:25:18
d66c11a9572221d92fbb8c4897db5f9b,504a177139942c6e3aee4be10accaac6,2018-07-24 08:49:54,27.45,8,2018-07-20 15:09:26
d66c11a9572221d92fbb8c4897db5f9b,ebb499c608d356e59ebb827f62b25712,2018-07-24 21:59:37,16.22,9,2018-07-24 08:49:54
d66c11a9572221d92fbb8c4897db5f9b,6cf8530b5b6d67f4090e16f6ef4a4c76,2018-07-27 19:01:04,30.09,10,2018-07-24 21:59:37
d66c11a9572221d92fbb8c4897db5f9b,1230f41d95a6fc74a51d388e8b1e8810,2018-08-04 15:40:57,170.0,11,2018-07-27 19:01:04
d66c11a9572221d92fbb8c4897db5f9b,e5e97ea49a63037149fb40b8d41f87d3,2018-08-06 09:56:17,48.94,12,2018-08-04 15:40:57
d66c11a9572221d92fbb8c4897db5f9b,63ac66255bb4562cd506681eb19c5be4,2018-08-06 17:44:32,82.88,13,2018-08-06 09:56:17
d66c11a9572221d92fbb8c4897db5f9b,793e4123530e5d56e9ac29206774799e,2018-08-09 20:14:39,30.0,14,2018-08-06 17:44:32
d66c11a9572221d92fbb8c4897db5f9b,85eeda44e93bdd0ac057cdf18179d693,2018-08-19 18:45:41,80.0,15,2018-08-09 20:14:39
d66c11a9572221d92fbb8c4897db5f9b,a735bad6e096fa8051a92301a1543c6c,2018-08-22 18:36:40,34.0,16,2018-08-19 18:45:41
d7827b2af99326a03b0ed9c7a24db0d3,b0742e6cd15cd84cf91b637b0b601d77,2018-04-12 19:18:18,1455.0,1,
d8bf0fc082fd4a77fc2e5679b6c00133,ac95b87f13bbd7609c75bfcc17cf3ae7,2018-07-20 14:50:31,139.9,1,
d8d9567d0bfb0bc7eb845a205ba42657,1def557ed62966137b261a8229f74e39,2018-03-28 22:20:31,19.9,1,
d8d9567d0bfb0bc7eb845a205ba42657,2591661e8952477c49e9efd03a319cfc,2018-05-02 21:36:54,14.9,2,2018-03-28 22:20:31
d8d9567d0bfb0bc7eb845a205ba42657,ba4784ebeeb6afef6125ba505dcc4f76,2018-08-13 14:59:15,19.9,3,2018-05-02 21:36:54
d8d9567d0bfb0bc7eb845a205ba42657,b8cf03f4a08e3dc7eb2509ef520b20e2,2018-08-22 08:25:48,19.9,4,2018-08-13 14:59:15
d9a84e1403de8da0c3aa531d6d108ba6,24e7eb8286ce5ef529b9fcc4fe92ecb1,2018-02-22 15:13:31,79.8,1,
d9a84e1403de8da0c3aa531d6d108ba6,e4fb35d5a9461a26a9c1a97a893b3ac9,2018-03-02 11:59:27,9.9,2,2018-02-22 15:13:31
d9a84e1403de8da0c3aa531d6d108ba6,434ee413138c6ead70939d4a56e0a29b,2018-03-02 14:16:42,9.9,3,2018-03-02 11:59:27
d9a84e1403de8da0c3aa531d6d108ba6,f131e172fef158275f49417eabdda10d,2018-03-07 11:00:12,68.9,4,2018-03-02 14:16:42
d9a84e1403de8da0c3aa531d6d108ba6,4a4ed9ed7922304a569ed850baba99c6,2018-03-08 21:36:23,14.9,5,2018-03-07 11:00:12
d9a84e1403de8da0c3aa531d6d108ba6,ce6cb2b1ad992ad81325f7672d407696,2018-03-08 23:18:19,28.9,6,2018-03-08 21:36:23
d9a84e1403de8da0c3aa531d6d108ba6,7d27be18a08a2dbe4ee2d12c2fc5a739,2018-03-16 21:22:05,39.9,7,2018-03-08 23:18:19
d9a84e1403de8da0c3aa531d6d108ba6,45ccc16a94688d4edb709ff6eba966d5,2018-03-25 20:19:03,12.9,8,2018-03-16 21:22:05
d9a84e1403de8da0c3aa531d6d108ba6,dcc495566353215aa81cab568f8fb2bf,2018-03-26 15:45:45,39.9,9,2018-03-25 20:19:03
d9a84e1403de8da0c3aa531d6d108ba6,0e7e973a8d82ae12e070d767abed8960,2018-03-31 19:07:33,12.9,10,2018-03-26 15:45:45
d9a84e1403de8da0c3aa531d6d108ba6,3a65b9bc5c2434a4c2675629a610d768,2018-04-03 15:38:25,30.9,11,2018-03-31 19:07:33
d9a84e1403de8da0c3aa531d6d108ba6,3f319eb09e31aa1ea2a4079bdd655c62,2018-04-03 22:21:12,36.3,12,2018-04-03 15:38:25
d9a84e1403de8da0c3aa531d6d108ba6,87afe03582c1a7f1914fd26170b7701c,2018-04-04 21:01:02,14.9,13,2018-04-03 22:21:12
d9a84e1403de8da0c3aa531d6d108ba6,3c2ae362c7a0d00db3ff4cc392e1844c,2018-04-05 14:08:34,30.9,14,2018-04-04 21:01:02
d9a84e1403de8da0c3aa531d6d108ba6,224178696ac7ef9533253acd7653f158,2018-04-12 20:30:22,45.9,15,2018-04-05 14:08:34
d9a84e1403de8da0c3aa531d6d108ba6,a3e2d1518e63601f43da9b2ed1ac900e,2018-04-14 19:37:38,12.9,16,2018-04-12 20:30:22
d9a84e1403de8da0c3aa531d6d108ba6,0b365bbd59e2f75bea276c81bb916dcb,2018-04-16 15:11:36,14.9,17,2018-04-14 19:37:38
d9a84e1403de8da0c3aa531d6d108ba6,8021c3dc6a034e6f153035028d421c94,2018-04-17 00:15:54,56.9,18,2018-04-16 15:11:36
d9a84e1403de8da0c3aa531d6d108ba6,dbc841e264c91362b1f1091a3fec3394,2018-04-17 08:56:23,56.9,19,2018-04-17 00:15:54
d9a84e1403de8da0c3aa531d6d108ba6,08c21d8b98beec294f0dceb8b54cdfd5,2018-04-18 11:33:24,34.9,20,2018-04-17 08:56:23
d9a84e1403de8da0c3aa531d6d108ba6,8c46cc97ee8884e95fc747ef323d6c08,2018-04-24 16:46:34,30.9,21,2018-04-18 11:33:24
d9a84e1403de8da0c3aa531d6d108ba6,46770adcb64010a69409a644252641b2,2018-04-28 11:49:09,39.9,22,2018-04-24 16:46:34
d9a84e1403de8da0c3aa531d6d108ba6,21ad66a2631bea1c9b697b500c20f1c1,2018-04-30 16:02:54,12.9,23,2018-04-28 11:49:09
d9a84e1403de8da0c3aa531d6d108ba6,ca0d7c055f7ec0f5ac169160dfceced0,2018-05-04 10:28:52,14.9,24,2018-04-30 16:02:54
d9a84e1403de8da0c3aa531d6d108ba6,c1c34e864bc6e293265a132e445dc4be,2018-05-06 18:38:23,30.9,25,2018-05-04 10:28:52
d9a84e1403de8da0c3aa531d6d108ba6,d52ec59371d4477349b3a26e9607dc2c,2018-05-07 18:09:56,9.9,26,2018-05-06 18:38:23
d9a84e1403de8da0c3aa531d6d108ba6,b4b047bd2b601010cf106a8d20437c2e,2018-05-13 18:41:30,56.9,27,2018-05-07 18:09:56
d9a84e1403de8da0c3aa531d6d108ba6,155e6d1ccd9fe50ed7aa1ddd3bfb1cf5,2018-05-14 11:40:42,18.6,28,2018-05-13 18:41:30
d9a84e1403de8da0c3aa531d6d108ba6,800447e795f2bcf1009e0b2a88d05bbe,2018-05-16 17:20:12,23.6,29,2018-05-14 11:40:42
d9a84e1403de8da0c3aa531d6d108ba6,e02513d56c28c7f7f0050e48ea836c05,2018-06-03 13:07:03,12.9,30,2018-05-16 17:20:12
d9a84e1403de8da0c3aa531d6d108ba6,f099d41ba0914d00926083362cea3299,2018-06-06 10:36:53,30.9,31,2018-06-03 13:07:03
d9a84e1403de8da0c3aa531d6d108ba6,605b6e2919387ca3cd0480e7d420320f,2018-06-06 11:18:32,29.9,32,2018-06-06 10:36:53
d9a84e1403de8da0c3aa531d6d108ba6,81b3ad9d86770e51048835a0f288b162,2018-06-09 10:09:57,37.9,33,2018-06-06 11:18:32
d9a84e1403de8da0c3aa531d6d108ba6,de3d4c045bbe60df44e296c60a50bae2,2018-06-23 21:48:37,11.9,34,2018-06-09 10:09:57
d9a84e1403de8da0c3aa531d6d108ba6,cf3d593f97ce4a58adbd6b488579fa36,2018-06-24 08:21:25,12.9,35,2018-06-23 21:48:37
d9a84e1403de8da0c3aa531d6d108ba6,459966d40a5da1b469e57a0824ad08f2,2018-06-27 08:32:02,34.9,36,2018-06-24 08:21:25
d9a84e1403de8da0c3aa531d6d108ba6,443f3ab34f06d2d9124cd153812b4ba6,2018-07-01 17:36:44,69.8,37,2018-06-27 08:32:02
d9a84e1403de8da0c3aa531d6d108ba6,87c6169aae0c57897be7344931c2839e,2018-07-01 18:32:15,6.9,38,2018-07-01 17:36:44
d9a84e1403de8da0c3aa531d6d108ba6,196a70ab3bb16ce2023185004d20245c,2018-07-04 17:45:49,6.9,39,2018-07-01 18:32:15
d9a84e1403de8da0c3aa531d6d108ba6,b77e821b63e7996ef7d5938586acd7e9,2018-07-09 20:33:10,11.9,40,2018-07-04 17:45:49
d9a84e1403de8da0c3aa531d6d108ba6,07f2e5679e13d0e45de9da85bb833558,2018-07-11 13:48:12,23.9,41,2018-07-09 20:33:10
d9a84e1403de8da0c3aa531d6d108ba6,e47ac2609ce0ccd8dab33391118792fb,2018-07-12 18:57:13,14.9,42,2018-07-11 13:48:12
d9a84e1403de8da0c3aa531d6d108ba6,54278df0bd16da39d1a04b026396bef6,2018-07-22 20:00:50,15.9,43,2018-07-12 18:57:13
d9a84e1403de8da0c3aa531d6d108ba6,84f9f9d8251eed3b45a627d105aabe44,2018-07-25 22:38:09,12.9,44,2018-07-22 20:00:50
d9a84e1403de8da0c3aa531d6d108ba6,4bd15305c0c5f4d4d82b85f163b53954,2018-07-29 02:55:34,23.9,45,2018-07-25 22:38:09
d9a84e1403de8da0c3aa531d6d108ba6,d077407f0f6dccff3bb4224b3aaec82d,2018-08-02 15:57:37,14.9,46,2018-07-29 02:55:34
d9a84e1403de8da0c3aa531d6d108ba6,f4a2e4ba8b38d477a33e67c8a7840352,2018-08-15 22:12:23,14.9,47,2018-08-02 15:57:37
d9a84e1403de8da0c3aa531d6d108ba6,9c57e2e7098196c6c6ac9d333b0395b0,2018-08-18 14:46:41,16.9,48,2018-08-15 22:12:23
d9a84e1403de8da0c3aa531d6d108ba6,f43e673034eb90d4d548dcbc3f64b6db,2018-08-18 17:20:37,11.9,49,2018-08-18 14:46:41
d9a84e1403de8da0c3aa531d6d108ba6,07a26b88cc90e93f5c9401de11a60793,2018-08-22 12:19:45,12.9,50,2018-08-18 17:20:37
d9a84e1403de8da0c3aa531d6d108ba6,3e8ef04f228ea2e33b19ff30e0e61f38,2018-08-25 16:48:02,11.9,51,2018-08-22 12:19:45
d9a84e1403de8da0c3aa531d6d108ba6,48b04c2b15ef11dac475795682a3d991,2018-08-27 15:07:02,36.9,52,2018-08-25 16:48:02
d9a84e1403de8da0c3aa531d6d108ba6,f4a8925490afed995d0e987c48908d2c,2018-08-28 09:18:17,14.9,53,2018-08-27 15:07:02
da6a60cc8cc724fe51be021ff8be779c,a06cb1b486cee3a35945a90947663f50,2018-05-21 21:49:53,48.9,1,
da6a60cc8cc724fe51be021ff8be779c,8a7096900fa8a063219b9edd1a9e5431,2018-06-19 17:00:22,91.8,2,2018-05-21 21:49:53
da6a60cc8cc724fe51be021ff8be779c,e801a92e69dfa7a3134a15e17ef1573a,2018-06-29 19:13:26,55.9,3,2018-06-19 17:00:22
da6a60cc8cc724fe51be021ff8be779c,d42c0ebb65d63fd42b509a1573c281aa,2018-07-12 22:34:54,115.89,4,2018-06-29 19:13:26
da6a60cc8cc724fe51be021ff8be779c,56e26a902ce7881f0a64c34a8192b537,2018-07-23 14:22:39,48.9,5,2018-07-12 22:34:54
da6a60cc8cc724fe51be021ff8be779c,1c6380dc10ebea9bad618eb25fedcdfa,2018-07-29 01:00:56,44.9,6,2018-07-23 14:22:39
da6a60cc8cc724fe51be021ff8be779c,10fdf269eed6d4c024dc5eeb5c7f6c37,2018-07-31 17:24:32,55.9,7,2018-07-29 01:00:56
da6a60cc8cc724fe51be021ff8be779c,f98480aef384f1cb8d5b1e0e4816fd89,2018-08-06 17:10:08,65.9,8,2018-07-31 17:24:32
da6a60cc8cc724fe51be021ff8be779c,37d93a1b01875ccff7ffb170b763b796,2018-08-09 12:50:39,44.9,9,2018-08-06 17:10:08
da6a60cc8cc724fe51be021ff8be779c,42e0016d4e9741a353d671930aa9f3d5,2018-08-10 21:12:22,45.0,10,2018-08-09 12:50:39
da6a60cc8cc724fe51be021ff8be779c,e406f3cf4b3e23077d22eb4346d6471c,2018-08-13 03:00:59,65.9,11,2018-08-10 21:12:22
da6a60cc8cc724fe51be021ff8be779c,1e16f42e33100a56e1408cceb4846f2b,2018-08-17 00:51:18,44.9,12,2018-08-13 03:00:59
da7039f29f90ce5b4846ffc0fcc93beb,b1e786caeddece12e5efd30580eaaabc,2018-04-20 08:04:26,49.8,1,
da7039f29f90ce5b4846ffc0fcc93beb,f203b250a442eac108f23c45f8b1efc8,2018-05-09 17:18:42,49.8,2,2018-04-20 08:04:26
da7039f29f90ce5b4846ffc0fcc93beb,0ec7299d65db721d9a6b5c95c2ff494a,2018-05-11 16:51:46,49.8,3,2018-05-09 17:18:42
da7039f29f90ce5b4846ffc0fcc93beb,335cf1cb074c8dfcdf59bc86f8255409,2018-05-15 09:08:59,49.8,4,2018-05-11 16:51:46
da7039f29f90ce5b4846ffc0fcc93beb,01787af385123b93ba50c5f05530ee12,2018-05-15 17:33:50,99.6,5,2018-05-15 09:08:59
da7039f29f90ce5b4846ffc0fcc93beb,e8dbfb34a57fe34db02546aa50b56f10,2018-05-16 15:01:23,49.8,6,2018-05-15 17:33:50
da7039f29f90ce5b4846ffc0fcc93beb,bd2f31f2548344a9d1f4ea1c03625e93,2018-05-17 16:37:22,49.8,7,2018-05-16 15:01:23
da7039f29f90ce5b4846ffc0fcc93beb,215b38acfb4aef3bb0144656bb102421,2018-05-18 01:52:29,49.8,8,2018-05-17 16:37:22
da7039f29f90ce5b4846ffc0fcc93beb,618b0e262ba7b2c46a5b349fadbd4996,2018-05-19 17:48:44,49.8,9,2018-05-18 01:52:29
da7039f29f90ce5b4846ffc0fcc93beb,549e5c65d1f41cb1c4d307752c3b9eae,2018-05-22 14:22:51,49.8,10,2018-05-19 17:48:44
da7039f29f90ce5b4846ffc0fcc93beb,85abe9ebac688730f1c3591c1ca2a167,2018-05-31 20:13:28,82.8,11,2018-05-22 14:22:51
da7039f29f90ce5b4846ffc0fcc93beb,91be51c856a90d7efe86cf9d082d6ae3,2018-06-12 15:58:03,122.9,12,2018-05-31 20:13:28
da7039f29f90ce5b4846ffc0fcc93beb,c9e7721790d06c21ff6fcd2dee7a2f73,2018-07-04 20:23:40,112.9,13,2018-06-12 15:58:03
da7039f29f90ce5b4846ffc0fcc93beb,a71ebda57a67e6349ab52539913f78d8,2018-07-26 16:24:10,94.9,14,2018-07-04 20:23:40
da7039f29f90ce5b4846ffc0fcc93beb,b36511d6ed0cbc11beb1ab142ab3021c,2018-08-14 14:21:42,128.0,15,2018-07-26 16:24:10
da7039f29f90ce5b4846ffc0fcc93beb,d6f7121c5ede8e22d75e57b6e836871f,2018-08-16 14:42:48,84.9,16,2018-08-14 14:21:42
da7039f29f90ce5b4846ffc0fcc93beb,aa4bd1aa4ff7249ea156343f704478a0,2018-08-18 09:47:18,84.9,17,2018-08-16 14:42:48
dace965ca58120f92f8d742a9fa1864b,47d31d84d5649bc830782ef347952048,2018-03-25 18:37:26,169.0,1,
dace965ca58120f92f8d742a9fa1864b,a94ef6352b750b132a1a2fdad975a6d1,2018-04-03 13:50:03,169.0,2,2018-03-25 18:37:26
dace965ca58120f92f8d742a9fa1864b,62f814c5cee70920ae8e265b400e8ba0,2018-04-05 13:26:40,199.0,3,2018-04-03 13:50:03
dace965ca58120f92f8d742a9fa1864b,f8e14f9760ef6679d468a83bc48d8de4,2018-04-07 13:48:36,229.0,4,2018-04-05 13:26:40
dace965ca58120f92f8d742a9fa1864b,0ba2df57baacde1f6f36148963a494d7,2018-04-08 23:27:27,169.0,5,2018-04-07 13:48:36
dace965ca58120f92f8d742a9fa1864b,e733891de1c5b78d0d7f77863402659b,2018-04-26 00:03:03,169.0,6,2018-04-08 23:27:27
dace965ca58120f92f8d742a9fa1864b,6e6baca2f9f4e9604f296850486a01b4,2018-05-01 13:14:15,169.0,7,2018-04-26 00:03:03
dace965ca58120f92f8d742a9fa1864b,980ffab6bd5d3545e3e7bbcffed71ea4,2018-05-19 16:18:30,169.0,8,2018-05-01 13:14:15
daf565f087a52def0fd5c5825b3661bc,a5bf217065b7f8265a6cf83b22709c79,2018-06-16 21:14:44,30.9,1,
daf565f087a52def0fd5c5825b3661bc,0f9dcd718955037bf65c97edcee390ff,2018-06-26 23:44:15,49.9,2,2018-06-16 21:14:44
daf565f087a52def0fd5c5825b3661bc,937b8c2c23c033f63b1b46e876b2c385,2018-06-28 08:46:32,49.9,3,2018-06-26 23:44:15
daf565f087a52def0fd5c5825b3661bc,354a8fcde21bec79e0aa3a50dd54d72f,2018-07-15 13:04:04,99.9,4,2018-06-28 08:46:32
daf565f087a52def0fd5c5825b3661bc,0b2a86ad4de68092f2026ba5cdccc64e,2018-07-16 14:01:05,144.5,5,2018-07-15 13:04:04
daf565f087a52def0fd5c5825b3661bc,d1f478a5468a4aed52abdbc2d98e0030,2018-07-23 06:40:33,99.9,6,2018-07-16 14:01:05
daf565f087a52def0fd5c5825b3661bc,36da86192d48458dcb75f9f2bf4f249a,2018-08-01 21:22:31,49.9,7,2018-07-23 06:40:33
daf565f087a52def0fd5c5825b3661bc,45f470a790aede4d492919f4df65b123,2018-08-06 11:15:25,144.5,8,2018-08-01 21:22:31
daf565f087a52def0fd5c5825b3661bc,e94753fb36e53fd8e0ed80fd513faa16,2018-08-22 12:44:03,144.5,9,2018-08-06 11:15:25
db2956745b3a8e9f3785c99f34b5d25e,13416403fd4f1a64aebdecd3f21c4764,2018-04-14 15:12:34,149.0,1,
db2956745b3a8e9f3785c99f34b5d25e,7bafef951403e7a27d9f262007842004,2018-04-18 11:48:34,189.0,2,2018-04-14 15:12:34
db2956745b3a8e9f3785c99f34b5d25e,7eff82e591eb71184b50c3dfbfc7fd45,2018-04-25 07:16:14,118.0,3,2018-04-18 11:48:34
db2956745b3a8e9f3785c99f34b5d25e,8b1999cf2912d6be6f23ce1474751748,2018-04-25 14:59:44,208.0,4,2018-04-25 07:16:14
db2956745b3a8e9f3785c99f34b5d25e,46982dfdb7eb17de20078571fe8cbd34,2018-04-26 10:03:06,208.0,5,2018-04-25 14:59:44
db2956745b3a8e9f3785c99f34b5d25e,10216a8fe4be87320fb696c8752ad08f,2018-05-01 22:22:04,118.0,6,2018-04-26 10:03:06
db2956745b3a8e9f3785c99f34b5d25e,f2933e4d8f850da97ab10a79953c0c8b,2018-05-06 06:44:41,189.0,7,2018-05-01 22:22:04
db2956745b3a8e9f3785c99f34b5d25e,35a360830279232c27d0a97a124047a7,2018-05-08 14:16:20,189.0,8,2018-05-06 06:44:41
db2956745b3a8e9f3785c99f34b5d25e,3c3fa8869e142a240f57aef59c095f6c,2018-05-10 16:04:42,208.0,9,2018-05-08 14:16:20
db2956745b3a8e9f3785c99f34b5d25e,fe7f10510a9c92f4a7e617c761f16f22,2018-05-11 08:26:58,208.0,10,2018-05-10 16:04:42
db2956745b3a8e9f3785c99f34b5d25e,cdd1432a23108f3aff0acc23792b8285,2018-05-11 12:18:31,208.0,11,2018-05-11 08:26:58
db2956745b3a8e9f3785c99f34b5d25e,d2f8ef9dd1714fcac7de9f0aef13d21a,2018-05-15 12:29:55,208.0,12,2018-05-11 12:18:31
db2956745b3a8e9f3785c99f34b5d25e,3fe3f95b759ac932040fa128a84e41f5,2018-05-22 13:33:47,189.0,13,2018-05-15 12:29:55
db2956745b3a8e9f3785c99f34b5d25e,5f61b71c278e0e65231c70f058f4ab00,2018-05-23 20:42:04,125.0,14,2018-05-22 13:33:47
db2956745b3a8e9f3785c99f34b5d25e,f62c75a1e0b4e381aab33418a63670a4,2018-05-24 11:53:29,208.0,15,2018-05-23 20:42:04
db2956745b3a8e9f3785c99f34b5d25e,14ddbde8a800125503870bcad59d2851,2018-05-24 12:34:45,189.0,16,2018-05-24 11:53:29
db2956745b3a8e9f3785c99f34b5d25e,ddd20a4c7ae0b71b01db1844ef9659cd,2018-05-30 07:56:59,189.0,17,2018-05-24 12:34:45
db2956745b3a8e9f3785c99f34b5d25e,cdec249ae04873faf01079ca265d7f9c,2018-06-08 11:23:13,125.0,18,2018-05-30 07:56:59
db2956745b3a8e9f3785c99f34b5d25e,214a42323dd7ec45504d319315a1386b,2018-06-08 17:05:16,125.0,19,2018-06-08 11:23:13
db2956745b3a8e9f3785c99f34b5d25e,87c30aa444c21f77f5dcedb637f9ba85,2018-06-11 14:07:58,210.0,20,2018-06-08 17:05:16
db2956745b3a8e9f3785c99f34b5d25e,94a280e9178a824b49777271fdf8e5cc,2018-06-13 08:36:35,210.0,21,2018-06-11 14:07:58
db2956745b3a8e9f3785c99f34b5d25e,ebaa42a79f2add158467770ca61a11e0,2018-06-13 08:50:25,189.0,22,2018-06-13 08:36:35
db2956745b3a8e9f3785c99f34b5d25e,e497f72041dc38eaa6794c1c143e8005,2018-06-17 18:31:33,135.0,23,2018-06-13 08:50:25
db2956745b3a8e9f3785c99f34b5d25e,1f27e2d6350fa9e6b5c41407098c025e,2018-06-18 13:07:18,199.0,24,2018-06-17 18:31:33
db2956745b3a8e9f3785c99f34b5d25e,648eaf43449457fe1ebea319e2fbb2a0,2018-06-25 13:50:14,189.0,25,2018-06-18 13:07:18
db2956745b3a8e9f3785c99f34b5d25e,553ba7f2b59345ea057f5a8062784dfd,2018-06-30 12:22:31,139.0,26,2018-06-25 13:50:14
db2956745b3a8e9f3785c99f34b5d25e,e9aabb11af0ed0b77743b1d0ddd7591c,2018-07-03 19:19:20,159.0,27,2018-06-30 12:22:31
db2956745b3a8e9f3785c99f34b5d25e,2b4b4a22de76a4cc703a9d68cb690bae,2018-07-05 14:55:32,209.0,28,2018-07-03 19:19:20
db2956745b3a8e9f3785c99f34b5d25e,d468753370018732c4766866dfc1878e,2018-07-06 13:58:48,209.0,29,2018-07-05 14:55:32
db2956745b3a8e9f3785c99f34b5d25e,7384cdc62fcd832cd6c6026440c42821,2018-07-09 22:16:25,159.0,30,2018-07-06 13:58:48
db2956745b3a8e9f3785c99f34b5d25e,a02139e1bf51513338d2df19fd5d1d28,2018-07-12 10:49:24,189.0,31,2018-07-09 22:16:25
db2956745b3a8e9f3785c99f34b5d25e,49ac83265a3a9d7d492eb5e1909b485a,2018-07-14 16:05:34,159.0,32,2018-07-12 10:49:24
db2956745b3a8e9f3785c99f34b5d25e,9959dfdd19dcc0fbcabc33723c619d74,2018-07-16 10:56:53,209.0,33,2018-07-14 16:05:34
db2956745b3a8e9f3785c99f34b5d25e,14bbe584b52d7f29efcd5d8b5553af3b,2018-07-18 15:13:06,209.0,34,2018-07-16 10:56:53
db2956745b3a8e9f3785c99f34b5d25e,38eb06edd481856d589bd3beacced42e,2018-07-18 17:10:05,209.0,35,2018-07-18 15:13:06
db2956745b3a8e9f3785c99f34b5d25e,f3d73893c5b2bd8aed47d188dd5484ae,2018-07-22 15:49:31,189.0,36,2018-07-18 17:10:05
db2956745b3a8e9f3785c99f34b5d25e,013aa6ba5077072401773f83f1ee6408,2018-07-25 11:31:15,159.0,37,2018-07-22 15:49:31
db2956745b3a8e9f3785c99f34b5d25e,38cea9cee434d8caeca46e5b63002eb7,2018-08-01 09:27:23,189.0,38,2018-07-25 11:31:15
db2956745b3a8e9f3785c99f34b5d25e,c3fe6314b2bcaa6de6f9611550dfa399,2018-08-03 14:57:40,209.0,39,2018-08-01 09:27:23
db2956745b3a8e9f3785c99f34b5d25e,420fb4457bf13ecb615ef8bd9dacdc03,2018-08-03 20:48:39,209.0,40,2018-08-03 14:57:40
db2956745b3a8e9f3785c99f34b5d25e,5043c2e9366f7600db60c67283a20260,2018-08-06 12:43:36,139.0,41,2018-08-03 20:48:39
db2956745b3a8e9f3785c99f34b5d25e,cf8f3b9530a4074e4282a4dbe3037c0e,2018-08-08 10:57:56,209.0,42,2018-08-06 12:43:36
db2956745b3a8e9f3785c99f34b5d25e,984e03738ab50cbe683fc484c809d5ba,2018-08-08 21:04:15,189.0,43,2018-08-08 10:57:56
db2956745b3a8e9f3785c99f34b5d25e,7a485479dbdf94502e471dbd3329a4e4,2018-08-10 17:09:27,278.0,44,2018-08-08 21:04:15
db2956745b3a8e9f3785c99f34b5d25e,ddb4b2115723295bbe34444bbcb2c1d5,2018-08-10 23:54:45,159.0,45,2018-08-10 17:09:27
dbdd0ec73a4817971d962698f2fea022,e7bedec1d62ead92670286e03350ee2c,2018-04-30 11:04:32,399.0,1,
dbdd0ec73a4817971d962698f2fea022,b9c11245a66f64671df1adef32f114b0,2018-05-15 11:58:40,399.0,2,2018-04-30 11:04:32
dbdd0ec73a4817971d962698f2fea022,d1ca60cfa5b276544043d344ad224285,2018-05-31 10:45:35,399.0,3,2018-05-15 11:58:40
dbdd0ec73a4817971d962698f2fea022,fc44e7440e7fc16100498d1cc7d9c550,2018-06-14 06:39:33,399.0,4,2018-05-31 10:45:35
dbdd0ec73a4817971d962698f2fea022,e1c161cec46262db2bdd7b36d9ee2450,2018-06-14 07:07:06,399.0,5,2018-06-14 06:39:33
dbdd0ec73a4817971d962698f2fea022,fbee7d34e8344a4c1775259e98e9a2a3,2018-06-18 21:38:43,399.0,6,2018-06-14 07:07:06
dbdd0ec73a4817971d962698f2fea022,c41c7711e8d92901517c702f0836ea59,2018-06-27 17:52:31,399.0,7,2018-06-18 21:38:43
dbdd0ec73a4817971d962698f2fea022,601fb7b5c950f370e9b7fa94529b8880,2018-07-05 15:16:59,399.0,8,2018-06-27 17:52:31
dbdd0ec73a4817971d962698f2fea022,42326771e9fef8586133e2e6102f87ca,2018-07-10 10:13:03,399.0,9,2018-07-05 15:16:59
dbdd0ec73a4817971d962698f2fea022,7169bb201e926e2686e974262cd6bcd5,2018-07-11 15:39:55,399.0,10,2018-07-10 10:13:03
dbdd0ec73a4817971d962698f2fea022,db03e36d66c33038ed8d835ca8bee670,2018-07-15 16:25:35,399.0,11,2018-07-11 15:39:55
dbdd0ec73a4817971d962698f2fea022,c9721963d4b95316401d2d75621f353c,2018-07-26 11:39:07,399.0,12,2018-07-15 16:25:35
dbdd0ec73a4817971d962698f2fea022,73e85a295c3028a2283eb8182a8ac56b,2018-07-30 15:43:54,399.0,13,2018-07-26 11:39:07
dbdd0ec73a4817971d962698f2fea022,2b749af514f3e9bd00fb20b105f36a83,2018-08-01 13:19:22,399.0,14,2018-07-30 15:43:54
dbdd0ec73a4817971d962698f2fea022,fae58c4baf50862a273c6ece28f239a3,2018-08-17 15:27:44,399.0,15,2018-08-01 13:19:22
dbdd0ec73a4817971d962698f2fea022,b72f2809724c9676ae9bc68a12d9626d,2018-08-19 21:21:03,399.0,16,2018-08-17 15:27:44
dc50afafdfa325eadc890c7fa42a8f4e,c4ff30289b48ee374152a8c534ee686e,2018-06-25 16:10:17,48.9,1,
dc50afafdfa325eadc890c7fa42a8f4e,35259d97f9642ac14994076aee098f39,2018-07-05 15:41:51,197.5,2,2018-06-25 16:10:17
dc50afafdfa325eadc890c7fa42a8f4e,91c9f456cb2e53af4edc1b33b3bd7f7c,2018-08-08 08:20:20,88.9,3,2018-07-05 15:41:51
dc50afafdfa325eadc890c7fa42a8f4e,76932968baa3f3ec3eb6a11fe79c020f,2018-08-11 10:25:29,88.9,4,2018-08-08 08:20:20
dc64d75cc406bb0697be983831430e60,0194686a55eb0a869321fb107f4d114a,2018-05-22 15:15:50,195.0,1,
dc64d75cc406bb0697be983831430e60,b54fa43051fefab27d1f06b71938062c,2018-06-06 12:33:03,195.0,2,2018-05-22 15:15:50
dc64d75cc406bb0697be983831430e60,0e053aa097eda67e25b3934ef3eca8a8,2018-08-02 12:07:19,195.0,3,2018-06-06 12:33:03
dc64d75cc406bb0697be983831430e60,4ce2a78f4b4b1166f0e04bbdc825f7b3,2018-08-16 09:41:52,228.0,4,2018-08-02 12:07:19
dc7192adf8ba09569261f4a8d576afe0,cb78dafa7c2ca5d9eafdc6f02cd4f3b7,2018-07-22 19:49:25,63.0,1,
dc7192adf8ba09569261f4a8d576afe0,56580e29cdcf56834efd1a9eb48e5f35,2018-08-04 10:41:25,98.0,2,2018-07-22 19:49:25
dc7192adf8ba09569261f4a8d576afe0,b7d794a0d512566c47d3ffb585bb3805,2018-08-15 12:20:55,98.0,3,2018-08-04 10:41:25
dc7192adf8ba09569261f4a8d576afe0,bc5c3e5c0d461286c2e22f90ce022e3f,2018-08-15 15:08:44,98.0,4,2018-08-15 12:20:55
dc7192adf8ba09569261f4a8d576afe0,bd61a1bf4bb521167f6718320f9f5508,2018-08-17 21:46:18,358.0,5,2018-08-15 15:08:44
dc7192adf8ba09569261f4a8d576afe0,7c20350eeb926e1c63abe7eddeb439ba,2018-08-21 23:01:28,63.0,6,2018-08-17 21:46:18
dc7192adf8ba09569261f4a8d576afe0,cb0ba38b8d7b0db732a053690b0ad864,2018-08-22 18:50:34,139.0,7,2018-08-21 23:01:28
dd5450b022b2d00a2145a66331e1aef6,c8fb73e3313c12aa7978cd59adbd0a6a,2018-06-29 12:16:28,59.0,1,
dda37071807e404c5bb2a1590c66326f,8edaa376e19d08bc84ab8845682216b4,2018-04-24 08:37:20,199.99,1,
dedcab67899479e4ea5dcc4eba47f587,ce5e27204460fb41a0a6122a50206ebd,2018-06-10 22:28:53,42.0,1,
dedcab67899479e4ea5dcc4eba47f587,92513d9a04507b68515a1866806bcf6c,2018-08-17 17:59:38,42.0,2,2018-06-10 22:28:53
df91910b6a03bb2e3358fa6a35e32f6f,b1973248ff76d9a24f6a8888662de6bd,2018-06-24 09:54:00,219.9,1,
df91910b6a03bb2e3358fa6a35e32f6f,5fbb36c2e55d34d7799cb74e65d73a62,2018-07-03 09:09:36,72.0,2,2018-06-24 09:54:00
df91910b6a03bb2e3358fa6a35e32f6f,cf5dc40ae925414c07d1a74645ced6c2,2018-07-06 14:41:04,219.9,3,2018-07-03 09:09:36
df91910b6a03bb2e3358fa6a35e32f6f,2b0a897dec5e098d39a6aad719ed97a9,2018-07-14 16:42:34,78.0,4,2018-07-06 14:41:04
df91910b6a03bb2e3358fa6a35e32f6f,da3a18a5159dc21786d4f6726fcc51e5,2018-07-24 16:19:55,188.9,5,2018-07-14 16:42:34
df91910b6a03bb2e3358fa6a35e32f6f,19f0b0e6659d4be20f4325ad739ffac6,2018-07-31 00:16:31,264.9,6,2018-07-24 16:19:55
df91910b6a03bb2e3358fa6a35e32f6f,5c60e286915180fdddc17760d914fc1d,2018-08-01 12:57:54,78.0,7,2018-07-31 00:16:31
df91910b6a03bb2e3358fa6a35e32f6f,37404c7e8f026ab1b81aef92a59939b5,2018-08-04 15:27:51,188.9,8,2018-08-01 12:57:54
df91910b6a03bb2e3358fa6a35e32f6f,ab51bb38b6e7c106b180842ccae7c07e,2018-08-08 15:18:04,78.0,9,2018-08-04 15:27:51
df91910b6a03bb2e3358fa6a35e32f6f,bdcf9c2f3ef0c55dc1273dd2c507b0f8,2018-08-09 19:05:30,188.9,10,2018-08-08 15:18:04
df91910b6a03bb2e3358fa6a35e32f6f,198f0c6f61edd39b202f7ca9091f1ece,2018-08-10 14:53:51,78.0,11,2018-08-09 19:05:30
df91910b6a03bb2e3358fa6a35e32f6f,aea6f638ec66f7a8db1a9216ddaaff2b,2018-08-13 10:45:54,218.9,12,2018-08-10 14:53:51
df91910b6a03bb2e3358fa6a35e32f6f,e5700a52207ef266413e9f43a7b0d5f6,2018-08-14 21:21:39,218.9,13,2018-08-13 10:45:54
dfa0c4c6229ab200a4a1336b4d7128ff,29e88d870b2322863f45602dc1a8bd89,2018-05-02 10:23:08,139.0,1,
dfa0c4c6229ab200a4a1336b4d7128ff,19dfd69e0181a3b819c8de433823ee61,2018-05-02 12:18:10,278.0,2,2018-05-02 10:23:08
dfa0c4c6229ab200a4a1336b4d7128ff,7388d450a08d20dd185de187942b7858,2018-05-06 19:58:05,139.0,3,2018-05-02 12:18:10
dfa0c4c6229ab200a4a1336b4d7128ff,21803e14b4e860720b86788c8234ecd0,2018-05-08 05:11:02,29.8,4,2018-05-06 19:58:05
dfa0c4c6229ab200a4a1336b4d7128ff,66cc026722b3407facaaa00f34cfef52,2018-05-09 18:20:48,39.9,5,2018-05-08 05:11:02
dfa0c4c6229ab200a4a1336b4d7128ff,c86cfa96924b46157a36d72bfb543e55,2018-05-14 15:19:02,25.9,6,2018-05-09 18:20:48
dfa0c4c6229ab200a4a1336b4d7128ff,418dd833928c4570f94442ef4c76e55e,2018-05-15 22:43:45,39.9,7,2018-05-14 15:19:02
dfa0c4c6229ab200a4a1336b4d7128ff,143bfc6b9cf902d763549e6764121aaf,2018-05-15 22:50:56,29.9,8,2018-05-15 22:43:45
dfa0c4c6229ab200a4a1336b4d7128ff,997aa6af22dd08ccfc5064a112a22aac,2018-05-22 10:31:02,39.0,9,2018-05-15 22:50:56
dfa0c4c6229ab200a4a1336b4d7128ff,32c28df30cefeb8eb92d79d4adba2e1e,2018-05-23 11:48:01,44.0,10,2018-05-22 10:31:02
dfa0c4c6229ab200a4a1336b4d7128ff,1cc4c099fe24689266163670a36d04d7,2018-05-23 12:24:36,25.9,11,2018-05-23 11:48:01
dfa0c4c6229ab200a4a1336b4d7128ff,c83b1508d1ce87e8c380ee3209720f81,2018-05-23 16:00:27,37.9,12,2018-05-23 12:24:36
dfa0c4c6229ab200a4a1336b4d7128ff,9e73206bec0372cd5c586577e7910236,2018-05-24 17:14:00,15.9,13,2018-05-23 16:00:27
dfa0c4c6229ab200a4a1336b4d7128ff,061eb3fa9ee22a8dc3c90060e5a637c9,2018-05-30 12:06:45,49.9,14,2018-05-24 17:14:00
dfa0c4c6229ab200a4a1336b4d7128ff,2ac520de90670f0cb695af6630a00c4a,2018-05-30 15:41:11,78.0,15,2018-05-30 12:06:45
dfa0c4c6229ab200a4a1336b4d7128ff,20f89728b6ca06def7c53881c9b2e502,2018-05-31 13:59:58,23.9,16,2018-05-30 15:41:11
dfa0c4c6229ab200a4a1336b4d7128ff,7adfbf493c629b11e4a3ceb40c136d63,2018-06-02 19:53:55,139.0,17,2018-05-31 13:59:58
dfa0c4c6229ab200a4a1336b4d7128ff,e8c92cfd87f5f0c6d2fc5bc1df5f02b4,2018-06-04 19:07:48,39.0,18,2018-06-02 19:53:55
dfa0c4c6229ab200a4a1336b4d7128ff,f77f2b95a7b6f7fcabbf99ff2c58dbe4,2018-06-06 08:19:13,79.0,19,2018-06-04 19:07:48
dfa0c4c6229ab200a4a1336b4d7128ff,8ea30b70e3e6d110ab6eaec18f0a7269,2018-06-06 14:17:44,65.8,20,2018-06-06 08:19:13
dfa0c4c6229ab200a4a1336b4d7128ff,cf82b80e79a66336306b0c6c151f64ef,2018-06-07 09:12:28,139.0,21,2018-06-06 14:17:44
dfa0c4c6229ab200a4a1336b4d7128ff,c2a6e9e49e5282ea4882c738f6137303,2018-06-07 14:06:40,29.9,22,2018-06-07 09:12:28
dfa0c4c6229ab200a4a1336b4d7128ff,bb8b33cf13619f7da613f72bb3bbc849,2018-06-09 10:51:47,43.0,23,2018-06-07 14:06:40
dfa0c4c6229ab200a4a1336b4d7128ff,a38e4cbdd87e8c456ad46a0c668a5c19,2018-06-09 18:54:50,32.9,24,2018-06-09 10:51:47
dfa0c4c6229ab200a4a1336b4d7128ff,39063491fa316afe415e03eeb554fb4b,2018-06-10 11:23:01,47.9,25,2018-06-09 18:54:50
dfa0c4c6229ab200a4a1336b4d7128ff,2067304dd97d2618d28b09e9ce3637d0,2018-06-10 21:23:13,39.0,26,2018-06-10 11:23:01
dfa0c4c6229ab200a4a1336b4d7128ff,adfb9e0fb02034c05e4cdf3395bba600,2018-06-11 13:54:33,69.0,27,2018-06-10 21:23:13
dfa0c4c6229ab200a4a1336b4d7128ff,b8c3dd0f9bb856afe6bc212d407d20f1,2018-06-11 13:59:10,25.9,28,2018-06-11 13:54:33
dfa0c4c6229ab200a4a1336b4d7128ff,9562a9a598a619a1726397eb5246e623,2018-06-11 15:41:37,26.4,29,2018-06-11 13:59:10
dfa0c4c6229ab200a4a1336b4d7128ff,7ac1f3de2cdc809de6aa1e6719451f53,2018-06-12 09:52:46,21.5,30,2018-06-11 15:41:37
dfa0c4c6229ab200a4a1336b4d7128ff,707e74158c5b971316d037bf93366df5,2018-06-17 20:09:51,79.0,31,2018-06-12 09:52:46
dfa0c4c6229ab200a4a1336b4d7128ff,4c72d41ba4c2afa336f5f612bed714a3,2018-06-19 20:47:43,38.9,32,2018-06-17 20:09:51
dfa0c4c6229ab200a4a1336b4d7128ff,181ff95f97fee531c4afa9e882186f18,2018-06-20 14:16:20,80.69999999999999,33,2018-06-19 20:47:43
dfa0c4c6229ab200a4a1336b4d7128ff,3171f1efdad00e249ba4ba19af1726eb,2018-06-21 08:46:52,39.0,34,2018-06-20 14:16:20
dfa0c4c6229ab200a4a1336b4d7128ff,56259896085ecf2a38806e4f171032c0,2018-06-21 08:48:47,39.0,35,2018-06-21 08:46:52
dfa0c4c6229ab200a4a1336b4d7128ff,26a25b8924d3410c6237cef523646975,2018-06-21 12:30:13,44.0,36,2018-06-21 08:48:47
dfa0c4c6229ab200a4a1336b4d7128ff,0c41735db7b9b04cffb97ff1309cbee4,2018-06-24 18:24:56,39.0,37,2018-06-21 12:30:13
dfa0c4c6229ab200a4a1336b4d7128ff,46bc29944be88ef9dc8d7223421577d0,2018-06-26 23:08:32,44.9,38,2018-06-24 18:24:56
dfa0c4c6229ab200a4a1336b4d7128ff,448e3433c1fdb3dc2678294be291a7ec,2018-06-29 09:30:46,79.0,39,2018-06-26 23:08:32
dfa0c4c6229ab200a4a1336b4d7128ff,dd38bb2616d4486d83368c43f16e04eb,2018-07-01 21:27:17,26.4,40,2018-06-29 09:30:46
dfa0c4c6229ab200a4a1336b4d7128ff,1d400d95c6669247200db54206a74b55,2018-07-04 15:20:14,79.0,41,2018-07-01 21:27:17
dfa0c4c6229ab200a4a1336b4d7128ff,c2320c404179d2b8805c42b8b8de9668,2018-07-04 19:19:21,25.9,42,2018-07-04 15:20:14
dfa0c4c6229ab200a4a1336b4d7128ff,37171240b533064451dd9e3f15e36c9e,2018-07-11 23:21:05,46.9,43,2018-07-04 19:19:21
dfa0c4c6229ab200a4a1336b4d7128ff,135522b6d0ac3390e1386b74d48f957c,2018-07-15 12:57:20,26.4,44,2018-07-11 23:21:05
dfa0c4c6229ab200a4a1336b4d7128ff,dc17a6461db14f3625728b10493ef332,2018-07-15 23:07:38,83.0,45,2018-07-15 12:57:20
dfa0c4c6229ab200a4a1336b4d7128ff,665c6b8e3c77888e2a0c9b64ad905155,2018-07-16 16:03:07,149.0,46,2018-07-15 23:07:38
dfa0c4c6229ab200a4a1336b4d7128ff,d4a27413b758ce1cea90d005252591f9,2018-07-24 22:46:43,26.4,47,2018-07-16 16:03:07
dfa0c4c6229ab200a4a1336b4d7128ff,14e58712c72f8606b985860c5711fdf7,2018-07-26 10:09:26,83.0,48,2018-07-24 22:46:43
dfa0c4c6229ab200a4a1336b4d7128ff,fd7eb2117233aa5ac29e94a28e082077,2018-07-26 10:34:04,52.3,49,2018-07-26 10:09:26
dfa0c4c6229ab200a4a1336b4d7128ff,0dfa86a9022c9929b3d7311150151f68,2018-07-26 20:09:56,65.0,50,2018-07-26 10:34:04
dfa0c4c6229ab200a4a1336b4d7128ff,6f51b9ddebdbc1c999a68bf0cabe83e8,2018-07-27 17:32:55,21.5,51,2018-07-26 20:09:56
dfa0c4c6229ab200a4a1336b4d7128ff,36b12d9500838b05b9b9e8e3e13d2745,2018-07-28 16:48:39,26.4,52,2018-07-27 17:32:55
dfa0c4c6229ab200a4a1336b4d7128ff,cc4400f0310bb2c674d44b2b0f3a6a67,2018-07-28 22:14:06,26.4,53,2018-07-28 16:48:39
dfa0c4c6229ab200a4a1336b4d7128ff,289a8144990935d17cbf39c255cd4d3e,2018-07-29 11:42:01,39.0,54,2018-07-28 22:14:06
dfa0c4c6229ab200a4a1336b4d7128ff,a1b499a72aca650e451a357f1eb45c03,2018-07-29 15:44:15,36.5,55,2018-07-29 11:42:01
dfa0c4c6229ab200a4a1336b4d7128ff,57665b3fb0f04270d6b333c9d1f80a61,2018-07-30 11:22:32,25.9,56,2018-07-29 15:44:15
dfa0c4c6229ab200a4a1336b4d7128ff,2446a642fca6873ebfd22332c6657732,2018-08-02 12:07:08,44.0,57,2018-07-30 11:22:32
dfa0c4c6229ab200a4a1336b4d7128ff,265a8ba29224f47c0476cfcfa6986f77,2018-08-02 18:05:00,36.9,58,2018-08-02 12:07:08
dfa0c4c6229ab200a4a1336b4d7128ff,fcc1d095fad4806c94b96c7bbe51188d,2018-08-02 20:24:15,39.0,59,2018-08-02 18:05:00
dfa0c4c6229ab200a4a1336b4d7128ff,6f38fec8657ada8f58c577f4a4d772f9,2018-08-05 17:47:16,36.5,60,2018-08-02 20:24:15
dfa0c4c6229ab200a4a1336b4d7128ff,b66034dfd4925b13cbe0fad3f068e618,2018-08-08 14:01:48,79.0,61,2018-08-05 17:47:16
dfa0c4c6229ab200a4a1336b4d7128ff,c8519a6f2d214cfedb5803e64f8dab15,2018-08-08 15:04:25,199.0,62,2018-08-08 14:01:48
dfa0c4c6229ab200a4a1336b4d7128ff,7cb0462fe3de278ba58f5ae3e6bdac4d,2018-08-08 23:32:31,26.9,63,2018-08-08 15:04:25
dfa0c4c6229ab200a4a1336b4d7128ff,83e57ebcbcf567c776aeb9c96f9181f3,2018-08-09 15:05:05,189.0,64,2018-08-08 23:32:31
dfa0c4c6229ab200a4a1336b4d7128ff,aaa7c75bbfad7c018b58b3e3ce3921ec,2018-08-09 20:34:22,189.0,65,2018-08-09 15:05:05
dfa0c4c6229ab200a4a1336b4d7128ff,da6723418eaa03813473e0e15a72e425,2018-08-11 22:14:01,36.9,66,2018-08-09 20:34:22
dfa0c4c6229ab200a4a1336b4d7128ff,f1460ccc2a627656b01d6b9301f66c5a,2018-08-13 18:39:22,189.0,67,2018-08-11 22:14:01
dfa0c4c6229ab200a4a1336b4d7128ff,c36fb6428310de9e2e53d78caee5baf1,2018-08-15 15:51:11,39.0,68,2018-08-13 18:39:22
dfa0c4c6229ab200a4a1336b4d7128ff,cb12d32a82abfd6f2d13581b3c8e3e80,2018-08-15 17:01:48,79.0,69,2018-08-15 15:51:11
dfa0c4c6229ab200a4a1336b4d7128ff,3e92e84e557bec2d9fa0d853b3e855e1,2018-08-19 11:52:24,44.9,70,2018-08-15 17:01:48
dfa0c4c6229ab200a4a1336b4d7128ff,e9057cc32091bc1e10940df4a6f08333,2018-08-19 14:22:30,25.9,71,2018-08-19 11:52:24
dfa0c4c6229ab200a4a1336b4d7128ff,446f7424265f98943549eb1cb79eceed,2018-08-19 19:09:13,63.0,72,2018-08-19 14:22:30
dfa0c4c6229ab200a4a1336b4d7128ff,1cd147d1c0fe18f3b742a353396c44a7,2018-08-20 17:04:34,84.0,73,2018-08-19 19:09:13
dfa0c4c6229ab200a4a1336b4d7128ff,2ea2d6cf4749783ad428586c538b4580,2018-08-20 20:33:03,83.0,74,2018-08-20 17:04:34
dfa0c4c6229ab200a4a1336b4d7128ff,26309b9af9801e215252ef79be51f75a,2018-08-22 15:26:48,48.0,75,2018-08-20 20:33:03
dfa0c4c6229ab200a4a1336b4d7128ff,a9a67deaaaa7e71d9a725e722a09e22b,2018-08-22 17:47:25,26.4,76,2018-08-22 15:26:48
dfa0c4c6229ab200a4a1336b4d7128ff,c736eebe212e3065b4ca629fb98389f8,2018-08-23 07:36:13,63.0,77,2018-08-22 17:47:25
e0a3c37054ade6478d923a6efc10f308,95807754346c1a01b8040f29f42f74d7,2018-07-03 20:23:05,109.9,1,
e0a3c37054ade6478d923a6efc10f308,99a3d4b1228bc02abf9eec5d9a7a742d,2018-07-17 21:05:10,109.9,2,2018-07-03 20:23:05
e1643dff33666ca629e3644c02738179,b4ed4f83279457b6eae0d4c1c9ee8aa2,2018-05-11 00:09:19,33.0,1,
e1643dff33666ca629e3644c02738179,d3a304fb1d9ad51a7a3b9d23e7d82bbf,2018-05-26 13:08:53,33.0,2,2018-05-11 00:09:19
e1643dff33666ca629e3644c02738179,267e7e0b0615d34fa4c39c0a97cee1d5,2018-05-28 21:16:13,104.0,3,2018-05-26 13:08:53
e1c76f339ebd5460999f25a2aa8c92c5,0d8e03520c1b877edaf5ef24f7abb5cb,2018-05-12 17:51:47,899.9,1,
e1dc0754bada9ee4cfe9713f22f61292,52334e03e9dc25babfc8207b509b2acc,2018-06-13 18:23:39,45.0,1,
e1dc0754bada9ee4cfe9713f22f61292,f7dcd88b218022d33734106bf56e3165,2018-06-29 09:00:33,80.0,2,2018-06-13 18:23:39
e1dc0754bada9ee4cfe9713f22f61292,697dd6059b52ae362ff66b900faebc21,2018-07-02 11:31:09,65.0,3,2018-06-29 09:00:33
e1dc0754bada9ee4cfe9713f22f61292,c72933a2493f0ce8b9631656d78520fd,2018-07-05 20:51:02,65.0,4,2018-07-02 11:31:09
e1dc0754bada9ee4cfe9713f22f61292,c0bcb62c1eb5956ed1d7cd6a8c80ed47,2018-07-16 18:40:11,65.0,5,2018-07-05 20:51:02
e1dc0754bada9ee4cfe9713f22f61292,72729c533aa3957ddd96bcbc9237a49b,2018-07-23 10:23:27,110.0,6,2018-07-16 18:40:11
e1dc0754bada9ee4cfe9713f22f61292,5b15d222685ac39d3110c61bff09b6e6,2018-07-23 17:13:29,110.0,7,2018-07-23 10:23:27
e1dc0754bada9ee4cfe9713f22f61292,95a73758f9a0f238d54fbdcc11617ee4,2018-08-01 16:16:39,85.0,8,2018-07-23 17:13:29
e1dc0754bada9ee4cfe9713f22f61292,06a398a5e672222b10f098541b70da76,2018-08-09 06:54:16,65.0,9,2018-08-01 16:16:39
e1dc0754bada9ee4cfe9713f22f61292,69ad607f304efff8c01f1d47e95c2f58,2018-08-14 14:08:32,65.0,10,2018-08-09 06:54:16
e1dc0754bada9ee4cfe9713f22f61292,b115422b830bf2840fccf6f0d6678ab2,2018-08-16 13:09:43,65.0,11,2018-08-14 14:08:32
e1dc0754bada9ee4cfe9713f22f61292,6940c4da07984a3f1986bff00cc21ef2,2018-08-20 14:38:06,65.0,12,2018-08-16 13:09:43
e250d617a0ad591ba9bd663e584a895d,dd4cd6ebc3cef5658a5a0b35c7d5e417,2018-02-26 19:29:46,192.95000000000002,1,
e250d617a0ad591ba9bd663e584a895d,7af8a0c8e4cb2beca3bd2f5e3f4cf340,2018-04-06 11:08:36,49.9,2,2018-02-26 19:29:46
e250d617a0ad591ba9bd663e584a895d,9bdf94af058f959fbc09c3ea1eb32465,2018-04-19 11:17:55,108.24,3,2018-04-06 11:08:36
e250d617a0ad591ba9bd663e584a895d,e9240e3e8bd5fbca3e55e993b597b512,2018-06-18 15:51:10,57.32,4,2018-04-19 11:17:55
e250d617a0ad591ba9bd663e584a895d,aaabf43feb9498d9de4588eb73231c25,2018-06-20 22:07:30,14.33,5,2018-06-18 15:51:10
e250d617a0ad591ba9bd663e584a895d,63514fae43596b11a770416049c86856,2018-07-12 10:59:24,131.0,6,2018-06-20 22:07:30
e250d617a0ad591ba9bd663e584a895d,1f039c377ad805f38658f64f2102c992,2018-08-09 08:16:06,275.31,7,2018-07-12 10:59:24
e250d617a0ad591ba9bd663e584a895d,c2cc8d0823730be302a4ebe1d96339fe,2018-08-21 10:47:37,75.07,8,2018-08-09 08:16:06
e433f5fd4050e3352b5d83522b7fe24b,2ebbf6f8d62476a737f41cd9c8679e5f,2018-08-23 11:45:59,548.06,1,
e504a4e2efaa45cbff7e268a2c58c956,da8a467adbbefd95aa37ebb91e4d3640,2018-05-14 17:58:27,99.9,1,
e504a4e2efaa45cbff7e268a2c58c956,cbbac32b13e7fbbcc8e815705213e1e0,2018-05-31 11:16:12,99.9,2,2018-05-14 17:58:27
e504a4e2efaa45cbff7e268a2c58c956,4d9d469ff1df648081f3e7648d24e82f,2018-06-05 23:03:53,99.9,3,2018-05-31 11:16:12
e504a4e2efaa45cbff7e268a2c58c956,e009b6b041176283c1422066465c9080,2018-06-25 14:44:03,99.9,4,2018-06-05 23:03:53
e504a4e2efaa45cbff7e268a2c58c956,ab9a2911bde46933de19f0eef001d3d9,2018-07-25 23:52:56,199.8,5,2018-06-25 14:44:03
e504a4e2efaa45cbff7e268a2c58c956,3e43e4dedffaf5c15e579786d0b5317f,2018-08-03 15:37:56,99.9,6,2018-07-25 23:52:56
e504a4e2efaa45cbff7e268a2c58c956,9c78e72b5160190f45195d6ecf7875dc,2018-08-08 17:09:38,99.9,7,2018-08-03 15:37:56
e504a4e2efaa45cbff7e268a2c58c956,3016d3537e78284991256efc878941ec,2018-08-10 22:51:23,99.9,8,2018-08-08 17:09:38
e504a4e2efaa45cbff7e268a2c58c956,912013de8efa1e912b59b103a537071f,2018-08-13 10:22:22,99.9,9,2018-08-10 22:51:23
e504a4e2efaa45cbff7e268a2c58c956,80bef000a2d88b3b23fab45c546c67ff,2018-08-15 10:11:11,89.9,10,2018-08-13 10:22:22
e58a5b390e28abc0b216cfb0e07d27d7,9af6969948e200d06da8a823d774095d,2018-04-25 19:54:53,69.9,1,
e58a5b390e28abc0b216cfb0e07d27d7,c4e8de1b1ec983e061c3ff765be41405,2018-04-25 22:21:30,69.9,2,2018-04-25 19:54:53
e58a5b390e28abc0b216cfb0e07d27d7,c6efa28cb2f5d8167ce942fc7f5e6a4d,2018-04-26 09:52:53,69.9,3,2018-04-25 22:21:30
e58a5b390e28abc0b216cfb0e07d27d7,1473319e2ff85803b7e969a788740cda,2018-07-10 23:41:08,69.9,4,2018-04-26 09:52:53
e58a5b390e28abc0b216cfb0e07d27d7,67899dac84e7e591ff0edc0d1dd0574e,2018-08-04 23:40:50,105.0,5,2018-07-10 23:41:08
e58a5b390e28abc0b216cfb0e07d27d7,17be127e33c5c47d99de1dd43f35c951,2018-08-08 22:33:02,319.0,6,2018-08-04 23:40:50
e58a5b390e28abc0b216cfb0e07d27d7,cd94df7a0a839741782e115e9cb997fe,2018-08-09 10:30:41,319.0,7,2018-08-08 22:33:02
e5cbe890e679490127e9a390b46bbd20,19a446583991325bc207214763eea124,2018-06-11 22:31:34,329.99,1,
e5cbe890e679490127e9a390b46bbd20,b75ec2d4ba9e40634c65c4b6be946b6c,2018-08-19 20:04:58,579.0,2,2018-06-11 22:31:34
e819bcfade7b5d88a27325eb6cfd62c5,bd80a1b56163c6fcce585462d490ab36,2018-07-20 14:35:51,35.8,1,
e819bcfade7b5d88a27325eb6cfd62c5,09ec142bfa34576d3914bdf8c19927c2,2018-07-20 16:25:59,47.699999999999996,2,2018-07-20 14:35:51
e819bcfade7b5d88a27325eb6cfd62c5,4ec2eea90506ad5dd1284a1a7e4cafee,2018-07-26 10:29:03,29.9,3,2018-07-20 16:25:59
e819bcfade7b5d88a27325eb6cfd62c5,cdf713b645faa55bba5c66e66aeef41e,2018-08-15 22:05:09,17.9,4,2018-07-26 10:29:03
e819bcfade7b5d88a27325eb6cfd62c5,5601fa41e5818b9941a6bdd21978b6ac,2018-08-20 23:35:44,71.6,5,2018-08-15 22:05:09
e8dba4d70f7f2b20e775d09cae01142d,dbbb8658d9a27d2be4cefb9a9a5d9e33,2018-05-29 21:59:03,74.99,1,
e8dba4d70f7f2b20e775d09cae01142d,46756e8b057947b9f69b5a70f084817f,2018-06-08 20:39:16,74.99,2,2018-05-29 21:59:03
e8dba4d70f7f2b20e775d09cae01142d,af267dd4b62acc26802a30eef78e7afb,2018-06-13 11:40:00,74.99,3,2018-06-08 20:39:16
e8dba4d70f7f2b20e775d09cae01142d,d7a4dd36126c5376d72caabe9d482682,2018-07-17 09:25:25,59.99,4,2018-06-13 11:40:00
e8dba4d70f7f2b20e775d09cae01142d,71435a06cf53842e055368f881a38b61,2018-07-25 15:40:26,239.99,5,2018-07-17 09:25:25
e8dba4d70f7f2b20e775d09cae01142d,aeb70ca14a984230b34a6cbf48fe6d8a,2018-07-26 08:52:34,93.99,6,2018-07-25 15:40:26
e8dba4d70f7f2b20e775d09cae01142d,88543da9ad238e70098166896bf9ea06,2018-08-14 10:47:21,74.99,7,2018-07-26 08:52:34
e8dba4d70f7f2b20e775d09cae01142d,b77f53899c1c8e0a22ad60800bc4f214,2018-08-15 03:24:22,74.99,8,2018-08-14 10:47:21
e8dba4d70f7f2b20e775d09cae01142d,a2ae845d7d4ef0baf31d017fe7979483,2018-08-21 12:20:19,86.99,9,2018-08-15 03:24:22
e94b64dc6979b302a5a5be1662c83bb6,7c9b63669cf62dd8d1ed4d40d5bf953a,2018-07-01 12:21:19,182.72,1,
e94b64dc6979b302a5a5be1662c83bb6,418764469a9e73f76f56783c1863bd05,2018-07-03 19:34:23,124.17,2,2018-07-01 12:21:19
e9c2dc0dd4ac38448289be644ac94f42,31a200fac55455bb8b28d747b21cfb83,2018-07-03 23:37:11,69.9,1,
e9c2dc0dd4ac38448289be644ac94f42,ba4de00b613fe6fce59f7c7d81e49056,2018-07-25 18:48:28,28.5,2,2018-07-03 23:37:11
e9c2dc0dd4ac38448289be644ac94f42,a1265981979b87cfa507c10b94d1931c,2018-08-21 22:39:47,19.99,3,2018-07-25 18:48:28
e9e446d01bd10a97a8ffcfc4a3a20cb2,c046779e1ef14c11e325b9b9a46d610d,2018-06-05 19:53:27,19.9,1,
e9e446d01bd10a97a8ffcfc4a3a20cb2,28cda4e2c431cbb41d153d52ba95f894,2018-07-02 15:00:22,14.75,2,2018-06-05 19:53:27
e9e446d01bd10a97a8ffcfc4a3a20cb2,e677510e2924d4e0abd70deded2cb95e,2018-07-08 19:59:16,16.5,3,2018-07-02 15:00:22
ea4e9ce63a2134743b4a92777437fcdd,ed256dd516630a01186afc04b6af7e11,2018-04-15 15:23:10,167.9,1,
ea4e9ce63a2134743b4a92777437fcdd,66f4ba6099569fe5564621a8afe502da,2018-06-15 20:04:51,48.9,2,2018-04-15 15:23:10
ea4e9ce63a2134743b4a92777437fcdd,b69bd58058e7fc58b745d22ad1c62eb6,2018-08-21 10:00:51,99.8,3,2018-06-15 20:04:51
eb72802c83dc7547529c9546d1a9b8ef,ba74aa11850c74f4e5f8669502a9b569,2018-05-07 20:36:52,44.99,1,
eb72802c83dc7547529c9546d1a9b8ef,cd3b365e8b6d4010dcbd635c071632b9,2018-05-10 21:55:55,174.99,2,2018-05-07 20:36:52
eb72802c83dc7547529c9546d1a9b8ef,fefc60b6174117cb96cd5eeaec4188b5,2018-05-30 13:42:45,182.99,3,2018-05-10 21:55:55
eb72802c83dc7547529c9546d1a9b8ef,9358fba680f53876f817a00afdb320d7,2018-06-14 07:54:37,106.99,4,2018-05-30 13:42:45
eb72802c83dc7547529c9546d1a9b8ef,b4c86abf900a8e53f4b9622532c87ea4,2018-06-21 09:46:27,259.99,5,2018-06-14 07:54:37
eb72802c83dc7547529c9546d1a9b8ef,f2af7540e2b81731609d138b17191794,2018-07-03 12:39:04,44.99,6,2018-06-21 09:46:27
eb72802c83dc7547529c9546d1a9b8ef,f2d47fbf55381cc42d5a3a8afc7f060a,2018-07-17 12:46:20,169.99,7,2018-07-03 12:39:04
eb72802c83dc7547529c9546d1a9b8ef,fbcebc9f75750f9fe8253af3add1ac83,2018-07-27 10:59:09,78.99,8,2018-07-17 12:46:20
eb9267cccc90f1b49c8d2f9887c7dd97,0549a140f31f96d7cafd46b91d604c06,2018-05-06 21:44:22,319.9,1,
ec8463980a4e0ea9f8517aea1ed0c419,c8e2288c4eab2cbafdf32fbde78f5a0e,2018-07-16 16:35:30,59.8,1,
ec8463980a4e0ea9f8517aea1ed0c419,7811343e37a3cbe3fd4755f1a448c765,2018-07-16 22:36:53,179.39999999999998,2,2018-07-16 16:35:30
ed8cb7b190ceb6067227478e48cf8dde,baa6bf9e45e84e1d9659e246e9f99146,2018-07-19 15:36:35,78.45,1,
ed8cb7b190ceb6067227478e48cf8dde,b1829b9fc61d2f28d8668cd5bde29e3f,2018-07-20 01:38:27,17.42,2,2018-07-19 15:36:35
ed8cb7b190ceb6067227478e48cf8dde,928491f9ad93ae20de89668ea4a968e0,2018-07-22 10:18:38,49.98,3,2018-07-20 01:38:27
ed8cb7b190ceb6067227478e48cf8dde,c67c6e7178cff9848b2d6556d1670fd8,2018-07-22 13:32:50,20.09,4,2018-07-22 10:18:38
ed8cb7b190ceb6067227478e48cf8dde,6153dde2f6f01bdd93c35be85fed898d,2018-07-22 15:14:33,49.99,5,2018-07-22 13:32:50
ed8cb7b190ceb6067227478e48cf8dde,37d2697fe30cc343532f58cde9161454,2018-07-22 18:41:47,49.99,6,2018-07-22 15:14:33
ed8cb7b190ceb6067227478e48cf8dde,56e7d463a96db09e951999dd6e74f136,2018-07-22 22:17:53,49.99,7,2018-07-22 18:41:47
ed8cb7b190ceb6067227478e48cf8dde,b35a771164a9defa3b4767f1b66918b1,2018-07-23 00:49:15,21.52,8,2018-07-22 22:17:53
ed8cb7b190ceb6067227478e48cf8dde,0e33201d95dd99ef2fc82d81732957b2,2018-07-23 10:58:50,49.99,9,2018-07-23 00:49:15
ed8cb7b190ceb6067227478e48cf8dde,a89be75924730a39d29149cc159514e1,2018-07-23 16:41:12,14.99,10,2018-07-23 10:58:50
ed8cb7b190ceb6067227478e48cf8dde,53fa17c349c4b3dcbbadd8aad2eb559b,2018-07-27 13:09:23,21.52,11,2018-07-23 16:41:12
ed8cb7b190ceb6067227478e48cf8dde,d94600e5b855ffe8db3b9bc06e21b1bd,2018-07-27 14:33:28,35.06,12,2018-07-27 13:09:23
ed8cb7b190ceb6067227478e48cf8dde,67f38c0b9d8a42541af92de7b6a19ea5,2018-07-27 16:59:35,21.52,13,2018-07-27 14:33:28
ed8cb7b190ceb6067227478e48cf8dde,3329f64391fb9614f91aaa7be306c8bb,2018-07-29 14:00:11,27.99,14,2018-07-27 16:59:35
ed8cb7b190ceb6067227478e48cf8dde,a63d6f123bbccd71286ef76811cb2a3b,2018-08-27 12:39:11,65.0,15,2018-07-29 14:00:11
ee2fbacc2fc3794e656cc4d933d59ce7,15e67a6eec264915cd81f8f57dbacd81,2018-08-07 14:05:50,299.98,1,
ee2fbacc2fc3794e656cc4d933d59ce7,88ebb2a5aa88ce5fd1f73a821e27bb43,2018-08-21 21:36:22,164.99,2,2018-08-07 14:05:50
f049a72cf58fd31b11f8919cade515e7,b1ca84d7c69ec44b1b45786605a47832,2018-07-25 12:03:29,64.0,1,
f049a72cf58fd31b11f8919cade515e7,dda0996054bec18cafa1ede0d62dd3cb,2018-08-03 18:54:39,62.5,2,2018-07-25 12:03:29
f049a72cf58fd31b11f8919cade515e7,f040040c63fb4164125917af2fa6d4b4,2018-08-06 18:48:35,12.25,3,2018-08-03 18:54:39
f0ec78809fe0bc3edb11c9fe5b97b059,4d8333ce7e8cf1184099aeab819da7e5,2018-06-09 12:47:27,24.7,1,
f0ec78809fe0bc3edb11c9fe5b97b059,ee08d8ee1e91201837b8d764336db291,2018-07-18 12:50:16,37.9,2,2018-06-09 12:47:27
f12d3c2a14729ae461b920c11fe20fdc,69f406208d475c59b72a2b884f26c2fb,2018-05-03 20:25:44,19.5,1,
f12d3c2a14729ae461b920c11fe20fdc,06ef029fb5e8d178fae15f909432ccc7,2018-05-11 11:03:37,19.5,2,2018-05-03 20:25:44
f12d3c2a14729ae461b920c11fe20fdc,6a8f2976398f920ad337da439b22b202,2018-05-12 10:53:41,39.15,3,2018-05-11 11:03:37
f12d3c2a14729ae461b920c11fe20fdc,2d13edfc9500d7a00b30da501d70359b,2018-05-31 12:48:26,39.0,4,2018-05-12 10:53:41
f12d3c2a14729ae461b920c11fe20fdc,b0087bdf94b7aaab2e0fb914d1d99d9d,2018-06-22 16:48:29,19.5,5,2018-05-31 12:48:26
f12d3c2a14729ae461b920c11fe20fdc,ed2c99c57389c865c573a025e1d6d34c,2018-06-30 20:30:35,19.5,6,2018-06-22 16:48:29
f12d3c2a14729ae461b920c11fe20fdc,e1291e09e6eacd07121773233376f025,2018-07-11 08:53:14,130.0,7,2018-06-30 20:30:35
f12d3c2a14729ae461b920c11fe20fdc,7a1c3f2e9e141807904c824563abb480,2018-07-26 19:12:28,39.15,8,2018-07-11 08:53:14
f12d3c2a14729ae461b920c11fe20fdc,60b3db6cf502ca52a4a43946008b1600,2018-07-31 20:56:04,39.15,9,2018-07-26 19:12:28
f1b854361f4e15d5851b494df66f22b2,33f3b890664d602ed67bad1fbc454474,2018-04-15 17:02:51,599.9,1,
f1b854361f4e15d5851b494df66f22b2,5b8c38123823347dea1d23abd2635c21,2018-07-04 18:03:19,299.45,2,2018-04-15 17:02:51
f1b854361f4e15d5851b494df66f22b2,807cfbea3c04fa82a5bfda36d63e88d6,2018-07-25 15:35:55,269.45,3,2018-07-04 18:03:19
f1fdf2d13186575751aa25876536d85c,cbd400c51bb65a5b6b76f0d97a5a3547,2018-03-29 21:39:51,26.3,1,
f22a247b79dd22ecd91dc8e3b2a1b07c,ce3306b493edca02b65cedf9da8f0f7d,2018-05-02 15:21:52,39.99,1,
f22a247b79dd22ecd91dc8e3b2a1b07c,29b19fa421fe74d9add3a5988a5231fd,2018-05-14 22:50:22,99.0,2,2018-05-02 15:21:52
f22a247b79dd22ecd91dc8e3b2a1b07c,fbba9a57e45f4bd443598e6548ee329b,2018-05-15 15:24:37,69.99,3,2018-05-14 22:50:22
f22a247b79dd22ecd91dc8e3b2a1b07c,d1a400ce562574516f7678085b06cb43,2018-07-24 13:12:29,120.0,4,2018-05-15 15:24:37
f22a247b79dd22ecd91dc8e3b2a1b07c,eeb52cabd36aa10f5feb6a64e51f8dae,2018-08-07 10:07:19,24.99,5,2018-07-24 13:12:29
f22a247b79dd22ecd91dc8e3b2a1b07c,2bab21da7cb38da9002fcb361c7c046f,2018-08-14 02:46:53,35.99,6,2018-08-07 10:07:19
f22a247b79dd22ecd91dc8e3b2a1b07c,02036bc298ab3c1efc98b116f420d646,2018-08-23 06:32:15,24.99,7,2018-08-14 02:46:53
f22a247b79dd22ecd91dc8e3b2a1b07c,80260d682079b6090c8285b398c50d97,2018-08-23 20:21:35,24.99,8,2018-08-23 06:32:15
f3c38ab652836d21de61fb8314b69182,ba708502fb9111dc0e00caca9c386b21,2018-04-11 13:05:11,360.0,1,
f3c38ab652836d21de61fb8314b69182,943d83bc0b941f91df93c23dcf916cba,2018-04-18 19:41:39,55.0,2,2018-04-11 13:05:11
f3c38ab652836d21de61fb8314b69182,4217849b1ff18a9270fe048eabc4dc45,2018-05-02 09:59:31,59.0,3,2018-04-18 19:41:39
f3c38ab652836d21de61fb8314b69182,6d6552e71bec5188cfa548c7f7094dad,2018-05-04 19:02:15,49.0,4,2018-05-02 09:59:31
f3c38ab652836d21de61fb8314b69182,3efd0db4e238cc683c2e6c2bd7944b97,2018-05-10 20:41:16,28.0,5,2018-05-04 19:02:15
f3c38ab652836d21de61fb8314b69182,444cac26abc4e08633d89fb741c242d8,2018-05-16 00:13:04,49.0,6,2018-05-10 20:41:16
f3c38ab652836d21de61fb8314b69182,7bfe0fc4355e0e894ad862a798e5e186,2018-06-01 18:37:04,25.0,7,2018-05-16 00:13:04
f3c38ab652836d21de61fb8314b69182,633a7a968ccf6b62a1ee53461794613a,2018-06-19 09:41:30,115.0,8,2018-06-01 18:37:04
f3c38ab652836d21de61fb8314b69182,4ba6cf8c58812d65edc6a67cf37c4aeb,2018-06-21 14:25:39,49.0,9,2018-06-19 09:41:30
f3c38ab652836d21de61fb8314b69182,941638a41a3674d12166261747988666,2018-07-05 10:28:04,335.0,10,2018-06-21 14:25:39
f3c38ab652836d21de61fb8314b69182,fffcd46ef2263f404302a634eb57f7eb,2018-07-14 10:26:46,350.0,11,2018-07-05 10:28:04
f3c38ab652836d21de61fb8314b69182,17220c71a949903772f1ed32292ee69f,2018-07-17 18:39:53,17.0,12,2018-07-14 10:26:46
f3c38ab652836d21de61fb8314b69182,97bf8b75ec5d43d2959e1bcc0c9b1fce,2018-07-18 09:22:07,13.0,13,2018-07-17 18:39:53
f3c38ab652836d21de61fb8314b69182,57234dd70be5134da4994cc77f7d7693,2018-07-25 08:25:06,18.0,14,2018-07-18 09:22:07
f3c38ab652836d21de61fb8314b69182,f4c87e038db78ef275deab58f19e5bd2,2018-08-06 17:54:58,59.0,15,2018-07-25 08:25:06
f46490624488d3ff7ce78613913a7711,b2b345cd2633deaf2b69c3b5c5585afa,2018-05-23 13:50:08,53.0,1,
f46490624488d3ff7ce78613913a7711,b6f55e4af06bdd71bdfa6805094331ab,2018-05-23 14:53:11,59.0,2,2018-05-23 13:50:08
f46490624488d3ff7ce78613913a7711,40ff15fd1f4a802dd323bd89a6967b5c,2018-05-31 15:31:29,38.0,3,2018-05-23 14:53:11
f46490624488d3ff7ce78613913a7711,17aafa6538c13ff8fc19c1a54fefedf1,2018-06-07 15:59:31,34.9,4,2018-05-31 15:31:29
f46490624488d3ff7ce78613913a7711,f807d9018684b10d06ca569cdd62c0af,2018-06-07 16:31:25,34.0,5,2018-06-07 15:59:31
f46490624488d3ff7ce78613913a7711,e62ce8112cc3ca14e60e08b4766480fa,2018-06-07 20:40:02,34.99,6,2018-06-07 16:31:25
f46490624488d3ff7ce78613913a7711,e4309eeca1cfe3c6df5a187c38817a5c,2018-06-08 09:11:49,114.9,7,2018-06-07 20:40:02
f46490624488d3ff7ce78613913a7711,0505a29e827a4c609b3fd250c0313bef,2018-06-10 11:08:15,99.9,8,2018-06-08 09:11:49
f46490624488d3ff7ce78613913a7711,4b5509e234ee8143cfdd7a1067f11926,2018-06-10 23:24:43,66.0,9,2018-06-10 11:08:15
f46490624488d3ff7ce78613913a7711,22e3c9bb71d3ba4287ea3efaf617ece8,2018-06-11 10:21:51,19.0,10,2018-06-10 23:24:43
f46490624488d3ff7ce78613913a7711,74ee0534d7473bc5eb71392e31b7bdd5,2018-06-11 21:42:05,34.0,11,2018-06-11 10:21:51
f46490624488d3ff7ce78613913a7711,eafb515f2cbb10b7de674ea74296f619,2018-06-12 19:08:39,197.9,12,2018-06-11 21:42:05
f46490624488d3ff7ce78613913a7711,7a47c118c1f2f25fe139e684610c3b97,2018-06-12 20:08:15,34.0,13,2018-06-12 19:08:39
f46490624488d3ff7ce78613913a7711,3d0ae335b47c67a0251dcf021047517f,2018-06-13 09:29:19,34.9,14,2018-06-12 20:08:15
f46490624488d3ff7ce78613913a7711,e10b891b11ee700f47f7ce3284a25a17,2018-06-13 18:55:43,24.9,15,2018-06-13 09:29:19
f46490624488d3ff7ce78613913a7711,e375ee2412dcd70587fba05eb33d1f1e,2018-06-13 19:35:23,34.9,16,2018-06-13 18:55:43
f46490624488d3ff7ce78613913a7711,8929fce83f27ebe948da9c53dcea6bea,2018-06-13 20:49:51,34.9,17,2018-06-13 19:35:23
f46490624488d3ff7ce78613913a7711,e3ed33286490140b86ee2ac0bebe917a,2018-06-14 13:30:07,104.69999999999999,18,2018-06-13 20:49:51
f46490624488d3ff7ce78613913a7711,b0583ba2feafe957830cec120a4dbfd4,2018-06-15 13:45:49,34.9,19,2018-06-14 13:30:07
f46490624488d3ff7ce78613913a7711,a15d904c9e9cfb9f11a9752fbf1b6a7d,2018-06-16 23:41:53,19.0,20,2018-06-15 13:45:49
f46490624488d3ff7ce78613913a7711,07f970754e737efe221e6349eeb5a8e7,2018-06-18 08:58:54,114.9,21,2018-06-16 23:41:53
f46490624488d3ff7ce78613913a7711,6ede6615bc35ab422df675c8a25de420,2018-06-18 23:05:35,34.0,22,2018-06-18 08:58:54
f46490624488d3ff7ce78613913a7711,cc6581115f5706e74610adf4449e5899,2018-06-19 22:37:17,37.9,23,2018-06-18 23:05:35
f46490624488d3ff7ce78613913a7711,f9b709a84c50f277996aa9f181738b73,2018-06-20 11:44:11,49.9,24,2018-06-19 22:37:17
f46490624488d3ff7ce78613913a7711,777f086f57e89ea16f5b49fbcb4a34a0,2018-06-20 13:45:54,59.9,25,2018-06-20 11:44:11
f46490624488d3ff7ce78613913a7711,68c7b161c0d53a4f67058ca18e0ae6c0,2018-06-22 15:14:28,12.5,26,2018-06-20 13:45:54
f46490624488d3ff7ce78613913a7711,da21b6d40ed0dd45f179419f72f5816c,2018-06-23 10:21:19,197.9,27,2018-06-22 15:14:28
f46490624488d3ff7ce78613913a7711,42df71f66e653cbe9e87913834e59873,2018-06-23 23:00:04,31.9,28,2018-06-23 10:21:19
f46490624488d3ff7ce78613913a7711,ad6ee9479111c0c9b69de241c98009df,2018-06-24 10:53:50,31.9,29,2018-06-23 23:00:04
f46490624488d3ff7ce78613913a7711,3a13ffce1e0ef24cc710957be4cb9054,2018-06-24 17:38:52,34.0,30,2018-06-24 10:53:50
f46490624488d3ff7ce78613913a7711,0d33a1e4f7c4426e2adf540cb219baef,2018-06-24 17:53:16,248.0,31,2018-06-24 17:38:52
f46490624488d3ff7ce78613913a7711,8de5dd99d488cbaf9ecf38e08c08be10,2018-06-25 16:51:54,34.0,32,2018-06-24 17:53:16
f46490624488d3ff7ce78613913a7711,e5dfa353d229de8b9a6e25cda9b03130,2018-06-26 19:47:26,197.9,33,2018-06-25 16:51:54
f46490624488d3ff7ce78613913a7711,01d2fc3e47376926a97ae795036db093,2018-06-27 21:20:18,34.0,34,2018-06-26 19:47:26
f46490624488d3ff7ce78613913a7711,01d90c5856f7551e108f2a0864ff6e54,2018-06-28 17:37:37,69.9,35,2018-06-27 21:20:18
f46490624488d3ff7ce78613913a7711,c6b9d9f3b3e711c1cceadb55a9e02db9,2018-06-28 19:58:39,99.9,36,2018-06-28 17:37:37
f46490624488d3ff7ce78613913a7711,453e9cc0ba76d38f0fa1b213787a92e5,2018-06-29 19:41:56,43.5,37,2018-06-28 19:58:39
f46490624488d3ff7ce78613913a7711,d026317579e25a9dc30205ba3dfe5b96,2018-06-30 21:35:59,99.9,38,2018-06-29 19:41:56
f46490624488d3ff7ce78613913a7711,c77b924863d95e0e69aaec7323c1ed90,2018-07-04 19:04:49,39.9,39,2018-06-30 21:35:59
f46490624488d3ff7ce78613913a7711,d16a738e823500d0eb7b3286b59b316f,2018-07-15 11:16:18,124.9,40,2018-07-04 19:04:49
f46490624488d3ff7ce78613913a7711,975314569c698f3bd86f7f7013f19acf,2018-07-16 12:58:39,59.9,41,2018-07-15 11:16:18
f46490624488d3ff7ce78613913a7711,355b4e6204fe47b46901e1c030255e77,2018-07-17 15:25:43,159.9,42,2018-07-16 12:58:39
f46490624488d3ff7ce78613913a7711,d4ed3d242ba3c0082668360172454c65,2018-07-17 21:17:43,49.9,43,2018-07-17 15:25:43
f46490624488d3ff7ce78613913a7711,811fb2c7e16f59a332b36c2c87798007,2018-07-18 10:08:03,49.9,44,2018-07-17 21:17:43
f46490624488d3ff7ce78613913a7711,1133be08257f4765d8551429f4ad2144,2018-07-20 10:25:59,49.9,45,2018-07-18 10:08:03
f46490624488d3ff7ce78613913a7711,baa1cc285dc359539824dcc3d6799044,2018-07-20 20:10:49,197.9,46,2018-07-20 10:25:59
f46490624488d3ff7ce78613913a7711,2be8f3f9bfd6f4349d7c95dfaa619b21,2018-07-22 22:04:24,39.9,47,2018-07-20 20:10:49
f46490624488d3ff7ce78613913a7711,7c405ba2f3b8dd2c78b2bc4b002def54,2018-07-23 09:53:04,39.9,48,2018-07-22 22:04:24
f46490624488d3ff7ce78613913a7711,e0f9009cf0a83fa9341d61e7052a6e5d,2018-07-24 11:31:05,79.0,49,2018-07-23 09:53:04
f46490624488d3ff7ce78613913a7711,7243abbcc141cf4109c70f6bfbd736ca,2018-07-25 08:50:58,59.9,50,2018-07-24 11:31:05
f46490624488d3ff7ce78613913a7711,b0fc04e9a0f041eda1412e119b4046b4,2018-07-27 15:55:26,78.9,51,2018-07-25 08:50:58
f46490624488d3ff7ce78613913a7711,ee3db58fcad4472bc02859541f6f9a5c,2018-07-29 13:24:46,61.0,52,2018-07-27 15:55:26
f46490624488d3ff7ce78613913a7711,3f5021a01daf8329b31882a467b8da0e,2018-07-31 18:22:05,39.9,53,2018-07-29 13:24:46
f46490624488d3ff7ce78613913a7711,fe784ed3dfc728fd4de44fa9918fe1eb,2018-07-31 18:24:05,39.9,54,2018-07-31 18:22:05
f46490624488d3ff7ce78613913a7711,11b2c36a481a4272681684f4b09ffabe,2018-07-31 22:32:36,49.9,55,2018-07-31 18:24:05
f46490624488d3ff7ce78613913a7711,a29c25c2c9c3100daf48a25880312c23,2018-08-01 02:02:28,199.5,56,2018-07-31 22:32:36
f46490624488d3ff7ce78613913a7711,95602660d1840a734d33125e90ce2b00,2018-08-01 09:13:58,219.49,57,2018-08-01 02:02:28
f46490624488d3ff7ce78613913a7711,79dadf439ff9c9463421094b730899f8,2018-08-02 12:07:04,49.9,58,2018-08-01 09:13:58
f46490624488d3ff7ce78613913a7711,e10c080e6f7f8136087836cadcd26199,2018-08-02 13:38:58,49.9,59,2018-08-02 12:07:04
f46490624488d3ff7ce78613913a7711,209e0537fe66ae1176cef2bc7953aef9,2018-08-02 22:32:05,19.0,60,2018-08-02 13:38:58
f46490624488d3ff7ce78613913a7711,6a9ea3a6a0a791f6c34b8145d6cbd42a,2018-08-04 14:59:29,310.0,61,2018-08-02 22:32:05
f46490624488d3ff7ce78613913a7711,a6ae47718cbf5663cae29d4ed03ba272,2018-08-05 18:13:11,78.9,62,2018-08-04 14:59:29
f46490624488d3ff7ce78613913a7711,aee019a48962151b8f0a5f2667523a69,2018-08-08 12:03:31,37.9,63,2018-08-05 18:13:11
f46490624488d3ff7ce78613913a7711,b1f1b53eff2bcb85d584f05835dd8115,2018-08-08 15:15:17,78.9,64,2018-08-08 12:03:31
f46490624488d3ff7ce78613913a7711,f192c53f0f7a62873a327def931c1b55,2018-08-11 12:27:01,49.9,65,2018-08-08 15:15:17
f46490624488d3ff7ce78613913a7711,4822b9a2b5589396deb0956b2b844afa,2018-08-12 18:06:46,111.8,66,2018-08-11 12:27:01
f46490624488d3ff7ce78613913a7711,573b067a37070f89ee054b516f889171,2018-08-12 23:31:05,79.0,67,2018-08-12 18:06:46
f46490624488d3ff7ce78613913a7711,4b673ab5e166be0e06ffbac98732264b,2018-08-13 16:28:15,37.9,68,2018-08-12 23:31:05
f46490624488d3ff7ce78613913a7711,884b42885f11cac2abce880659eb1b0b,2018-08-14 09:15:11,32.9,69,2018-08-13 16:28:15
f46490624488d3ff7ce78613913a7711,2cba7b5e0e9007f221ab7acf2ca260e3,2018-08-14 12:16:41,37.9,70,2018-08-14 09:15:11
f46490624488d3ff7ce78613913a7711,8506571faf231af2bd4e43d1ba47dce8,2018-08-14 12:25:42,19.0,71,2018-08-14 12:16:41
f46490624488d3ff7ce78613913a7711,def50c71a1a53113fb9d1ad68ee34e4a,2018-08-14 22:51:45,120.49,72,2018-08-14 12:25:42
f46490624488d3ff7ce78613913a7711,adb8036d8a5a923d533101a9a7397523,2018-08-15 22:30:47,27.0,73,2018-08-14 22:51:45
f46490624488d3ff7ce78613913a7711,bfcc7c29cd728eb97a04e55544a978bd,2018-08-16 09:27:20,32.9,74,2018-08-15 22:30:47
f46490624488d3ff7ce78613913a7711,ee9881886ccdd7fb25bf631d38c0fc35,2018-08-16 23:21:34,19.0,75,2018-08-16 09:27:20
f46490624488d3ff7ce78613913a7711,f1c7b00587039ff67fbfd21282067083,2018-08-18 03:48:35,19.0,76,2018-08-16 23:21:34
f46490624488d3ff7ce78613913a7711,07156fa55794dec196d72e6d8b07339a,2018-08-18 13:32:36,120.49,77,2018-08-18 03:48:35
f46490624488d3ff7ce78613913a7711,b915355d5d44aa71d50cf04caeb78a53,2018-08-19 13:52:46,126.0,78,2018-08-18 13:32:36
f46490624488d3ff7ce78613913a7711,32ac00d8c91b3cc4ba82a3444927032d,2018-08-19 15:52:52,34.99,79,2018-08-19 13:52:46
f46490624488d3ff7ce78613913a7711,14849d6088ff7e250be24f360af91c07,2018-08-21 16:39:32,19.0,80,2018-08-19 15:52:52
f88adb15807168d3c43d71021090ce4a,ca88a60b7e43b5f33ce8ec9fdf8d217b,2018-04-23 22:45:21,189.0,1,
f88adb15807168d3c43d71021090ce4a,be9b4aa61bbe31e9d0191e3bfe51723d,2018-08-11 17:13:35,149.9,2,2018-04-23 22:45:21
f88adb15807168d3c43d71021090ce4a,2e1205ef23c9d6445449283ddfe660ad,2018-08-14 18:06:34,149.9,3,2018-08-11 17:13:35
f9ec7093df3a7b346b7bcf7864069ca3,9aa39c76674f9f645b97303b4c2e3cc4,2018-07-05 06:46:44,26.5,1,
f9ec7093df3a7b346b7bcf7864069ca3,9f454dbf0163ac092c95a1e3cf9535cf,2018-07-06 12:58:09,57.0,2,2018-07-05 06:46:44
f9ec7093df3a7b346b7bcf7864069ca3,43e72a87fc0004d7ada32e7c5d72e063,2018-07-07 16:24:11,16.5,3,2018-07-06 12:58:09
f9ec7093df3a7b346b7bcf7864069ca3,c86b551898ce7979ac5f0ce6a4ed3bbb,2018-07-24 17:28:41,158.0,4,2018-07-07 16:24:11
f9ec7093df3a7b346b7bcf7864069ca3,a852cc31ae30e70e308d7e21bcc47990,2018-07-28 00:54:33,10.9,5,2018-07-24 17:28:41
f9ec7093df3a7b346b7bcf7864069ca3,13bc75256bad09f3273a88f49cff00e1,2018-08-13 21:50:00,158.0,6,2018-07-28 00:54:33
f9ec7093df3a7b346b7bcf7864069ca3,b644b094c23f3320d4d8386f40e092b2,2018-08-18 13:21:42,27.8,7,2018-08-13 21:50:00
f9ec7093df3a7b346b7bcf7864069ca3,6bb425cfe5c2338ba1386a0114f7fb50,2018-08-20 19:55:54,47.0,8,2018-08-18 13:21:42
f9ec7093df3a7b346b7bcf7864069ca3,8af910ab3dcf14bd966ba647e2ad995a,2018-08-26 20:08:21,17.5,9,2018-08-20 19:55:54
fac1a9017ade7bdc94058fc1c969f355,c2cd5bc346758b7a8259cc0d1f974824,2018-05-11 15:21:35,218.2,1,
fac1a9017ade7bdc94058fc1c969f355,87b8791f9f3b6cbe168d5109a98766e6,2018-05-23 11:11:20,189.0,2,2018-05-11 15:21:35
fac1a9017ade7bdc94058fc1c969f355,1b900d4d10e97580eee435e3474110c8,2018-05-23 18:32:43,99.9,3,2018-05-23 11:11:20
fac1a9017ade7bdc94058fc1c969f355,613aa65ab0ca25bcfc8ce3812cafae2d,2018-06-22 21:10:38,55.99,4,2018-05-23 18:32:43
fac1a9017ade7bdc94058fc1c969f355,c9f0b297ad32f156608f2db479e1bb06,2018-08-02 12:06:15,200.0,5,2018-06-22 21:10:38
fac1a9017ade7bdc94058fc1c969f355,a1ad76f125118edcc2ba7035e9a59c7c,2018-08-06 09:45:21,287.0,6,2018-08-02 12:06:15
fac1a9017ade7bdc94058fc1c969f355,9d8a5f2bdee14c918feed8f8cae3cf94,2018-08-08 10:50:05,149.0,7,2018-08-06 09:45:21
fac1a9017ade7bdc94058fc1c969f355,5c6684343f4ff2229622ce4745a49788,2018-08-08 17:00:52,797.8,8,2018-08-08 10:50:05
fac1a9017ade7bdc94058fc1c969f355,59e87cfa722bf039f1379c56d0f97e07,2018-08-17 14:01:36,13.95,9,2018-08-08 17:00:52
fadb07c842a2aef5d5a676b85f220e71,b47cd76a21d19af864c8b5c8a255fc47,2018-06-05 13:24:11,21.99,1,
fadb07c842a2aef5d5a676b85f220e71,639b5d8bf7e249da69911af69ff9ec37,2018-06-13 18:25:44,14.9,2,2018-06-05 13:24:11
fadb07c842a2aef5d5a676b85f220e71,b364399a0c864ced54841697ef73235b,2018-07-02 21:24:39,89.9,3,2018-06-13 18:25:44
fadb07c842a2aef5d5a676b85f220e71,d1450bdadbdc63d63930446c31eb91e2,2018-07-17 16:55:03,54.99,4,2018-07-02 21:24:39
fadb07c842a2aef5d5a676b85f220e71,18bcbca4b2c948e7653345492627a1cc,2018-07-30 19:06:05,114.99,5,2018-07-17 16:55:03
fadb07c842a2aef5d5a676b85f220e71,e57c5c4eb04e271f8cb3de347b910287,2018-07-31 15:42:30,79.99,6,2018-07-30 19:06:05
fadb07c842a2aef5d5a676b85f220e71,056793ca2483a5d5943cb5bd90f5b314,2018-08-27 15:04:59,21.99,7,2018-07-31 15:42:30
fcdd820084f17e9982427971e4e9d47f,9646824929f3639e4b1733a40e3ae25a,2018-03-07 15:15:15,145.0,1,
fcdd820084f17e9982427971e4e9d47f,a0b7e79b8a0c48aa2f4112b356be6e01,2018-03-15 13:30:19,380.0,2,2018-03-07 15:15:15
fcdd820084f17e9982427971e4e9d47f,74fd9aa6d4102f38e2b085158abd7541,2018-03-16 15:00:02,130.0,3,2018-03-15 13:30:19
fcdd820084f17e9982427971e4e9d47f,c0ee5f2d4262c6c761676c64b025d074,2018-03-17 14:37:01,190.0,4,2018-03-16 15:00:02
fcdd820084f17e9982427971e4e9d47f,a2a216a3b0034fa46d13dfa2ef86a62c,2018-03-21 09:25:26,190.0,5,2018-03-17 14:37:01
fcdd820084f17e9982427971e4e9d47f,21608598d187cb9b14e7b81978c0e6bb,2018-03-24 19:02:15,130.0,6,2018-03-21 09:25:26
fcdd820084f17e9982427971e4e9d47f,65d13486abbd44fdd686246bc21c5b75,2018-04-06 11:28:12,190.0,7,2018-03-24 19:02:15
fcdd820084f17e9982427971e4e9d47f,fa516182d28f96f5f5c651026b0749ee,2018-04-13 08:44:17,190.0,8,2018-04-06 11:28:12
fcdd820084f17e9982427971e4e9d47f,b600d406784f1f3c7f6129e10cae215b,2018-04-20 17:21:55,190.0,9,2018-04-13 08:44:17
fcdd820084f17e9982427971e4e9d47f,198d8b83646f4c7c43be3a2e59364f1a,2018-05-08 15:15:02,370.0,10,2018-04-20 17:21:55
fcdd820084f17e9982427971e4e9d47f,214a1170088762989ff5bf58d3e8dff2,2018-05-13 00:10:01,190.0,11,2018-05-08 15:15:02
fcdd820084f17e9982427971e4e9d47f,cecab9a50124b827ad862cb191df18a8,2018-05-15 10:07:37,130.0,12,2018-05-13 00:10:01
fcdd820084f17e9982427971e4e9d47f,e332eda82fe7ca4e86daf4f71ca785df,2018-06-05 14:38:19,1330.0,13,2018-05-15 10:07:37
fcdd820084f17e9982427971e4e9d47f,6538c9e08179995c8f73f5ab8ce6e9f8,2018-07-13 12:00:52,315.0,14,2018-06-05 14:38:19
fcdd820084f17e9982427971e4e9d47f,3a1bb0dc36e0f0989d1482a7c1947de9,2018-07-13 13:14:25,143.99,15,2018-07-13 12:00:52
fcdd820084f17e9982427971e4e9d47f,34ae480fe2cec3fa921d33b72b32572a,2018-08-17 11:15:25,570.0,16,2018-07-13 13:14:25
fd435faa3c0422b60440ea3480d0e77c,f19aee0ec494fa468b59ae57ea6af345,2018-08-20 07:36:53,749.0,1,
fe87f472055fbcf1d7e691c00b1560dc,b05a481ceefdd66e3102bcb9549ad2de,2018-05-07 13:09:18,299.0,1,
fe87f472055fbcf1d7e691c00b1560dc,465c942a1c3029a759415e862204114f,2018-05-07 21:57:29,299.0,2,2018-05-07 13:09:18
fe87f472055fbcf1d7e691c00b1560dc,a7e777244d28c9330d778b6626beb029,2018-05-14 18:38:17,179.0,3,2018-05-07 21:57:29
fe87f472055fbcf1d7e691c00b1560dc,91d2f27275e4aa9d45bca67efd2db2eb,2018-05-19 10:17:44,179.0,4,2018-05-14 18:38:17
fe87f472055fbcf1d7e691c00b1560dc,b779a9b1774b12944ab77d39b831f151,2018-08-19 20:53:28,64.9,5,2018-05-19 10:17:44
fe87f472055fbcf1d7e691c00b1560dc,99902f632e0a578e6995f6291e0e6cb8,2018-08-19 21:44:37,64.9,6,2018-08-19 20:53:28
ffa6adafb71b807dc13159e26431354c,687114e8d86b372c3c02f33833df2383,2018-03-16 07:38:09,89.0,1,
ffa6adafb71b807dc13159e26431354c,b70b8b3007ddfc929dca4a5c3a183853,2018-03-22 14:19:08,169.0,2,2018-03-16 07:38:09
ffa6adafb71b807dc13159e26431354c,a79ff94e2b619ada69ba93bda509dabf,2018-03-28 18:55:02,89.0,3,2018-03-22 14:19:08
ffa6adafb71b807dc13159e26431354c,9697d444ca3929fa6e055592b45a8033,2018-04-07 15:34:33,159.0,4,2018-03-28 18:55:02
ffa6adafb71b807dc13159e26431354c,17536c16762f9a7287c3bbf5f2262008,2018-04-21 02:26:31,159.0,5,2018-04-07 15:34:33
ffa6adafb71b807dc13159e26431354c,fba03bf5e3db2585caab95fb6ef71c45,2018-04-22 01:19:36,159.0,6,2018-04-21 02:26:31
ffa6adafb71b807dc13159e26431354c,8d4d21fb1ce7b5b4e78d264feb534aee,2018-04-26 17:12:17,159.0,7,2018-04-22 01:19:36
ffa6adafb71b807dc13159e26431354c,390a142c6e05da81665de637c8460ca9,2018-04-30 19:52:38,147.0,8,2018-04-26 17:12:17
ffa6adafb71b807dc13159e26431354c,d2816e182d8750e410a4288b16a9ecd6,2018-05-04 12:44:54,179.0,9,2018-04-30 19:52:38
ffa6adafb71b807dc13159e26431354c,2533ad1fecbc15eab2fab48ddc699954,2018-05-15 08:43:44,109.0,10,2018-05-04 12:44:54
ffa6adafb71b807dc13159e26431354c,aad4cc3a0a8f37c519c7d72ea429c11d,2018-05-16 12:41:05,109.0,11,2018-05-15 08:43:44
ffa6adafb71b807dc13159e26431354c,0919371859b3150228068cde3b07c122,2018-06-04 20:59:42,109.0,12,2018-05-16 12:41:05
ffa6adafb71b807dc13159e26431354c,c08a3a0b0a729cc378e7a36ebf5e9a95,2018-06-26 01:07:23,350.0,13,2018-06-04 20:59:42
ffa6adafb71b807dc13159e26431354c,c5eb69f42fab03c99f0c0465a6e14723,2018-08-03 08:36:51,127.0,14,2018-06-26 01:07:23
ffa6adafb71b807dc13159e26431354c,2078512e84c5104a45f4a1b80cce3ed1,2018-08-06 18:01:54,99.9,15,2018-08-03 08:36:51
ffa6adafb71b807dc13159e26431354c,a6d412851f5ec3967d9664d3654be93f,2018-08-13 08:34:05,149.0,16,2018-08-06 18:01:54
ffa6adafb71b807dc13159e26431354c,f6ad54b5be9c3a496973acd1b1c8b714,2018-08-13 14:18:44,139.0,17,2018-08-13 08:34:05
ffad1e7127fb622cb64a900751590acd,081dff6255d4b75937a72577339b2728,2018-03-13 14:21:08,35.6,1,
ffad1e7127fb622cb64a900751590acd,dda3f9f30f216722d8012c30ba016663,2018-04-06 13:22:26,200.0,2,2018-03-13 14:21:08
ffad1e7127fb622cb64a900751590acd,58a119245f2e512b9b05bec10cc8c1c6,2018-05-18 13:51:15,70.0,3,2018-04-06 13:22:26
ffad1e7127fb622cb64a900751590acd,188dd1b2a12d06a4d0ba5ca87ff47efa,2018-05-23 09:38:29,71.2,4,2018-05-18 13:51:15
ffad1e7127fb622cb64a900751590acd,d522ea055ceb7a828b6a82e266837784,2018-06-09 13:27:06,65.0,5,2018-05-23 09:38:29
ffad1e7127fb622cb64a900751590acd,03368cf33950e57f7da415d43f792e0d,2018-06-26 09:15:20,102.5,6,2018-06-09 13:27:06
ffad1e7127fb622cb64a900751590acd,28fba8f2991648a76b354b784394b466,2018-06-29 16:47:39,100.0,7,2018-06-26 09:15:20
ffad1e7127fb622cb64a900751590acd,2305a735f5b64c8b4e0e7e3d64b5a39f,2018-07-06 08:52:47,65.0,8,2018-06-29 16:47:39
ffad1e7127fb622cb64a900751590acd,6012c4f6717daddf50ae413224098301,2018-07-09 12:39:21,75.0,9,2018-07-06 08:52:47
ffad1e7127fb622cb64a900751590acd,61c77cbdc7ac0a0ded411b067c32baf8,2018-07-14 17:40:59,100.0,10,2018-07-09 12:39:21
ffc470761de7d0232558ba5e786e57b7,32f388f8cf046166d6cce5d0980f051d,2018-02-20 18:47:21,29.9,1,
ffc470761de7d0232558ba5e786e57b7,86661cdf65d5e08c3dc14b073c101d68,2018-02-24 10:35:46,24.9,2,2018-02-20 18:47:21
ffc470761de7d0232558ba5e786e57b7,24267e9ef015f70b3384d69836dbc301,2018-02-26 16:59:22,54.9,3,2018-02-24 10:35:46
ffc470761de7d0232558ba5e786e57b7,3f68045e9395c1a77fc095c052080b71,2018-02-28 15:28:14,245.9,4,2018-02-26 16:59:22
ffc470761de7d0232558ba5e786e57b7,9d8c6f79d9f09d4c2660103c070c823f,2018-02-28 21:01:29,29.99,5,2018-02-28 15:28:14
ffc470761de7d0232558ba5e786e57b7,4b4b94ef72b5f4fe86ce88a01b54e7a7,2018-03-06 15:37:16,169.98,6,2018-02-28 21:01:29
ffc470761de7d0232558ba5e786e57b7,146a8097be73570f2318c78e5b16b91b,2018-04-03 17:01:17,29.88,7,2018-03-06 15:37:16
ffc470761de7d0232558ba5e786e57b7,f7975233cce5d29114cc23919f1cc8d4,2018-04-09 16:12:20,56.9,8,2018-04-03 17:01:17
ffc470761de7d0232558ba5e786e57b7,e88f34a80788f768c175e94c622d7559,2018-04-11 13:22:20,60.1,9,2018-04-09 16:12:20
ffc470761de7d0232558ba5e786e57b7,18d97970f63e7ee06cc61aabb05cb6b6,2018-04-16 13:46:39,56.9,10,2018-04-11 13:22:20
ffc470761de7d0232558ba5e786e57b7,e1a3812afec72cd377060bfcf9dbf91e,2018-04-21 11:52:55,24.98,11,2018-04-16 13:46:39
ffc470761de7d0232558ba5e786e57b7,bc3d816db1aa7215dbde5b1b00d3d32b,2018-05-15 22:54:51,28.62,12,2018-04-21 11:52:55
ffc470761de7d0232558ba5e786e57b7,e2a75ceae52579f722b2dedbdef56e20,2018-05-16 11:39:02,55.08,13,2018-05-15 22:54:51
ffc470761de7d0232558ba5e786e57b7,7171245263ae4ceed011a77aed7d612d,2018-05-16 18:09:44,30.05,14,2018-05-16 11:39:02
ffc470761de7d0232558ba5e786e57b7,1c8b4e99b0bc55e61bda13d020efb26d,2018-05-26 12:03:33,112.35000000000001,15,2018-05-16 18:09:44
ffc470761de7d0232558ba5e786e57b7,cab041584e63bfe6a389916c8f469abc,2018-05-28 17:12:26,28.62,16,2018-05-26 12:03:33
ffc470761de7d0232558ba5e786e57b7,6405d2591428fc711391ea2349294706,2018-06-02 11:06:29,24.98,17,2018-05-28 17:12:26
ffc470761de7d0232558ba5e786e57b7,cff26b49480fa8c4917fed0c71a61e21,2018-06-16 18:05:54,119.88,18,2018-06-02 11:06:29
ffc470761de7d0232558ba5e786e57b7,ecb8849b9673c0bc2a510456938b508b,2018-06-27 13:28:51,24.98,19,2018-06-16 18:05:54
ffc470761de7d0232558ba5e786e57b7,01e662008f03009eb9b97f9333fcd6b4,2018-06-30 10:04:41,24.98,20,2018-06-27 13:28:51
ffc470761de7d0232558ba5e786e57b7,001ac194d4a326a6fa99b581e9a3d963,2018-07-04 11:39:11,54.0,21,2018-06-30 10:04:41
ffc470761de7d0232558ba5e786e57b7,19419b6180c4c7b9f57c1753cef7b41f,2018-07-19 11:38:46,26.68,22,2018-07-04 11:39:11
ffc470761de7d0232558ba5e786e57b7,a1b442b97cb70e7207abe3f32a01e3d0,2018-08-01 00:29:18,26.68,23,2018-07-19 11:38:46
ffc470761de7d0232558ba5e786e57b7,d07eb552f514f38f0107ee31243f8104,2018-08-02 12:06:13,54.0,24,2018-08-01 00:29:18
ffc470761de7d0232558ba5e786e57b7,cdbbf42ba3892a989ca5b644ee43db7f,2018-08-03 10:42:40,54.0,25,2018-08-02 12:06:13
ffc470761de7d0232558ba5e786e57b7,4f917f92cc24478eff10b08c7a8d0d3c,2018-08-14 06:25:24,25.9,26,2018-08-03 10:42:40
ffc470761de7d0232558ba5e786e57b7,fae3bd74427278464a08777366ab3f66,2018-08-17 20:31:07,54.0,27,2018-08-14 06:25:24
